2026-09-21 07:40:20	996501847	1500	PJSIP/1010-000131b4	8335121500	20	0	NO ANSWER	Dial	1789987220.79659	1789987220.79659
2026-09-21 07:40:40	996501847	1500	PJSIP/1288-000131b5	8335121500	20	0	NO ANSWER	Dial	1789987220.79659	1789987220.79659
2026-09-21 07:41:00	996501847	1500	PJSIP/1323-000131b6	8335121500	19	0	NO ANSWER	Dial	1789987220.79659	1789987220.79659
2026-09-21 08:13:32	83991585959	1500	PJSIP/1010-0001322b	8335121500	16	0	ANSWERED	Dial	1789989212.79780	1789989212.79780
2026-09-21 08:13:48	83991585959	1500	PJSIP/1454-0001322f	8335121500	147	147	ANSWERED	Dial	1789989212.79780	1789989212.79780
2026-09-21 09:07:02	83993106135	1500	PJSIP/1010-00013374	8335121500	19	0	ANSWERED	Dial	1789992422.80111	1789992422.80111
2026-09-21 09:07:22	83993106135	1500	PJSIP/1454-00013375	8335121500	98	98	ANSWERED	Dial	1789992422.80111	1789992422.80111
2026-09-21 09:20:13	996501847	1500	PJSIP/1010-000133c2	8335121500	20	0	NO ANSWER	Dial	1789993213.80189	1789993213.80189
2026-09-21 09:20:33	996501847	1500	PJSIP/1288-000133c3	8335121500	18	0	NO ANSWER	Dial	1789993213.80189	1789993213.80189
2026-09-21 10:43:13	83996501847	1500	PJSIP/1010-0001359b	8335121500	15	0	ANSWERED	Dial	1789998193.80666	1789998193.80666
2026-09-21 10:43:29	83996501847	1500	PJSIP/1456-000135a1	8335121500	203	203	ANSWERED	Dial	1789998193.80666	1789998193.80666
2026-09-21 11:38:25	83998162591	1500	PJSIP/1010-000136a9	8335121500	20	0	NO ANSWER	Dial	1790001505.80936	1790001505.80936
2026-09-21 11:38:45	83998162591	1500	PJSIP/1288-000136ae	8335121500	20	0	NO ANSWER	Dial	1790001505.80936	1790001505.80936
2026-09-21 11:39:06	83998162591	1500	PJSIP/1323-000136b1	8335121500	4	0	NO ANSWER	Dial	1790001505.80936	1790001505.80936
2026-09-21 11:43:49	83986609151	1500	PJSIP/1010-000136cc	8335121500	15	0	ANSWERED	Dial	1790001829.80971	1790001829.80971
2026-09-21 11:44:04	83986609151	1500	PJSIP/1454-000136cd	8335121500	14	14	ANSWERED	Dial	1790001829.80971	1790001829.80971
2026-09-21 12:03:29	8321810781	1500	PJSIP/1010-00013759	8335121500	5	0	ANSWERED	Dial	1790003009.81112	1790003009.81112
2026-09-21 12:03:34	8321810781	1500	PJSIP/1454-0001375a	8335121500	61	61	ANSWERED	Dial	1790003009.81112	1790003009.81112
2026-09-21 12:13:38	83999134418	1500	PJSIP/1010-00013787	8335121500	20	0	NO ANSWER	Dial	1790003618.81158	1790003618.81158
2026-09-21 12:13:58	83999134418	1500	PJSIP/1288-0001378f	8335121500	7	0	ANSWERED	Dial	1790003618.81158	1790003618.81158
2026-09-21 12:14:06	83999134418	1500	PJSIP/1456-00013792	8335121500	91	91	ANSWERED	Dial	1790003618.81158	1790003618.81158
2026-09-21 13:39:59	83988244006	1500	PJSIP/1010-00013901	8335121500	20	0	NO ANSWER	Dial	1790008799.81546	1790008799.81546
2026-09-21 13:40:20	83988244006	1500	PJSIP/1288-00013904	8335121500	20	0	NO ANSWER	Dial	1790008799.81546	1790008799.81546
2026-09-21 13:40:40	83988244006	1500	PJSIP/1323-0001390b	8335121500	14	0	ANSWERED	Dial	1790008799.81546	1790008799.81546
2026-09-21 13:40:55	83988244006	1500	PJSIP/1454-0001390c	8335121500	55	55	ANSWERED	Dial	1790008799.81546	1790008799.81546
2026-09-21 13:56:18	83999102000	1500	PJSIP/1010-00013972	8335121500	10	0	ANSWERED	Dial	1790009778.81659	1790009778.81659
2026-09-21 13:56:29	83999102000	1500	PJSIP/1456-00013974	8335121500	204	204	ANSWERED	Dial	1790009778.81659	1790009778.81659
2026-09-21 14:04:15	999044437	1500	PJSIP/1010-000139ae	8335121500	7	0	ANSWERED	Dial	1790010255.81721	1790010255.81721
2026-09-21 14:04:22	999044437	1500	PJSIP/1456-000139af	8335121500	59	59	ANSWERED	Dial	1790010255.81721	1790010255.81721
2026-09-21 14:05:28	83991354086	1500	PJSIP/1010-000139b7	8335121500	9	0	ANSWERED	Dial	1790010328.81730	1790010328.81730
2026-09-21 14:05:37	83991354086	1500	PJSIP/1456-000139b8	8335121500	116	116	ANSWERED	Dial	1790010328.81730	1790010328.81730
2026-09-21 14:11:53	83988803250	1500	PJSIP/1010-000139d1	8335121500	7	0	ANSWERED	Dial	1790010713.81758	1790010713.81758
2026-09-21 14:12:01	83988803250	1500	PJSIP/1456-000139d2	8335121500	316	316	ANSWERED	Dial	1790010713.81758	1790010713.81758
2026-09-21 14:13:06	83999102000	1500	PJSIP/1010-000139d8	8335121500	20	0	NO ANSWER	Dial	1790010786.81765	1790010786.81765
2026-09-21 14:13:27	83999102000	1500	PJSIP/1288-000139dc	8335121500	10	0	NO ANSWER	Dial	1790010786.81765	1790010786.81765
2026-09-21 14:36:33	83988803250	1500	PJSIP/1010-00013a1c	8335121500	20	0	NO ANSWER	Dial	1790012193.81835	1790012193.81835
2026-09-21 14:36:53	83988803250	1500	PJSIP/1288-00013a1d	8335121500	20	0	NO ANSWER	Dial	1790012193.81835	1790012193.81835
2026-09-21 14:37:13	83988803250	1500	PJSIP/1323-00013a1e	8335121500	8	0	NO ANSWER	Dial	1790012193.81835	1790012193.81835
2026-09-21 14:39:17	83988803250	1500	PJSIP/1010-00013a2d	8335121500	6	0	ANSWERED	Dial	1790012357.81852	1790012357.81852
2026-09-21 14:39:23	83988803250	1500	PJSIP/1456-00013a2e	8335121500	66	66	ANSWERED	Dial	1790012357.81852	1790012357.81852
2026-09-21 15:47:22	83999165635	1500	PJSIP/1010-00013af1	8335121500	20	0	NO ANSWER	Dial	1790016442.82052	1790016442.82052
2026-09-21 15:47:42	83999165635	1500	PJSIP/1288-00013af2	8335121500	20	0	NO ANSWER	Dial	1790016442.82052	1790016442.82052
2026-09-21 15:48:02	83999165635	1500	PJSIP/1323-00013af3	8335121500	19	0	NO ANSWER	Dial	1790016442.82052	1790016442.82052
2026-09-21 15:48:56	83999165635	1500	PJSIP/1010-00013af5	8335121500	20	0	NO ANSWER	Dial	1790016536.82056	1790016536.82056
2026-09-21 15:49:16	83999165635	1500	PJSIP/1288-00013af6	8335121500	20	0	NO ANSWER	Dial	1790016536.82056	1790016536.82056
2026-09-21 15:49:36	83999165635	1500	PJSIP/1323-00013af9	8335121500	20	0	NO ANSWER	Dial	1790016536.82056	1790016536.82056
2026-09-21 15:49:56	83999165635	1500	PJSIP/1324-00013afa	8335121500	0	0	NO ANSWER	Dial	1790016536.82056	1790016536.82056
2026-09-21 16:08:00	83991207356	1500	PJSIP/1010-00013b14	8335121500	2	0	NO ANSWER	Dial	1790017680.82089	1790017680.82089
2026-09-21 16:52:44	83999721613	1500	PJSIP/1010-00013b46	8335121500	20	0	NO ANSWER	Dial	1790020364.82139	1790020364.82139
2026-09-21 16:53:04	83999721613	1500	PJSIP/1288-00013b47	8335121500	20	0	NO ANSWER	Dial	1790020364.82139	1790020364.82139
2026-09-21 16:53:25	83999721613	1500	PJSIP/1323-00013b48	8335121500	1	0	NO ANSWER	Dial	1790020364.82139	1790020364.82139
2026-09-22 08:23:46	83999721613	1500	PJSIP/1010-00013c64	8335121500	20	0	NO ANSWER	Dial	1790076226.82427	1790076226.82427
2026-09-22 08:24:06	83999721613	1500	PJSIP/1288-00013c65	8335121500	17	0	NO ANSWER	Dial	1790076226.82427	1790076226.82427
2026-09-22 08:30:25	83996548322	1500	PJSIP/1010-00013c77	8335121500	20	0	NO ANSWER	Dial	1790076625.82446	1790076625.82446
2026-09-22 08:30:45	83996548322	1500	PJSIP/1288-00013c7b	8335121500	20	0	NO ANSWER	Dial	1790076625.82446	1790076625.82446
2026-09-22 08:31:06	83996548322	1500	PJSIP/1323-00013c83	8335121500	8	0	NO ANSWER	Dial	1790076625.82446	1790076625.82446
2026-09-22 08:31:23	83996548322	1500	PJSIP/1010-00013c87	8335121500	0	0	NO ANSWER	Dial	1790076683.82462	1790076683.82462
2026-09-22 11:45:06	83988804169	1500	PJSIP/1010-000140d3	8335121500	20	0	NO ANSWER	Dial	1790088306.83584	1790088306.83584
2026-09-22 11:45:26	83988804169	1500	PJSIP/1288-000140d8	8335121500	20	0	NO ANSWER	Dial	1790088306.83584	1790088306.83584
2026-09-22 11:45:46	83988804169	1500	PJSIP/1323-000140d9	8335121500	20	0	NO ANSWER	Dial	1790088306.83584	1790088306.83584
2026-09-22 11:46:06	83988804169	1500	PJSIP/1324-000140dc	8335121500	20	0	NO ANSWER	Dial	1790088306.83584	1790088306.83584
2026-09-22 11:46:27	83988804169	1500	PJSIP/1325-000140de	8335121500	8	0	NO ANSWER	Dial	1790088306.83584	1790088306.83584
2026-09-22 12:58:58	83988665020	1500	PJSIP/1010-0001426b	8335121500	6	0	NO ANSWER	Dial	1790092738.83996	1790092738.83996
2026-09-22 13:02:22	83998925092	1500	PJSIP/1010-00014293	8335121500	20	0	NO ANSWER	Dial	1790092942.84040	1790092942.84040
2026-09-22 13:02:42	83998925092	1500	PJSIP/1288-00014298	8335121500	0	0	ANSWERED	Dial	1790092942.84040	1790092942.84040
2026-09-22 13:02:43	83998925092	1500	PJSIP/1456-00014299	8335121500	0	0	ANSWERED	Dial	1790092942.84040	1790092942.84040
2026-09-22 13:02:49	83998925092	1500	PJSIP/1010-0001429b	8335121500	5	0	ANSWERED	Dial	1790092969.84048	1790092969.84048
2026-09-22 13:02:54	83998925092	1500	PJSIP/1456-0001429c	8335121500	60	60	ANSWERED	Dial	1790092969.84048	1790092969.84048
2026-09-22 13:10:41	83993770471	1500	PJSIP/1010-000142be	8335121500	20	0	NO ANSWER	Dial	1790093441.84083	1790093441.84083
2026-09-22 13:11:02	83993770471	1500	PJSIP/1288-000142c2	8335121500	3	0	ANSWERED	Dial	1790093441.84083	1790093441.84083
2026-09-22 13:11:05	83993770471	1500	PJSIP/1454-000142c3	8335121500	19	19	ANSWERED	Dial	1790093441.84083	1790093441.84083
2026-09-22 13:53:08	34998099286	1500	PJSIP/1010-00014368	8335121500	5	0	ANSWERED	Dial	1790095988.84263	1790095988.84263
2026-09-22 13:53:14	34998099286	1500	PJSIP/1454-0001436d	8335121500	60	60	ANSWERED	Dial	1790095988.84263	1790095988.84263
2026-09-22 14:26:19	83999721613	1500	PJSIP/1010-0001440e	8335121500	20	0	NO ANSWER	Dial	1790097979.84437	1790097979.84437
2026-09-22 14:26:40	83999721613	1500	PJSIP/1288-00014415	8335121500	2	0	ANSWERED	Dial	1790097979.84437	1790097979.84437
2026-09-22 14:26:43	83999721613	1500	PJSIP/1456-00014416	8335121500	175	175	ANSWERED	Dial	1790097979.84437	1790097979.84437
2026-09-22 14:55:06	996730030	1500	PJSIP/1010-00014485	8335121500	20	0	NO ANSWER	Dial	1790099706.84556	1790099706.84556
2026-09-22 14:55:26	996730030	1500	PJSIP/1288-00014486	8335121500	0	0	ANSWERED	Dial	1790099706.84556	1790099706.84556
2026-09-22 14:55:27	996730030	1500	PJSIP/1456-00014487	8335121500	41	41	ANSWERED	Dial	1790099706.84556	1790099706.84556
2026-09-22 15:41:42	83996126568	1500	PJSIP/1010-00014513	8335121500	13	0	NO ANSWER	Dial	1790102502.84698	1790102502.84698
2026-09-22 16:32:30	11985510909	1500	PJSIP/1010-00014557	8335121500	20	0	NO ANSWER	Dial	1790105550.84766	1790105550.84766
2026-09-22 16:32:50	11985510909	1500	PJSIP/1288-0001455b	8335121500	20	0	NO ANSWER	Dial	1790105550.84766	1790105550.84766
2026-09-22 16:33:11	11985510909	1500	PJSIP/1323-0001455e	8335121500	20	0	NO ANSWER	Dial	1790105550.84766	1790105550.84766
2026-09-22 16:33:31	11985510909	1500	PJSIP/1324-0001455f	8335121500	10	0	NO ANSWER	Dial	1790105550.84766	1790105550.84766
2026-09-22 16:42:07	11985510909	1500	PJSIP/1010-00014579	8335121500	20	0	NO ANSWER	Dial	1790106127.84804	1790106127.84804
2026-09-22 16:42:28	11985510909	1500	PJSIP/1288-0001457c	8335121500	20	0	NO ANSWER	Dial	1790106127.84804	1790106127.84804
2026-09-22 16:42:48	11985510909	1500	PJSIP/1323-0001457d	8335121500	16	0	NO ANSWER	Dial	1790106127.84804	1790106127.84804
2026-09-22 18:40:03	83998377920	1500	PJSIP/1010-000145ac	8335121500	1	0	NO ANSWER	Dial	1790113203.84855	1790113203.84855
2026-09-23 08:06:01	83986752731	1500	PJSIP/1010-00014658	8335121500	20	0	NO ANSWER	Dial	1790161561.85031	1790161561.85031
2026-09-23 08:06:22	83986752731	1500	PJSIP/1288-0001465c	8335121500	20	0	NO ANSWER	Dial	1790161561.85031	1790161561.85031
2026-09-23 08:06:42	83986752731	1500	PJSIP/1323-0001465d	8335121500	8	0	NO ANSWER	Dial	1790161561.85031	1790161561.85031
2026-09-23 08:29:08	81999691341	1500	PJSIP/1010-000146f7	8335121500	1	0	NO ANSWER	Dial	1790162948.85192	1790162948.85192
2026-09-23 08:29:27	83988014109	1500	PJSIP/1010-000146fc	8335121500	3	0	NO ANSWER	Dial	1790162967.85197	1790162967.85197
2026-09-23 08:30:55	83998150274	1500	PJSIP/1010-0001470c	8335121500	1	0	NO ANSWER	Dial	1790163055.85213	1790163055.85213
2026-09-23 08:47:05	83988803250	1500	PJSIP/1010-00014767	8335121500	9	0	ANSWERED	Dial	1790164025.85304	1790164025.85304
2026-09-23 08:47:15	83988803250	1500	PJSIP/1454-00014768	8335121500	240	240	ANSWERED	Dial	1790164025.85304	1790164025.85304
2026-09-23 09:05:23	83993276363	1500	PJSIP/1010-000147d1	8335121500	15	0	ANSWERED	Dial	1790165123.85410	1790165123.85410
2026-09-23 09:05:38	83993276363	1500	PJSIP/1454-000147d2	8335121500	100	100	ANSWERED	Dial	1790165123.85410	1790165123.85410
2026-09-23 09:08:26	83921524571	1500	PJSIP/1010-000147d7	8335121500	12	0	ANSWERED	Dial	1790165306.85416	1790165306.85416
2026-09-23 09:08:38	83921524571	1500	PJSIP/1454-000147d8	8335121500	185	185	ANSWERED	Dial	1790165306.85416	1790165306.85416
2026-09-23 09:10:49	999564941	1500	PJSIP/1010-000147e3	8335121500	12	0	ANSWERED	Dial	1790165449.85428	1790165449.85428
2026-09-23 09:11:02	999564941	1500	PJSIP/1456-000147e7	8335121500	130	130	ANSWERED	Dial	1790165449.85428	1790165449.85428
2026-09-23 10:03:25	996709406	1500	PJSIP/1010-000148f4	8335121500	17	0	ANSWERED	Dial	1790168605.85701	1790168605.85701
2026-09-23 10:03:43	996709406	1500	PJSIP/1454-000148f5	8335121500	72	72	ANSWERED	Dial	1790168605.85701	1790168605.85701
2026-09-23 10:53:21	81986379123	1500	PJSIP/1010-000149f1	8335121500	10	0	ANSWERED	Dial	1790171601.85956	1790171601.85956
2026-09-23 10:53:32	81986379123	1500	PJSIP/1456-000149f2	8335121500	109	109	ANSWERED	Dial	1790171601.85956	1790171601.85956
2026-09-23 12:12:09	999499959	1500	PJSIP/1010-00014bde	8335121500	20	0	NO ANSWER	Dial	1790176329.86453	1790176329.86453
2026-09-23 12:12:29	999499959	1500	PJSIP/1288-00014be0	8335121500	7	0	NO ANSWER	Dial	1790176329.86453	1790176329.86453
2026-09-23 12:23:23	83999499959	1500	PJSIP/1010-00014c20	8335121500	20	0	NO ANSWER	Dial	1790177003.86519	1790177003.86519
2026-09-23 12:23:43	83999499959	1500	PJSIP/1288-00014c23	8335121500	16	0	NO ANSWER	Dial	1790177003.86519	1790177003.86519
2026-09-23 13:06:04	996300939	1500	PJSIP/1010-00014cdf	8335121500	9	0	ANSWERED	Dial	1790179564.86714	1790179564.86714
2026-09-23 13:06:14	996300939	1500	PJSIP/1454-00014ce2	8335121500	172	172	ANSWERED	Dial	1790179564.86714	1790179564.86714
2026-09-23 13:28:02	83991169300	1500	PJSIP/1010-00014d6b	8335121500	20	0	NO ANSWER	Dial	1790180882.86854	1790180882.86854
2026-09-23 13:28:23	83991169300	1500	PJSIP/1288-00014d6f	8335121500	20	0	NO ANSWER	Dial	1790180882.86854	1790180882.86854
2026-09-23 13:28:43	83991169300	1500	PJSIP/1323-00014d75	8335121500	6	0	NO ANSWER	Dial	1790180882.86854	1790180882.86854
2026-09-23 13:38:09	21999323763	1500	PJSIP/1010-00014da6	8335121500	19	0	ANSWERED	Dial	1790181489.86915	1790181489.86915
2026-09-23 13:38:29	21999323763	1500	PJSIP/1454-00014dab	8335121500	400	400	ANSWERED	Dial	1790181489.86915	1790181489.86915
2026-09-23 13:47:18	83982231729	1500	PJSIP/1010-00014dcb	8335121500	0	0	NO ANSWER	Dial	1790182038.86952	1790182038.86952
2026-09-23 13:47:37	988049425	1500	PJSIP/1010-00014dcd	8335121500	5	0	ANSWERED	Dial	1790182057.86954	1790182057.86954
2026-09-23 13:47:43	988049425	1500	PJSIP/1454-00014dd0	8335121500	120	120	ANSWERED	Dial	1790182057.86954	1790182057.86954
2026-09-23 13:47:39	83986578566	1500	PJSIP/1010-00014dcf	8335121500	20	0	NO ANSWER	Dial	1790182059.86956	1790182059.86956
2026-09-23 13:48:00	83986578566	1500	PJSIP/1288-00014dd4	8335121500	20	0	NO ANSWER	Dial	1790182059.86956	1790182059.86956
2026-09-23 13:48:20	83986578566	1500	PJSIP/1323-00014dd7	8335121500	7	0	NO ANSWER	Dial	1790182059.86956	1790182059.86956
2026-09-23 13:48:19	83988172830	1500	PJSIP/1010-00014dd6	8335121500	8	0	NO ANSWER	Dial	1790182099.86963	1790182099.86963
2026-09-23 13:51:07	83988070741	1500	PJSIP/1010-00014de0	8335121500	0	0	NO ANSWER	Dial	1790182267.86973	1790182267.86973
2026-09-23 14:07:59	83993139554	1500	PJSIP/1010-00014e5e	8335121500	20	0	NO ANSWER	Dial	1790183279.87101	1790183279.87101
2026-09-23 14:08:20	83993139554	1500	PJSIP/1288-00014e65	8335121500	7	0	NO ANSWER	Dial	1790183279.87101	1790183279.87101
2026-09-23 15:27:32	83996268372	1500	PJSIP/1010-00014f54	8335121500	20	0	NO ANSWER	Dial	1790188052.87349	1790188052.87349
2026-09-23 15:27:53	83996268372	1500	PJSIP/1288-00014f56	8335121500	20	0	NO ANSWER	Dial	1790188052.87349	1790188052.87349
2026-09-23 15:28:13	83996268372	1500	PJSIP/1323-00014f5f	8335121500	4	0	NO ANSWER	Dial	1790188052.87349	1790188052.87349
2026-09-23 15:28:20	83996268372	1500	PJSIP/1010-00014f61	8335121500	20	0	NO ANSWER	Dial	1790188100.87362	1790188100.87362
2026-09-23 15:28:40	83996268372	1500	PJSIP/1288-00014f64	8335121500	20	0	NO ANSWER	Dial	1790188100.87362	1790188100.87362
2026-09-23 15:29:01	83996268372	1500	PJSIP/1323-00014f66	8335121500	4	0	NO ANSWER	Dial	1790188100.87362	1790188100.87362
2026-09-23 15:30:06	83987379264	1500	PJSIP/1010-00014f68	8335121500	0	0	NO ANSWER	Dial	1790188206.87369	1790188206.87369
2026-09-23 16:39:06	83991062651	1500	PJSIP/1010-00014fda	8335121500	20	0	NO ANSWER	Dial	1790192346.87483	1790192346.87483
2026-09-23 16:39:27	83991062651	1500	PJSIP/1288-00014fdb	8335121500	19	0	NO ANSWER	Dial	1790192346.87483	1790192346.87483
2026-09-23 18:48:01	83991062651	1500	PJSIP/1010-0001504b	8335121500	20	0	NO ANSWER	Dial	1790200081.87596	1790200081.87596
2026-09-23 18:48:22	83991062651	1500	PJSIP/1288-0001504c	8335121500	20	0	NO ANSWER	Dial	1790200081.87596	1790200081.87596
2026-09-23 18:48:42	83991062651	1500	PJSIP/1323-0001504d	8335121500	20	0	NO ANSWER	Dial	1790200081.87596	1790200081.87596
2026-09-23 18:49:02	83991062651	1500	PJSIP/1324-0001504e	8335121500	1	0	NO ANSWER	Dial	1790200081.87596	1790200081.87596
2026-09-23 18:51:04	83988032101	1500	PJSIP/1010-00015051	8335121500	20	0	NO ANSWER	Dial	1790200264.87602	1790200264.87602
2026-09-23 18:51:24	83988032101	1500	PJSIP/1288-00015052	8335121500	12	0	NO ANSWER	Dial	1790200264.87602	1790200264.87602
2026-09-23 19:29:58	83989157259	1500	PJSIP/1010-0001505b	8335121500	2	0	NO ANSWER	Dial	1790202598.87612	1790202598.87612
2026-09-23 19:30:14	83998559726	1500	PJSIP/1010-0001505d	8335121500	20	0	NO ANSWER	Dial	1790202614.87614	1790202614.87614
2026-09-23 19:30:34	83998559726	1500	PJSIP/1288-0001505e	8335121500	2	0	NO ANSWER	Dial	1790202614.87614	1790202614.87614
2026-09-24 06:17:29	82988811781	1500	PJSIP/1010-0001506f	8335121500	20	0	NO ANSWER	Dial	1790241449.87632	1790241449.87632
2026-09-24 06:17:49	82988811781	1500	PJSIP/1288-00015070	8335121500	20	0	NO ANSWER	Dial	1790241449.87632	1790241449.87632
2026-09-24 06:18:09	82988811781	1500	PJSIP/1323-00015071	8335121500	8	0	NO ANSWER	Dial	1790241449.87632	1790241449.87632
2026-09-24 07:30:00	83996204984	1500	PJSIP/1010-0001509b	8335121500	5	0	NO ANSWER	Dial	1790245800.87676	1790245800.87676
2026-09-24 07:59:38	83921451664	1500	PJSIP/1010-000150d5	8335121500	6	0	ANSWERED	Dial	1790247578.87736	1790247578.87736
2026-09-24 07:59:44	83921451664	1500	PJSIP/1456-000150d6	8335121500	239	239	ANSWERED	Dial	1790247578.87736	1790247578.87736
2026-09-24 08:07:26	83991410854	1500	PJSIP/1010-000150e0	8335121500	7	0	ANSWERED	Dial	1790248046.87747	1790248046.87747
2026-09-24 08:07:34	83991410854	1500	PJSIP/1456-000150e5	8335121500	1	1	ANSWERED	Dial	1790248046.87747	1790248046.87747
2026-09-24 08:07:27	83981844705	1500	PJSIP/1010-000150e2	8335121500	14	0	ANSWERED	Dial	1790248047.87749	1790248047.87749
2026-09-24 08:07:41	83981844705	1500	PJSIP/1456-000150e8	8335121500	3	3	ANSWERED	Dial	1790248047.87749	1790248047.87749
2026-09-24 08:07:30	83989003310	1500	PJSIP/1010-000150e4	8335121500	20	0	NO ANSWER	Dial	1790248050.87751	1790248050.87751
2026-09-24 08:07:51	83989003310	1500	PJSIP/1288-000150ed	8335121500	4	0	ANSWERED	Dial	1790248050.87751	1790248050.87751
2026-09-24 08:07:55	83989003310	1500	PJSIP/1456-000150ee	8335121500	96	96	ANSWERED	Dial	1790248050.87751	1790248050.87751
2026-09-24 08:07:36	83988127171	1500	PJSIP/1010-000150e7	8335121500	0	0	NO ANSWER	Dial	1790248056.87754	1790248056.87754
2026-09-24 08:07:44	83988639427	1500	PJSIP/1010-000150ea	8335121500	1	0	NO ANSWER	Dial	1790248064.87757	1790248064.87757
2026-09-24 08:07:47	83987150274	1500	PJSIP/1010-000150ec	8335121500	0	0	NO ANSWER	Dial	1790248067.87759	1790248067.87759
2026-09-24 08:08:02	83989082439	1500	PJSIP/1010-000150f0	8335121500	20	0	NO ANSWER	Dial	1790248082.87763	1790248082.87763
2026-09-24 08:08:22	83989082439	1500	PJSIP/1288-000150f4	8335121500	20	0	NO ANSWER	Dial	1790248082.87763	1790248082.87763
2026-09-24 08:08:42	83989082439	1500	PJSIP/1323-000150fa	8335121500	8	0	NO ANSWER	Dial	1790248082.87763	1790248082.87763
2026-09-24 08:08:06	83988471894	1500	PJSIP/1010-000150f2	8335121500	20	0	NO ANSWER	Dial	1790248086.87765	1790248086.87765
2026-09-24 08:08:26	83988471894	1500	PJSIP/1288-000150f5	8335121500	20	0	NO ANSWER	Dial	1790248086.87765	1790248086.87765
2026-09-24 08:08:47	83988471894	1500	PJSIP/1323-000150fb	8335121500	8	0	NO ANSWER	Dial	1790248086.87765	1790248086.87765
2026-09-24 08:08:55	83981844705	1500	PJSIP/1010-000150fd	8335121500	20	0	NO ANSWER	Dial	1790248135.87776	1790248135.87776
2026-09-24 08:09:16	83981844705	1500	PJSIP/1288-00015102	8335121500	20	0	NO ANSWER	Dial	1790248135.87776	1790248135.87776
2026-09-24 08:09:36	83981844705	1500	PJSIP/1323-0001510b	8335121500	20	0	NO ANSWER	Dial	1790248135.87776	1790248135.87776
2026-09-24 08:08:58	83998140278	1500	PJSIP/1010-000150ff	8335121500	3	0	NO ANSWER	Dial	1790248138.87778	1790248138.87778
2026-09-24 08:09:03	83991266512	1500	PJSIP/1010-00015101	8335121500	20	0	NO ANSWER	Dial	1790248143.87780	1790248143.87780
2026-09-24 08:09:23	83991266512	1500	PJSIP/1288-00015107	8335121500	18	0	ANSWERED	Dial	1790248143.87780	1790248143.87780
2026-09-24 08:09:42	83991266512	1500	PJSIP/1456-0001510c	8335121500	203	203	ANSWERED	Dial	1790248143.87780	1790248143.87780
2026-09-24 08:09:33	83982284336	1500	PJSIP/1010-0001510a	8335121500	20	0	NO ANSWER	Dial	1790248173.87789	1790248173.87789
2026-09-24 08:09:53	83982284336	1500	PJSIP/1288-0001510d	8335121500	20	0	NO ANSWER	Dial	1790248173.87789	1790248173.87789
2026-09-24 08:10:13	83982284336	1500	PJSIP/1323-00015111	8335121500	8	0	NO ANSWER	Dial	1790248173.87789	1790248173.87789
2026-09-24 08:10:01	83988133501	1500	PJSIP/1010-00015110	8335121500	20	0	NO ANSWER	Dial	1790248201.87795	1790248201.87795
2026-09-24 08:10:21	83988133501	1500	PJSIP/1288-00015114	8335121500	6	0	NO ANSWER	Dial	1790248201.87795	1790248201.87795
2026-09-24 08:10:25	83988471894	1500	PJSIP/1010-00015116	8335121500	20	0	NO ANSWER	Dial	1790248225.87801	1790248225.87801
2026-09-24 08:10:45	83988471894	1500	PJSIP/1288-0001511a	8335121500	20	0	NO ANSWER	Dial	1790248225.87801	1790248225.87801
2026-09-24 08:11:05	83988471894	1500	PJSIP/1323-0001511c	8335121500	8	0	NO ANSWER	Dial	1790248225.87801	1790248225.87801
2026-09-24 08:10:32	83991377349	1500	PJSIP/1010-00015118	8335121500	20	0	NO ANSWER	Dial	1790248232.87803	1790248232.87803
2026-09-24 08:10:52	83991377349	1500	PJSIP/1288-0001511b	8335121500	17	0	NO ANSWER	Dial	1790248232.87803	1790248232.87803
2026-09-24 08:12:07	83999223555	1500	PJSIP/1010-00015120	8335121500	20	0	NO ANSWER	Dial	1790248327.87811	1790248327.87811
2026-09-24 08:12:27	83999223555	1500	PJSIP/1288-00015125	8335121500	12	0	NO ANSWER	Dial	1790248327.87811	1790248327.87811
2026-09-24 08:12:16	83993189294	1500	PJSIP/1010-00015124	8335121500	20	0	NO ANSWER	Dial	1790248336.87815	1790248336.87815
2026-09-24 08:12:36	83993189294	1500	PJSIP/1288-00015126	8335121500	20	0	NO ANSWER	Dial	1790248336.87815	1790248336.87815
2026-09-24 08:12:56	83993189294	1500	PJSIP/1323-0001512c	8335121500	12	0	ANSWERED	Dial	1790248336.87815	1790248336.87815
2026-09-24 08:13:09	83993189294	1500	PJSIP/1456-0001512e	8335121500	122	122	ANSWERED	Dial	1790248336.87815	1790248336.87815
2026-09-24 08:12:48	83981603394	1500	PJSIP/1010-0001512b	8335121500	20	0	NO ANSWER	Dial	1790248368.87822	1790248368.87822
2026-09-24 08:13:08	83981603394	1500	PJSIP/1288-0001512d	8335121500	20	0	NO ANSWER	Dial	1790248368.87822	1790248368.87822
2026-09-24 08:13:29	83981603394	1500	PJSIP/1323-00015131	8335121500	8	0	NO ANSWER	Dial	1790248368.87822	1790248368.87822
2026-09-24 08:13:15	83988446604	1500	PJSIP/1010-00015130	8335121500	1	0	NO ANSWER	Dial	1790248395.87827	1790248395.87827
2026-09-24 08:13:48	83981603394	1500	PJSIP/1010-00015133	8335121500	20	0	NO ANSWER	Dial	1790248428.87830	1790248428.87830
2026-09-24 08:14:09	83981603394	1500	PJSIP/1288-00015134	8335121500	20	0	NO ANSWER	Dial	1790248428.87830	1790248428.87830
2026-09-24 08:14:29	83981603394	1500	PJSIP/1323-00015139	8335121500	8	0	NO ANSWER	Dial	1790248428.87830	1790248428.87830
2026-09-24 08:14:30	83981844705	1500	PJSIP/1010-0001513b	8335121500	20	0	NO ANSWER	Dial	1790248470.87838	1790248470.87838
2026-09-24 08:14:51	83981844705	1500	PJSIP/1288-0001513d	8335121500	20	0	NO ANSWER	Dial	1790248470.87838	1790248470.87838
2026-09-24 08:15:11	83981844705	1500	PJSIP/1323-00015144	8335121500	19	0	NO ANSWER	Dial	1790248470.87838	1790248470.87838
2026-09-24 08:14:55	83981603394	1500	PJSIP/1010-00015143	8335121500	19	0	ANSWERED	Dial	1790248495.87846	1790248495.87846
2026-09-24 08:15:14	83981603394	1500	PJSIP/1456-00015145	8335121500	55	55	ANSWERED	Dial	1790248495.87846	1790248495.87846
2026-09-24 08:17:20	83987007705	1500	PJSIP/1010-0001514e	8335121500	10	0	ANSWERED	Dial	1790248640.87857	1790248640.87857
2026-09-24 08:17:31	83987007705	1500	PJSIP/1456-0001514f	8335121500	100	100	ANSWERED	Dial	1790248640.87857	1790248640.87857
2026-09-24 08:17:34	83988272728	1500	PJSIP/1010-00015151	8335121500	20	0	NO ANSWER	Dial	1790248654.87860	1790248654.87860
2026-09-24 08:17:54	83988272728	1500	PJSIP/1288-00015153	8335121500	20	0	NO ANSWER	Dial	1790248654.87860	1790248654.87860
2026-09-24 08:18:14	83988272728	1500	PJSIP/1323-00015154	8335121500	7	0	NO ANSWER	Dial	1790248654.87860	1790248654.87860
2026-09-24 08:18:20	83987445287	1500	PJSIP/1010-00015156	8335121500	20	0	NO ANSWER	Dial	1790248700.87865	1790248700.87865
2026-09-24 08:18:41	83987445287	1500	PJSIP/1288-00015157	8335121500	20	0	NO ANSWER	Dial	1790248700.87865	1790248700.87865
2026-09-24 08:19:01	83987445287	1500	PJSIP/1323-0001515a	8335121500	8	0	NO ANSWER	Dial	1790248700.87865	1790248700.87865
2026-09-24 08:19:04	1200	1500	PJSIP/1010-0001515c		6	0	NO ANSWER	Dial	1790248744.87871	1790248744.87871
2026-09-24 08:19:15	1200	1500	PJSIP/1010-0001515e		5	0	ANSWERED	Dial	1790248755.87873	1790248755.87873
2026-09-24 08:19:20	1200	1500	PJSIP/1456-0001515f		2	2	ANSWERED	Dial	1790248755.87873	1790248755.87873
2026-09-24 08:19:27	1200	1500	PJSIP/1010-00015161		14	0	ANSWERED	Dial	1790248767.87876	1790248767.87876
2026-09-24 08:19:42	1200	1500	PJSIP/1456-00015162		12	12	ANSWERED	Dial	1790248767.87876	1790248767.87876
2026-09-24 08:20:48	83991606907	1500	PJSIP/1010-0001516d	8335121500	16	0	ANSWERED	Dial	1790248848.87888	1790248848.87888
2026-09-24 08:21:04	83991606907	1500	PJSIP/1456-0001516e	8335121500	14	14	ANSWERED	Dial	1790248848.87888	1790248848.87888
2026-09-24 08:21:10	83991606907	1500	PJSIP/1010-00015172	8335121500	15	0	NO ANSWER	Dial	1790248870.87893	1790248870.87893
2026-09-24 08:22:31	83987001096	1500	PJSIP/1010-00015174	8335121500	5	0	NO ANSWER	Dial	1790248951.87895	1790248951.87895
2026-09-24 08:23:09	83993067957	1500	PJSIP/1010-0001517c	8335121500	6	0	ANSWERED	Dial	1790248989.87903	1790248989.87903
2026-09-24 08:23:15	83993067957	1500	PJSIP/1456-0001517d	8335121500	270	270	ANSWERED	Dial	1790248989.87903	1790248989.87903
2026-09-24 08:29:06	83991953726	1500	PJSIP/1010-000151a8	8335121500	9	0	ANSWERED	Dial	1790249346.87947	1790249346.87947
2026-09-24 08:29:16	83991953726	1500	PJSIP/1456-000151ab	8335121500	3	3	ANSWERED	Dial	1790249346.87947	1790249346.87947
2026-09-24 08:29:11	998526320	1500	PJSIP/1010-000151aa	8335121500	13	0	ANSWERED	Dial	1790249351.87949	1790249351.87949
2026-09-24 08:29:24	998526320	1500	PJSIP/1456-000151ac	8335121500	99	99	ANSWERED	Dial	1790249351.87949	1790249351.87949
2026-09-24 08:29:29	83988323150	1500	PJSIP/1010-000151b0	8335121500	16	0	NO ANSWER	Dial	1790249369.87955	1790249369.87955
2026-09-24 08:30:29	991953726	1500	PJSIP/1010-000151ba	8335121500	17	0	ANSWERED	Dial	1790249429.87965	1790249429.87965
2026-09-24 08:30:47	991953726	1500	PJSIP/1425-000151bb	8335121500	147	147	ANSWERED	Dial	1790249429.87965	1790249429.87965
2026-09-24 08:32:48	83988803250	1500	PJSIP/1010-000151cd	8335121500	13	0	ANSWERED	Dial	1790249568.87984	1790249568.87984
2026-09-24 08:33:01	83988803250	1500	PJSIP/1456-000151d1	8335121500	83	83	ANSWERED	Dial	1790249568.87984	1790249568.87984
2026-09-24 08:33:45	969080267	1500	PJSIP/1010-000151d8	8335121500	20	0	NO ANSWER	Dial	1790249625.87995	1790249625.87995
2026-09-24 08:34:05	969080267	1500	PJSIP/1288-000151dd	8335121500	20	0	NO ANSWER	Dial	1790249625.87995	1790249625.87995
2026-09-24 08:34:25	969080267	1500	PJSIP/1323-000151de	8335121500	4	0	NO ANSWER	Dial	1790249625.87995	1790249625.87995
2026-09-24 08:35:00	21969080267	1500	PJSIP/1010-000151e0	8335121500	20	0	NO ANSWER	Dial	1790249700.88003	1790249700.88003
2026-09-24 08:35:21	21969080267	1500	PJSIP/1288-000151e5	8335121500	20	0	NO ANSWER	Dial	1790249700.88003	1790249700.88003
2026-09-24 08:35:41	21969080267	1500	PJSIP/1323-000151e6	8335121500	3	0	NO ANSWER	Dial	1790249700.88003	1790249700.88003
2026-09-24 08:35:11	83987110065	1500	PJSIP/1010-000151e4	8335121500	4	0	NO ANSWER	Dial	1790249711.88007	1790249711.88007
2026-09-24 08:36:49	83991197130	1500	PJSIP/1010-000151ee	8335121500	5	0	ANSWERED	Dial	1790249809.88017	1790249809.88017
2026-09-24 08:36:54	83991197130	1500	PJSIP/1425-000151ef	8335121500	354	354	ANSWERED	Dial	1790249809.88017	1790249809.88017
2026-09-24 08:38:35	83986756491	1500	PJSIP/1010-000151fa	8335121500	3	0	NO ANSWER	Dial	1790249915.88029	1790249915.88029
2026-09-24 08:39:37	83999335893	1500	PJSIP/1010-00015203	8335121500	3	0	NO ANSWER	Dial	1790249977.88038	1790249977.88038
2026-09-24 08:40:02	83996726456	1500	PJSIP/1010-00015206	8335121500	1	0	NO ANSWER	Dial	1790250002.88041	1790250002.88041
2026-09-24 08:40:03	83986246751	1500	PJSIP/1010-00015208	8335121500	6	0	ANSWERED	Dial	1790250003.88043	1790250003.88043
2026-09-24 08:40:10	83986246751	1500	PJSIP/1326-00015209	8335121500	111	111	ANSWERED	Dial	1790250003.88043	1790250003.88043
2026-09-24 08:40:10	83996999193	1500	PJSIP/1010-0001520b	8335121500	20	0	NO ANSWER	Dial	1790250010.88046	1790250010.88046
2026-09-24 08:40:31	83996999193	1500	PJSIP/1288-00015211	8335121500	5	0	ANSWERED	Dial	1790250010.88046	1790250010.88046
2026-09-24 08:40:36	83996999193	1500	PJSIP/1456-00015212	8335121500	213	213	ANSWERED	Dial	1790250010.88046	1790250010.88046
2026-09-24 08:45:35	21988567402	1500	PJSIP/1010-0001521f	8335121500	11	0	ANSWERED	Dial	1790250335.88066	1790250335.88066
2026-09-24 08:45:47	21988567402	1500	PJSIP/1456-00015220	8335121500	20	20	ANSWERED	Dial	1790250335.88066	1790250335.88066
2026-09-24 08:46:55	83999056175	1500	PJSIP/1010-00015222	8335121500	5	0	ANSWERED	Dial	1790250415.88069	1790250415.88069
2026-09-24 08:47:01	83999056175	1500	PJSIP/1456-00015225	8335121500	81	81	ANSWERED	Dial	1790250415.88069	1790250415.88069
2026-09-24 08:46:59	21988567402	1500	PJSIP/1010-00015224	8335121500	20	0	NO ANSWER	Dial	1790250419.88071	1790250419.88071
2026-09-24 08:47:19	21988567402	1500	PJSIP/1288-00015226	8335121500	13	0	NO ANSWER	Dial	1790250419.88071	1790250419.88071
2026-09-24 08:47:57	83986645435	1500	PJSIP/1010-00015228	8335121500	13	0	ANSWERED	Dial	1790250477.88075	1790250477.88075
2026-09-24 08:48:11	83986645435	1500	PJSIP/1425-00015229	8335121500	330	330	ANSWERED	Dial	1790250477.88075	1790250477.88075
2026-09-24 08:48:35	83987379264	1500	PJSIP/1010-0001522b	8335121500	9	0	ANSWERED	Dial	1790250515.88078	1790250515.88078
2026-09-24 08:48:45	83987379264	1500	PJSIP/1456-0001522c	8335121500	112	112	ANSWERED	Dial	1790250515.88078	1790250515.88078
2026-09-24 08:49:57	83986700880	1500	PJSIP/1010-00015239	8335121500	4	0	ANSWERED	Dial	1790250597.88092	1790250597.88092
2026-09-24 08:50:01	83986700880	1500	PJSIP/1286-0001523a	8335121500	108	108	ANSWERED	Dial	1790250597.88092	1790250597.88092
2026-09-24 08:54:18	83921596596	1500	PJSIP/1010-00015259	8335121500	7	0	ANSWERED	Dial	1790250858.88124	1790250858.88124
2026-09-24 08:54:26	83921596596	1500	PJSIP/1456-0001525c	8335121500	42	42	ANSWERED	Dial	1790250858.88124	1790250858.88124
2026-09-24 08:54:22	83988032101	1500	PJSIP/1010-0001525b	8335121500	18	0	ANSWERED	Dial	1790250862.88126	1790250862.88126
2026-09-24 08:54:40	83988032101	1500	PJSIP/1286-0001525d	8335121500	171	171	ANSWERED	Dial	1790250862.88126	1790250862.88126
2026-09-24 09:00:36	83998875903	1500	PJSIP/1010-00015282	8335121500	2	0	NO ANSWER	Dial	1790251236.88165	1790251236.88165
2026-09-24 09:03:40	8332261093	1500	PJSIP/1010-0001528d	8335121500	5	0	ANSWERED	Dial	1790251420.88176	1790251420.88176
2026-09-24 09:03:46	8332261093	1500	PJSIP/1425-0001528e	8335121500	79	79	ANSWERED	Dial	1790251420.88176	1790251420.88176
2026-09-24 09:16:14	83982213126	1500	PJSIP/1010-000152ca	8335121500	6	0	ANSWERED	Dial	1790252174.88237	1790252174.88237
2026-09-24 09:16:20	83982213126	1500	PJSIP/1286-000152cb	8335121500	61	61	ANSWERED	Dial	1790252174.88237	1790252174.88237
2026-09-24 09:24:48	83996412802	1500	PJSIP/1010-00015301	8335121500	10	0	ANSWERED	Dial	1790252688.88296	1790252688.88296
2026-09-24 09:24:59	83996412802	1500	PJSIP/1286-00015304	8335121500	30	30	ANSWERED	Dial	1790252688.88296	1790252688.88296
2026-09-24 09:25:55	83996412802	1500	PJSIP/1010-0001530a	8335121500	5	0	ANSWERED	Dial	1790252755.88307	1790252755.88307
2026-09-24 09:26:00	83996412802	1500	PJSIP/1286-0001530e	8335121500	247	247	ANSWERED	Dial	1790252755.88307	1790252755.88307
2026-09-24 10:03:43	3511	1500	PJSIP/1290-00015422		30	27	ANSWERED	Dial	1790255023.88591	1790255023.88591
2026-09-24 10:10:05	83987640144	1500	PJSIP/1290-00015452	8335121500	20	0	NO ANSWER	Dial	1790255405.88639	1790255405.88639
2026-09-24 10:10:25	83987640144	1500	PJSIP/1457-00015454	8335121500	7	0	ANSWERED	Dial	1790255405.88639	1790255405.88639
2026-09-24 10:10:33	83987640144	1500	PJSIP/1286-00015455	8335121500	49	49	ANSWERED	Dial	1790255405.88639	1790255405.88639
2026-09-24 10:20:13	61994077740	1500	PJSIP/1290-0001549e	8335121500	20	0	NO ANSWER	Dial	1790256013.88715	1790256013.88715
2026-09-24 10:20:34	61994077740	1500	PJSIP/1457-000154a0	8335121500	46	42	ANSWERED	Dial	1790256013.88715	1790256013.88715
2026-09-24 10:22:18	83999360275	1500	PJSIP/1290-000154a3	8335121500	96	81	ANSWERED	Dial	1790256138.88720	1790256138.88720
2026-09-24 10:26:38	83989157259	1500	PJSIP/1290-000154b6	8335121500	20	0	NO ANSWER	Dial	1790256398.88739	1790256398.88739
2026-09-24 10:26:59	83989157259	1500	PJSIP/1457-000154b7	8335121500	95	92	ANSWERED	Dial	1790256398.88739	1790256398.88739
2026-09-24 10:32:02	82988811781	1500	PJSIP/1290-000154cc	8335121500	20	0	NO ANSWER	Dial	1790256722.88761	1790256722.88761
2026-09-24 10:32:23	82988811781	1500	PJSIP/1457-000154d4	8335121500	20	0	NO ANSWER	Dial	1790256722.88761	1790256722.88761
2026-09-24 10:32:43	82988811781	1500	PJSIP/1291-000154da	8335121500	3	0	NO ANSWER	Dial	1790256722.88761	1790256722.88761
2026-09-24 10:32:22	43988740881	1500	PJSIP/1290-000154d3	8335121500	20	0	NO ANSWER	Dial	1790256742.88768	1790256742.88768
2026-09-24 10:32:42	43988740881	1500	PJSIP/1457-000154d9	8335121500	20	0	NO ANSWER	Dial	1790256742.88768	1790256742.88768
2026-09-24 10:33:02	43988740881	1500	PJSIP/1291-000154db	8335121500	6	0	NO ANSWER	Dial	1790256742.88768	1790256742.88768
2026-09-24 10:33:18	82988811781	1500	PJSIP/1290-000154e2	8335121500	18	0	NO ANSWER	Dial	1790256798.88785	1790256798.88785
2026-09-24 10:35:33	83993286375	1500	PJSIP/1290-000154f3	8335121500	20	0	NO ANSWER	Dial	1790256933.88802	1790256933.88802
2026-09-24 10:35:53	83993286375	1500	PJSIP/1457-000154f4	8335121500	191	184	ANSWERED	Dial	1790256933.88802	1790256933.88802
2026-09-24 10:42:01	83991164031	1500	PJSIP/1290-0001550c	8335121500	20	0	NO ANSWER	Dial	1790257321.88827	1790257321.88827
2026-09-24 10:42:21	83991164031	1500	PJSIP/1457-00015512	8335121500	117	105	ANSWERED	Dial	1790257321.88827	1790257321.88827
2026-09-24 10:51:22	83986239508	1500	PJSIP/1290-0001554a	8335121500	49	46	ANSWERED	Dial	1790257882.88891	1790257882.88891
2026-09-24 11:08:54	83999223555	1500	PJSIP/1290-000155ab	8335121500	20	0	NO ANSWER	Dial	1790258934.88988	1790258934.88988
2026-09-24 11:09:15	83999223555	1500	PJSIP/1457-000155af	8335121500	477	474	ANSWERED	Dial	1790258934.88988	1790258934.88988
2026-09-24 11:19:02	83991377349	1500	PJSIP/1290-000155db	8335121500	20	0	NO ANSWER	Dial	1790259542.89040	1790259542.89040
2026-09-24 11:19:22	83991377349	1500	PJSIP/1457-000155dd	8335121500	166	164	ANSWERED	Dial	1790259542.89040	1790259542.89040
2026-09-24 11:24:50	83988576476	1500	PJSIP/1290-00015604	8335121500	20	0	NO ANSWER	Dial	1790259890.89081	1790259890.89081
2026-09-24 11:25:10	83988576476	1500	PJSIP/1457-00015605	8335121500	111	101	ANSWERED	Dial	1790259890.89081	1790259890.89081
2026-09-24 11:30:28	999751782	1500	PJSIP/1290-00015621	8335121500	20	0	NO ANSWER	Dial	1790260228.89110	1790260228.89110
2026-09-24 11:30:49	999751782	1500	PJSIP/1457-00015622	8335121500	12	0	ANSWERED	Dial	1790260228.89110	1790260228.89110
2026-09-24 11:31:01	999751782	1500	PJSIP/1456-00015623	8335121500	91	91	ANSWERED	Dial	1790260228.89110	1790260228.89110
2026-09-24 11:38:31	83999781292	1500	PJSIP/1290-0001564a	8335121500	20	0	NO ANSWER	Dial	1790260711.89151	1790260711.89151
2026-09-24 11:38:52	83999781292	1500	PJSIP/1457-0001564e	8335121500	6	0	ANSWERED	Dial	1790260711.89151	1790260711.89151
2026-09-24 11:38:58	83999781292	1500	PJSIP/1456-0001564f	8335121500	150	150	ANSWERED	Dial	1790260711.89151	1790260711.89151
2026-09-24 11:42:38	83988486481	1500	PJSIP/1290-00015676	8335121500	20	0	NO ANSWER	Dial	1790260958.89195	1790260958.89195
2026-09-24 11:42:58	83988486481	1500	PJSIP/1457-00015678	8335121500	7	0	ANSWERED	Dial	1790260958.89195	1790260958.89195
2026-09-24 11:43:05	83988486481	1500	PJSIP/1456-00015679	8335121500	211	211	ANSWERED	Dial	1790260958.89195	1790260958.89195
2026-09-24 11:58:36	83982118042	1500	PJSIP/1290-000156d9	8335121500	20	0	NO ANSWER	Dial	1790261916.89294	1790261916.89294
2026-09-24 11:58:56	83982118042	1500	PJSIP/1457-000156da	8335121500	20	0	NO ANSWER	Dial	1790261916.89294	1790261916.89294
2026-09-24 11:59:16	83982118042	1500	PJSIP/1291-000156db	8335121500	3	1	ANSWERED	Dial	1790261916.89294	1790261916.89294
2026-09-24 12:23:43	83999647127	1500	PJSIP/1290-00015742	8335121500	20	0	NO ANSWER	Dial	1790263423.89399	1790263423.89399
2026-09-24 12:24:03	83999647127	1500	PJSIP/1457-00015744	8335121500	54	50	ANSWERED	Dial	1790263423.89399	1790263423.89399
2026-09-24 12:25:49	83998559726	1500	PJSIP/1290-0001574a	8335121500	20	0	NO ANSWER	Dial	1790263549.89407	1790263549.89407
2026-09-24 12:26:10	83998559726	1500	PJSIP/1457-00015750	8335121500	9	0	ANSWERED	Dial	1790263549.89407	1790263549.89407
2026-09-24 12:26:19	83998559726	1500	PJSIP/1456-00015753	8335121500	3	3	ANSWERED	Dial	1790263549.89407	1790263549.89407
2026-09-24 12:25:52	83999746109	1500	PJSIP/1290-0001574c	8335121500	20	0	NO ANSWER	Dial	1790263552.89409	1790263552.89409
2026-09-24 12:26:13	83999746109	1500	PJSIP/1457-00015751	8335121500	13	0	ANSWERED	Dial	1790263552.89409	1790263552.89409
2026-09-24 12:26:26	83999746109	1500	PJSIP/1456-00015754	8335121500	142	142	ANSWERED	Dial	1790263552.89409	1790263552.89409
2026-09-24 12:26:36	998559726	1500	PJSIP/1290-00015756	8335121500	20	0	NO ANSWER	Dial	1790263596.89419	1790263596.89419
2026-09-24 12:26:56	998559726	1500	PJSIP/1457-00015757	8335121500	56	54	ANSWERED	Dial	1790263596.89419	1790263596.89419
2026-09-24 13:06:12	997916626	1500	PJSIP/1290-000157d4	8335121500	20	0	NO ANSWER	Dial	1790265972.89545	1790265972.89545
2026-09-24 13:06:33	997916626	1500	PJSIP/1457-000157d5	8335121500	238	232	ANSWERED	Dial	1790265972.89545	1790265972.89545
2026-09-24 13:09:33	996838340	1500	PJSIP/1290-000157de	8335121500	6	0	NO ANSWER	Dial	1790266173.89555	1790266173.89555
2026-09-24 13:15:42	996749928	1500	PJSIP/1290-000157fb	8335121500	20	0	NO ANSWER	Dial	1790266542.89584	1790266542.89584
2026-09-24 13:16:02	996749928	1500	PJSIP/1457-000157fd	8335121500	20	0	NO ANSWER	Dial	1790266542.89584	1790266542.89584
2026-09-24 13:16:22	996749928	1500	PJSIP/1291-00015800	8335121500	19	0	NO ANSWER	Dial	1790266542.89584	1790266542.89584
2026-09-24 13:16:54	996749928	1500	PJSIP/1290-00015805	8335121500	14	0	NO ANSWER	Dial	1790266614.89592	1790266614.89592
2026-09-24 13:21:35	83987037769	1500	PJSIP/1290-0001580d	8335121500	20	0	NO ANSWER	Dial	1790266895.89602	1790266895.89602
2026-09-24 13:21:56	83987037769	1500	PJSIP/1457-0001580e	8335121500	20	0	NO ANSWER	Dial	1790266895.89602	1790266895.89602
2026-09-24 13:22:16	83987037769	1500	PJSIP/1291-00015814	8335121500	11	0	NO ANSWER	Dial	1790266895.89602	1790266895.89602
2026-09-24 13:22:32	998738876	1500	PJSIP/1290-0001581a	8335121500	20	0	NO ANSWER	Dial	1790266952.89615	1790266952.89615
2026-09-24 13:22:52	998738876	1500	PJSIP/1457-0001581b	8335121500	7	0	NO ANSWER	Dial	1790266952.89615	1790266952.89615
2026-09-24 13:23:59	998738876	1500	PJSIP/1290-00015820	8335121500	20	0	NO ANSWER	Dial	1790267039.89623	1790267039.89623
2026-09-24 13:24:20	998738876	1500	PJSIP/1457-00015821	8335121500	1	0	NO ANSWER	Dial	1790267039.89623	1790267039.89623
2026-09-24 13:25:23	83993927960	1500	PJSIP/1290-00015828	8335121500	20	0	NO ANSWER	Dial	1790267123.89631	1790267123.89631
2026-09-24 13:25:44	83993927960	1500	PJSIP/1457-0001582b	8335121500	14	0	NO ANSWER	Dial	1790267123.89631	1790267123.89631
2026-09-24 13:26:41	83998026245	1500	PJSIP/1290-00015832	8335121500	20	0	NO ANSWER	Dial	1790267201.89641	1790267201.89641
2026-09-24 13:27:02	83998026245	1500	PJSIP/1457-00015833	8335121500	13	0	ANSWERED	Dial	1790267201.89641	1790267201.89641
2026-09-24 13:27:15	83998026245	1500	PJSIP/1326-00015834	8335121500	80	80	ANSWERED	Dial	1790267201.89641	1790267201.89641
2026-09-24 14:17:30	91989350715	1500	PJSIP/1290-00015969	8335121500	195	189	ANSWERED	Dial	1790270250.89956	1790270250.89956
2026-09-24 14:23:32	83991619215	1500	PJSIP/1290-0001598c	8335121500	314	311	ANSWERED	Dial	1790270612.89991	1790270612.89991
2026-09-24 14:38:56	83988875580	1500	PJSIP/1290-000159bc	8335121500	173	170	ANSWERED	Dial	1790271536.90043	1790271536.90043
2026-09-24 14:47:13	83996684652	1500	PJSIP/1290-000159c1	8335121500	310	308	ANSWERED	Dial	1790272033.90048	1790272033.90048
2026-09-24 14:57:47	996416939	1500	PJSIP/1290-000159f1	8335121500	196	191	ANSWERED	Dial	1790272667.90096	1790272667.90096
2026-09-24 15:36:15	83987465998	1500	PJSIP/1290-00015a85	8335121500	21	2	ANSWERED	Dial	1790274975.90250	1790274975.90250
2026-09-24 15:37:37	83987465998	1500	PJSIP/1290-00015a8a	8335121500	20	0	NO ANSWER	Dial	1790275057.90255	1790275057.90255
2026-09-24 15:37:57	83987465998	1500	PJSIP/1457-00015a8b	8335121500	139	135	ANSWERED	Dial	1790275057.90255	1790275057.90255
2026-09-24 16:00:29	83988446604	1500	PJSIP/1290-00015ad8	8335121500	103	96	ANSWERED	Dial	1790276429.90337	1790276429.90337
2026-09-24 16:04:12	83982284336	1500	PJSIP/1290-00015ae1	8335121500	20	0	NO ANSWER	Dial	1790276652.90346	1790276652.90346
2026-09-24 16:04:32	83982284336	1500	PJSIP/1457-00015ae2	8335121500	6	0	ANSWERED	Dial	1790276652.90346	1790276652.90346
2026-09-24 16:04:39	83982284336	1500	PJSIP/1456-00015ae3	8335121500	62	62	ANSWERED	Dial	1790276652.90346	1790276652.90346
2026-09-24 16:28:44	83998628944	1500	PJSIP/1290-00015b1c	8335121500	15	10	ANSWERED	Dial	1790278124.90405	1790278124.90405
2026-09-24 16:36:21	83988818815	1500	PJSIP/1290-00015b2b	8335121500	20	0	NO ANSWER	Dial	1790278581.90420	1790278581.90420
2026-09-24 16:36:41	83988818815	1500	PJSIP/1457-00015b2c	8335121500	4	0	ANSWERED	Dial	1790278581.90420	1790278581.90420
2026-09-24 16:56:16	83996837775	1500	PJSIP/1290-00015b4d	8335121500	11	0	NO ANSWER	Dial	1790279776.90454	1790279776.90454
2026-09-24 17:09:46	83991169300	1500	PJSIP/1290-00015b55	8335121500	20	0	NO ANSWER	Dial	1790280586.90462	1790280586.90462
2026-09-24 17:10:07	83991169300	1500	PJSIP/1457-00015b5b	8335121500	500	497	ANSWERED	Dial	1790280586.90462	1790280586.90462
2026-09-24 17:17:54	999311060	1500	PJSIP/1290-00015b78	8335121500	3	0	NO ANSWER	Dial	1790281074.90509	1790281074.90509
2026-09-24 18:32:58	83986012026	1500	PJSIP/1290-00015bb2	8335121500	20	0	NO ANSWER	Dial	1790285578.90569	1790285578.90569
2026-09-24 18:33:19	83986012026	1500	PJSIP/1457-00015bb3	8335121500	4	0	ANSWERED	Dial	1790285578.90569	1790285578.90569
2026-09-24 18:33:23	83986012026	1500	PJSIP/1456-00015bb4	8335121500	123	123	ANSWERED	Dial	1790285578.90569	1790285578.90569
2026-09-24 20:08:19	83998072653	1500	PJSIP/1290-00015bbd	8335121500	12	0	NO ANSWER	Dial	1790291299.90580	1790291299.90580
2026-09-24 20:09:26	83998072653	1500	PJSIP/1290-00015bbf	8335121500	8	0	NO ANSWER	Dial	1790291366.90582	1790291366.90582
2026-09-25 06:55:17	83986637051	1500	PJSIP/1290-00015bd3	8335121500	20	0	NO ANSWER	Dial	1790330117.90602	1790330117.90602
2026-09-25 06:55:38	83986637051	1500	PJSIP/1457-00015bd5	8335121500	92	88	ANSWERED	Dial	1790330117.90602	1790330117.90602
2026-09-25 08:17:13	83986898088	1500	PJSIP/1290-00015ca2	8335121500	20	0	NO ANSWER	Dial	1790335033.90811	1790335033.90811
2026-09-25 08:17:33	83986898088	1500	PJSIP/1457-00015ca5	8335121500	20	0	NO ANSWER	Dial	1790335033.90811	1790335033.90811
2026-09-25 08:17:53	83986898088	1500	PJSIP/1291-00015ca6	8335121500	4	1	ANSWERED	Dial	1790335033.90811	1790335033.90811
2026-09-25 08:18:03	83986898088	1500	PJSIP/1290-00015ca8	8335121500	20	0	NO ANSWER	Dial	1790335083.90817	1790335083.90817
2026-09-25 08:18:24	83986898088	1500	PJSIP/1457-00015caf	8335121500	11	0	ANSWERED	Dial	1790335083.90817	1790335083.90817
2026-09-25 08:18:35	83986898088	1500	PJSIP/1286-00015cb2	8335121500	259	259	ANSWERED	Dial	1790335083.90817	1790335083.90817
2026-09-25 08:26:02	999185723	1500	PJSIP/1290-00015cde	8335121500	0	0	NO ANSWER	Dial	1790335562.90873	1790335562.90873
2026-09-25 08:27:50	999185723	1500	PJSIP/1290-00015ce6	8335121500	20	0	NO ANSWER	Dial	1790335670.90881	1790335670.90881
2026-09-25 08:28:11	999185723	1500	PJSIP/1457-00015ce9	8335121500	88	86	ANSWERED	Dial	1790335670.90881	1790335670.90881
2026-09-25 08:36:48	83988900021	1500	PJSIP/1290-00015d1d	8335121500	258	254	ANSWERED	Dial	1790336208.90936	1790336208.90936
2026-09-25 08:56:15	83988804169	1500	PJSIP/1290-00015d71	8335121500	20	0	NO ANSWER	Dial	1790337375.91020	1790337375.91020
2026-09-25 08:56:36	83988804169	1500	PJSIP/1457-00015d75	8335121500	13	0	ANSWERED	Dial	1790337375.91020	1790337375.91020
2026-09-25 08:56:50	83988804169	1500	PJSIP/1454-00015d78	8335121500	67	67	ANSWERED	Dial	1790337375.91020	1790337375.91020
2026-09-25 08:59:13	83993824136	1500	PJSIP/1290-00015d7f	8335121500	20	0	NO ANSWER	Dial	1790337553.91034	1790337553.91034
2026-09-25 08:59:33	83993824136	1500	PJSIP/1457-00015d82	8335121500	13	0	NO ANSWER	Dial	1790337553.91034	1790337553.91034
2026-09-25 09:16:15	998018992	1500	PJSIP/1290-00015de3	8335121500	20	0	NO ANSWER	Dial	1790338575.91140	1790338575.91140
2026-09-25 09:16:35	998018992	1500	PJSIP/1457-00015de4	8335121500	217	215	ANSWERED	Dial	1790338575.91140	1790338575.91140
2026-09-25 09:23:20	996590003	1500	PJSIP/1290-00015dfb	8335121500	154	141	ANSWERED	Dial	1790339000.91164	1790339000.91164
2026-09-25 09:24:23	83987746132	1500	PJSIP/1290-00015e01	8335121500	20	0	NO ANSWER	Dial	1790339063.91170	1790339063.91170
2026-09-25 09:24:44	83987746132	1500	PJSIP/1457-00015e02	8335121500	36	34	ANSWERED	Dial	1790339063.91170	1790339063.91170
2026-09-25 09:35:27	83991571592	1500	PJSIP/1290-00015e46	8335121500	76	64	ANSWERED	Dial	1790339727.91239	1790339727.91239
2026-09-25 09:40:54	83987051341	1500	PJSIP/1290-00015e71	8335121500	20	0	NO ANSWER	Dial	1790340054.91286	1790340054.91286
2026-09-25 09:41:14	83987051341	1500	PJSIP/1457-00015e74	8335121500	81	78	ANSWERED	Dial	1790340054.91286	1790340054.91286
2026-09-25 09:44:22	83987116183	1500	PJSIP/1290-00015e8a	8335121500	20	0	NO ANSWER	Dial	1790340262.91313	1790340262.91313
2026-09-25 09:44:43	83987116183	1500	PJSIP/1457-00015e8c	8335121500	20	0	NO ANSWER	Dial	1790340262.91313	1790340262.91313
2026-09-25 09:45:03	83987116183	1500	PJSIP/1291-00015e91	8335121500	1	0	NO ANSWER	Dial	1790340262.91313	1790340262.91313
2026-09-25 09:52:58	83991324323	1500	PJSIP/1290-00015ecb	8335121500	20	0	NO ANSWER	Dial	1790340778.91378	1790340778.91378
2026-09-25 09:53:18	83991324323	1500	PJSIP/1457-00015ecc	8335121500	9	0	ANSWERED	Dial	1790340778.91378	1790340778.91378
2026-09-25 09:53:28	83991324323	1500	PJSIP/1456-00015ecd	8335121500	267	267	ANSWERED	Dial	1790340778.91378	1790340778.91378
2026-09-25 09:54:27	8335121607	35121500	PJSIP/Brisa-00015ecf		0	0	NO ANSWER	Dial	1790340867.91382	1790340867.91382
2026-09-25 09:55:10	8335121607	35121500	PJSIP/Brisa-00015ed6		53	49	ANSWERED	Dial	1790340910.91389	1790340910.91389
2026-09-25 09:55:10	8335121607	1500	PJSIP/1290-00015ed8	8335121500	52	49	ANSWERED	Dial	1790340910.91391	1790340910.91391
2026-09-25 10:13:51	83986044814	1500	PJSIP/1290-00015f43	8335121500	63	43	ANSWERED	Dial	1790342031.91498	1790342031.91498
2026-09-25 10:34:05	83991129167	1500	PJSIP/1290-00015fb3	8335121500	65	62	ANSWERED	Dial	1790343245.91614	1790343245.91614
2026-09-25 10:40:34	83982151669	1500	PJSIP/1290-00015fd4	8335121500	20	0	NO ANSWER	Dial	1790343634.91647	1790343634.91647
2026-09-25 10:40:54	83982151669	1500	PJSIP/1457-00015fd5	8335121500	52	49	ANSWERED	Dial	1790343634.91647	1790343634.91647
2026-09-25 11:33:30	83998218555	1500	PJSIP/1290-000160df	8335121500	20	0	NO ANSWER	Dial	1790346810.91924	1790346810.91924
2026-09-25 11:33:50	83998218555	1500	PJSIP/1457-000160e1	8335121500	104	97	ANSWERED	Dial	1790346810.91924	1790346810.91924
2026-09-25 11:34:13	999302175	1500	PJSIP/1290-000160e7	8335121500	20	0	NO ANSWER	Dial	1790346853.91932	1790346853.91932
2026-09-25 11:34:34	999302175	1500	PJSIP/1457-000160e8	8335121500	20	0	NO ANSWER	Dial	1790346853.91932	1790346853.91932
2026-09-25 11:34:54	999302175	1500	PJSIP/1291-000160e9	8335121500	3	1	ANSWERED	Dial	1790346853.91932	1790346853.91932
2026-09-25 11:35:43	999302175	1500	PJSIP/1290-000160ef	8335121500	20	0	NO ANSWER	Dial	1790346943.91938	1790346943.91938
2026-09-25 11:36:03	999302175	1500	PJSIP/1457-000160f2	8335121500	109	106	ANSWERED	Dial	1790346943.91938	1790346943.91938
2026-09-25 11:38:15	996758528	1500	PJSIP/1290-000160fb	8335121500	20	0	NO ANSWER	Dial	1790347095.91952	1790347095.91952
2026-09-25 11:38:36	996758528	1500	PJSIP/1457-000160fd	8335121500	43	39	ANSWERED	Dial	1790347095.91952	1790347095.91952
2026-09-25 11:41:36	83987645641	1500	PJSIP/1290-0001612d	8335121500	20	0	NO ANSWER	Dial	1790347296.92004	1790347296.92004
2026-09-25 11:41:56	83987645641	1500	PJSIP/1457-00016132	8335121500	2	0	NO ANSWER	Dial	1790347296.92004	1790347296.92004
2026-09-25 11:43:42	83991249686	1500	PJSIP/1290-0001614f	8335121500	20	0	NO ANSWER	Dial	1790347422.92040	1790347422.92040
2026-09-25 11:44:03	83991249686	1500	PJSIP/1457-00016150	8335121500	4	0	NO ANSWER	Dial	1790347422.92040	1790347422.92040
2026-09-25 11:58:00	83999534586	1500	PJSIP/1290-0001617e	8335121500	2	0	NO ANSWER	Dial	1790348280.92087	1790348280.92087
2026-09-25 11:58:15	83996037277	1500	PJSIP/1290-00016180	8335121500	0	0	NO ANSWER	Dial	1790348295.92089	1790348295.92089
2026-09-25 11:58:16	13991210574	1500	PJSIP/1290-00016182	8335121500	20	0	NO ANSWER	Dial	1790348296.92091	1790348296.92091
2026-09-25 11:58:37	13991210574	1500	PJSIP/1457-00016189	8335121500	20	0	NO ANSWER	Dial	1790348296.92091	1790348296.92091
2026-09-25 11:58:57	13991210574	1500	PJSIP/1291-00016194	8335121500	219	217	ANSWERED	Dial	1790348296.92091	1790348296.92091
2026-09-25 11:58:24	83993396116	1500	PJSIP/1290-00016184	8335121500	2	0	NO ANSWER	Dial	1790348304.92093	1790348304.92093
2026-09-25 11:58:26	83986039970	1500	PJSIP/1290-00016186	8335121500	20	0	NO ANSWER	Dial	1790348306.92095	1790348306.92095
2026-09-25 11:58:46	83986039970	1500	PJSIP/1457-0001618c	8335121500	7	0	NO ANSWER	Dial	1790348306.92095	1790348306.92095
2026-09-25 11:58:28	83988932840	1500	PJSIP/1290-00016188	8335121500	20	0	NO ANSWER	Dial	1790348308.92097	1790348308.92097
2026-09-25 11:58:48	83988932840	1500	PJSIP/1457-0001618d	8335121500	20	0	NO ANSWER	Dial	1790348308.92097	1790348308.92097
2026-09-25 11:59:08	83988932840	1500	PJSIP/1291-00016195	8335121500	4	0	NO ANSWER	Dial	1790348308.92097	1790348308.92097
2026-09-25 11:58:55	83986479700	1500	PJSIP/1290-00016193	8335121500	20	0	NO ANSWER	Dial	1790348335.92108	1790348335.92108
2026-09-25 11:59:16	83986479700	1500	PJSIP/1457-00016196	8335121500	16	0	NO ANSWER	Dial	1790348335.92108	1790348335.92108
2026-09-25 11:59:17	83987131757	1500	PJSIP/1290-00016198	8335121500	20	0	NO ANSWER	Dial	1790348357.92113	1790348357.92113
2026-09-25 11:59:37	83987131757	1500	PJSIP/1457-0001619b	8335121500	20	0	NO ANSWER	Dial	1790348357.92113	1790348357.92113
2026-09-25 11:59:57	83987131757	1500	PJSIP/1291-0001619d	8335121500	2	0	NO ANSWER	Dial	1790348357.92113	1790348357.92113
2026-09-25 11:59:36	83986631640	1500	PJSIP/1290-0001619a	8335121500	20	0	NO ANSWER	Dial	1790348376.92115	1790348376.92115
2026-09-25 11:59:56	83986631640	1500	PJSIP/1457-0001619c	8335121500	20	0	NO ANSWER	Dial	1790348376.92115	1790348376.92115
2026-09-25 12:00:16	83986631640	1500	PJSIP/1291-000161a0	8335121500	8	0	NO ANSWER	Dial	1790348376.92115	1790348376.92115
2026-09-25 12:00:00	996278566	1500	PJSIP/1290-0001619f	8335121500	20	0	NO ANSWER	Dial	1790348400.92120	1790348400.92120
2026-09-25 12:00:21	996278566	1500	PJSIP/1457-000161a1	8335121500	20	0	NO ANSWER	Dial	1790348400.92120	1790348400.92120
2026-09-25 12:00:41	996278566	1500	PJSIP/1291-000161a6	8335121500	15	0	ANSWERED	Dial	1790348400.92120	1790348400.92120
2026-09-25 12:00:56	996278566	1500	PJSIP/1456-000161ab	8335121500	11	11	ANSWERED	Dial	1790348400.92120	1790348400.92120
2026-09-25 12:00:31	83996104910	1500	PJSIP/1290-000161a3	8335121500	20	0	NO ANSWER	Dial	1790348431.92124	1790348431.92124
2026-09-25 12:00:52	83996104910	1500	PJSIP/1457-000161aa	8335121500	20	0	NO ANSWER	Dial	1790348431.92124	1790348431.92124
2026-09-25 12:01:12	83996104910	1500	PJSIP/1291-000161b0	8335121500	19	0	NO ANSWER	Dial	1790348431.92124	1790348431.92124
2026-09-25 12:01:10	998901589	1500	PJSIP/1290-000161af	8335121500	20	0	NO ANSWER	Dial	1790348470.92136	1790348470.92136
2026-09-25 12:01:30	998901589	1500	PJSIP/1457-000161b1	8335121500	1	0	NO ANSWER	Dial	1790348470.92136	1790348470.92136
2026-09-25 12:01:32	988682031	1500	PJSIP/1290-000161b3	8335121500	20	0	NO ANSWER	Dial	1790348492.92140	1790348492.92140
2026-09-25 12:01:53	988682031	1500	PJSIP/1457-000161b8	8335121500	20	0	NO ANSWER	Dial	1790348492.92140	1790348492.92140
2026-09-25 12:02:13	988682031	1500	PJSIP/1291-000161ba	8335121500	20	0	NO ANSWER	Dial	1790348492.92140	1790348492.92140
2026-09-25 12:02:33	988682031	1500	PJSIP/1286-000161bf	8335121500	0	0	NO ANSWER	Dial	1790348492.92140	1790348492.92140
2026-09-25 12:01:33	83988596447	1500	PJSIP/1290-000161b5	8335121500	20	0	NO ANSWER	Dial	1790348493.92142	1790348493.92142
2026-09-25 12:01:54	83988596447	1500	PJSIP/1457-000161b9	8335121500	20	0	NO ANSWER	Dial	1790348493.92142	1790348493.92142
2026-09-25 12:02:14	83988596447	1500	PJSIP/1291-000161be	8335121500	20	0	NO ANSWER	Dial	1790348493.92142	1790348493.92142
2026-09-25 12:02:34	83988596447	1500	PJSIP/1286-000161c0	8335121500	0	0	NO ANSWER	Dial	1790348493.92142	1790348493.92142
2026-09-25 12:02:35	83982334439	1500	PJSIP/1290-000161c2	8335121500	20	0	NO ANSWER	Dial	1790348555.92155	1790348555.92155
2026-09-25 12:02:56	83982334439	1500	PJSIP/1457-000161c5	8335121500	20	0	NO ANSWER	Dial	1790348555.92155	1790348555.92155
2026-09-25 12:03:16	83982334439	1500	PJSIP/1291-000161c9	8335121500	78	75	ANSWERED	Dial	1790348555.92155	1790348555.92155
2026-09-25 12:02:45	83988596447	1500	PJSIP/1290-000161c4	8335121500	20	0	NO ANSWER	Dial	1790348565.92157	1790348565.92157
2026-09-25 12:03:05	83988596447	1500	PJSIP/1457-000161c6	8335121500	20	0	NO ANSWER	Dial	1790348565.92157	1790348565.92157
2026-09-25 12:03:25	83988596447	1500	PJSIP/1291-000161ca	8335121500	0	0	NO ANSWER	Dial	1790348565.92157	1790348565.92157
2026-09-25 12:03:15	986013035	1500	PJSIP/1290-000161c8	8335121500	20	0	NO ANSWER	Dial	1790348595.92161	1790348595.92161
2026-09-25 12:03:35	986013035	1500	PJSIP/1457-000161cb	8335121500	15	0	ANSWERED	Dial	1790348595.92161	1790348595.92161
2026-09-25 12:03:50	986013035	1500	PJSIP/1286-000161ce	8335121500	193	193	ANSWERED	Dial	1790348595.92161	1790348595.92161
2026-09-25 12:03:48	83987393281	1500	PJSIP/1290-000161cd	8335121500	0	0	NO ANSWER	Dial	1790348628.92166	1790348628.92166
2026-09-25 12:05:22	21988602326	1500	PJSIP/1290-000161d6	8335121500	20	0	NO ANSWER	Dial	1790348722.92175	1790348722.92175
2026-09-25 12:05:42	21988602326	1500	PJSIP/1457-000161d7	8335121500	1	0	NO ANSWER	Dial	1790348722.92175	1790348722.92175
2026-09-25 12:06:08	988602326	1500	PJSIP/1290-000161d9	8335121500	20	0	NO ANSWER	Dial	1790348768.92178	1790348768.92178
2026-09-25 12:06:28	988602326	1500	PJSIP/1457-000161de	8335121500	20	0	NO ANSWER	Dial	1790348768.92178	1790348768.92178
2026-09-25 12:06:48	988602326	1500	PJSIP/1291-000161e5	8335121500	106	100	ANSWERED	Dial	1790348768.92178	1790348768.92178
2026-09-25 12:06:20	83987609350	1500	PJSIP/1290-000161dd	8335121500	20	0	NO ANSWER	Dial	1790348780.92182	1790348780.92182
2026-09-25 12:06:41	83987609350	1500	PJSIP/1457-000161df	8335121500	20	0	NO ANSWER	Dial	1790348780.92182	1790348780.92182
2026-09-25 12:07:01	83987609350	1500	PJSIP/1291-000161e6	8335121500	20	0	NO ANSWER	Dial	1790348780.92182	1790348780.92182
2026-09-25 12:07:21	83987609350	1500	PJSIP/1286-000161e7	8335121500	0	0	NO ANSWER	Dial	1790348780.92182	1790348780.92182
2026-09-25 12:10:02	83981831886	1500	PJSIP/1290-000161ef	8335121500	20	0	NO ANSWER	Dial	1790349002.92200	1790349002.92200
2026-09-25 12:10:22	83981831886	1500	PJSIP/1457-000161f0	8335121500	20	0	NO ANSWER	Dial	1790349002.92200	1790349002.92200
2026-09-25 12:10:42	83981831886	1500	PJSIP/1291-000161f3	8335121500	9	0	ANSWERED	Dial	1790349002.92200	1790349002.92200
2026-09-25 12:10:52	83981831886	1500	PJSIP/1286-000161f4	8335121500	6	6	ANSWERED	Dial	1790349002.92200	1790349002.92200
2026-09-25 12:11:13	83981831886	1500	PJSIP/1290-000161f8	8335121500	20	0	NO ANSWER	Dial	1790349073.92209	1790349073.92209
2026-09-25 12:11:33	83981831886	1500	PJSIP/1457-000161f9	8335121500	11	0	ANSWERED	Dial	1790349073.92209	1790349073.92209
2026-09-25 12:11:44	83981831886	1500	PJSIP/1454-000161fe	8335121500	75	75	ANSWERED	Dial	1790349073.92209	1790349073.92209
2026-09-25 12:11:36	981646241	1500	PJSIP/1290-000161fd	8335121500	20	0	NO ANSWER	Dial	1790349096.92214	1790349096.92214
2026-09-25 12:11:56	981646241	1500	PJSIP/1457-00016201	8335121500	20	0	NO ANSWER	Dial	1790349096.92214	1790349096.92214
2026-09-25 12:12:16	981646241	1500	PJSIP/1291-00016202	8335121500	5	0	NO ANSWER	Dial	1790349096.92214	1790349096.92214
2026-09-25 12:13:41	83993552882	1500	PJSIP/1290-00016204	8335121500	20	0	NO ANSWER	Dial	1790349221.92221	1790349221.92221
2026-09-25 12:14:01	83993552882	1500	PJSIP/1457-00016205	8335121500	9	0	NO ANSWER	Dial	1790349221.92221	1790349221.92221
2026-09-25 12:15:07	83987085200	1500	PJSIP/1290-00016207	8335121500	20	0	NO ANSWER	Dial	1790349307.92224	1790349307.92224
2026-09-25 12:15:28	83987085200	1500	PJSIP/1457-00016208	8335121500	20	0	NO ANSWER	Dial	1790349307.92224	1790349307.92224
2026-09-25 12:15:48	83987085200	1500	PJSIP/1291-00016209	8335121500	10	0	NO ANSWER	Dial	1790349307.92224	1790349307.92224
2026-09-25 12:17:45	83991562773	1500	PJSIP/1290-00016210	8335121500	20	0	NO ANSWER	Dial	1790349465.92233	1790349465.92233
2026-09-25 12:18:05	83991562773	1500	PJSIP/1457-00016211	8335121500	11	0	ANSWERED	Dial	1790349465.92233	1790349465.92233
2026-09-25 12:18:17	83991562773	1500	PJSIP/1454-00016212	8335121500	60	60	ANSWERED	Dial	1790349465.92233	1790349465.92233
2026-09-25 12:21:47	83987865507	1500	PJSIP/1290-0001622e	8335121500	20	0	NO ANSWER	Dial	1790349707.92263	1790349707.92263
2026-09-25 12:22:07	83987865507	1500	PJSIP/1457-0001622f	8335121500	108	94	ANSWERED	Dial	1790349707.92263	1790349707.92263
2026-09-25 12:31:01	83991797447	1500	PJSIP/1290-00016262	8335121500	20	0	NO ANSWER	Dial	1790350261.92315	1790350261.92315
2026-09-25 12:31:21	83991797447	1500	PJSIP/1457-00016263	8335121500	20	0	NO ANSWER	Dial	1790350261.92315	1790350261.92315
2026-09-25 12:31:42	83991797447	1500	PJSIP/1291-00016264	8335121500	20	0	NO ANSWER	Dial	1790350261.92315	1790350261.92315
2026-09-25 12:32:02	83991797447	1500	PJSIP/1286-00016267	8335121500	1	0	NO ANSWER	Dial	1790350261.92315	1790350261.92315
2026-09-25 12:38:33	83996377521	1500	PJSIP/1290-0001627d	8335121500	20	0	NO ANSWER	Dial	1790350713.92342	1790350713.92342
2026-09-25 12:38:53	83996377521	1500	PJSIP/1457-0001627e	8335121500	139	123	ANSWERED	Dial	1790350713.92342	1790350713.92342
2026-09-25 12:39:50	83987609350	1500	PJSIP/1290-00016283	8335121500	20	0	NO ANSWER	Dial	1790350790.92348	1790350790.92348
2026-09-25 12:40:11	83987609350	1500	PJSIP/1457-00016284	8335121500	20	0	NO ANSWER	Dial	1790350790.92348	1790350790.92348
2026-09-25 12:40:31	83987609350	1500	PJSIP/1291-00016285	8335121500	64	46	ANSWERED	Dial	1790350790.92348	1790350790.92348
2026-09-25 12:43:04	21986362175	1500	PJSIP/1290-00016291	8335121500	20	0	NO ANSWER	Dial	1790350984.92362	1790350984.92362
2026-09-25 12:43:25	21986362175	1500	PJSIP/1457-00016296	8335121500	20	0	NO ANSWER	Dial	1790350984.92362	1790350984.92362
2026-09-25 12:43:45	21986362175	1500	PJSIP/1291-00016297	8335121500	8	0	NO ANSWER	Dial	1790350984.92362	1790350984.92362
2026-09-25 12:47:07	83991384869	1500	PJSIP/1290-000162a1	8335121500	20	0	NO ANSWER	Dial	1790351227.92378	1790351227.92378
2026-09-25 12:47:28	83991384869	1500	PJSIP/1457-000162a4	8335121500	20	0	NO ANSWER	Dial	1790351227.92378	1790351227.92378
2026-09-25 12:47:48	83991384869	1500	PJSIP/1291-000162a7	8335121500	9	0	NO ANSWER	Dial	1790351227.92378	1790351227.92378
2026-09-25 12:47:16	83991062651	1500	PJSIP/1290-000162a3	8335121500	20	0	NO ANSWER	Dial	1790351236.92380	1790351236.92380
2026-09-25 12:47:37	83991062651	1500	PJSIP/1457-000162a6	8335121500	18	0	NO ANSWER	Dial	1790351236.92380	1790351236.92380
2026-09-25 12:48:12	83998661119	1500	PJSIP/1290-000162a9	8335121500	20	0	NO ANSWER	Dial	1790351292.92386	1790351292.92386
2026-09-25 12:48:32	83998661119	1500	PJSIP/1457-000162af	8335121500	0	0	NO ANSWER	Dial	1790351292.92386	1790351292.92386
2026-09-25 12:49:56	83988415936	1500	PJSIP/1290-000162b5	8335121500	20	0	NO ANSWER	Dial	1790351396.92398	1790351396.92398
2026-09-25 12:50:16	83988415936	1500	PJSIP/1457-000162b9	8335121500	20	0	NO ANSWER	Dial	1790351396.92398	1790351396.92398
2026-09-25 12:50:36	83988415936	1500	PJSIP/1291-000162bc	8335121500	5	0	ANSWERED	Dial	1790351396.92398	1790351396.92398
2026-09-25 12:50:42	83988415936	1500	PJSIP/1286-000162bd	8335121500	228	228	ANSWERED	Dial	1790351396.92398	1790351396.92398
2026-09-25 12:50:35	999426127	1500	PJSIP/1290-000162bb	8335121500	1	0	NO ANSWER	Dial	1790351435.92404	1790351435.92404
2026-09-25 12:51:13	83999228373	1500	PJSIP/1290-000162bf	8335121500	20	0	NO ANSWER	Dial	1790351473.92408	1790351473.92408
2026-09-25 12:51:33	83999228373	1500	PJSIP/1457-000162c0	8335121500	14	0	NO ANSWER	Dial	1790351473.92408	1790351473.92408
2026-09-25 12:52:29	999522333	1500	PJSIP/1290-000162c5	8335121500	16	0	NO ANSWER	Dial	1790351549.92414	1790351549.92414
2026-09-25 12:53:52	998087949	1500	PJSIP/1290-000162cf	8335121500	20	0	NO ANSWER	Dial	1790351632.92424	1790351632.92424
2026-09-25 12:54:12	998087949	1500	PJSIP/1457-000162d0	8335121500	20	0	NO ANSWER	Dial	1790351632.92424	1790351632.92424
2026-09-25 12:54:32	998087949	1500	PJSIP/1291-000162d1	8335121500	5	0	ANSWERED	Dial	1790351632.92424	1790351632.92424
2026-09-25 12:54:37	998087949	1500	PJSIP/1286-000162d2	8335121500	79	79	ANSWERED	Dial	1790351632.92424	1790351632.92424
2026-09-25 12:58:03	83986670529	1500	PJSIP/1290-000162e3	8335121500	20	0	NO ANSWER	Dial	1790351883.92446	1790351883.92446
2026-09-25 12:58:24	83986670529	1500	PJSIP/1457-000162e6	8335121500	17	0	NO ANSWER	Dial	1790351883.92446	1790351883.92446
2026-09-25 12:58:19	996204984	1500	PJSIP/1290-000162e5	8335121500	20	0	NO ANSWER	Dial	1790351899.92448	1790351899.92448
2026-09-25 12:58:40	996204984	1500	PJSIP/1457-000162ea	8335121500	20	0	NO ANSWER	Dial	1790351899.92448	1790351899.92448
2026-09-25 12:59:00	996204984	1500	PJSIP/1291-000162ef	8335121500	4	0	NO ANSWER	Dial	1790351899.92448	1790351899.92448
2026-09-25 12:58:41	83991869463	1500	PJSIP/1290-000162ec	8335121500	20	0	NO ANSWER	Dial	1790351921.92455	1790351921.92455
2026-09-25 12:59:01	83991869463	1500	PJSIP/1457-000162f0	8335121500	20	0	NO ANSWER	Dial	1790351921.92455	1790351921.92455
2026-09-25 12:59:21	83991869463	1500	PJSIP/1291-000162f6	8335121500	11	0	NO ANSWER	Dial	1790351921.92455	1790351921.92455
2026-09-25 12:59:27	996204984	1500	PJSIP/1290-000162f8	8335121500	20	0	NO ANSWER	Dial	1790351967.92467	1790351967.92467
2026-09-25 12:59:47	996204984	1500	PJSIP/1457-00016305	8335121500	20	0	NO ANSWER	Dial	1790351967.92467	1790351967.92467
2026-09-25 13:00:07	996204984	1500	PJSIP/1291-00016307	8335121500	5	0	NO ANSWER	Dial	1790351967.92467	1790351967.92467
2026-09-25 12:59:39	83991869463	1500	PJSIP/1290-00016302	8335121500	20	0	NO ANSWER	Dial	1790351979.92477	1790351979.92477
2026-09-25 12:59:59	83991869463	1500	PJSIP/1457-00016306	8335121500	20	0	NO ANSWER	Dial	1790351979.92477	1790351979.92477
2026-09-25 13:00:19	83991869463	1500	PJSIP/1291-0001630b	8335121500	11	0	NO ANSWER	Dial	1790351979.92477	1790351979.92477
2026-09-25 13:00:36	83991869463	1500	PJSIP/1290-0001630e	8335121500	20	0	NO ANSWER	Dial	1790352036.92489	1790352036.92489
2026-09-25 13:00:56	83991869463	1500	PJSIP/1457-00016312	8335121500	20	0	NO ANSWER	Dial	1790352036.92489	1790352036.92489
2026-09-25 13:01:16	83991869463	1500	PJSIP/1291-00016313	8335121500	18	0	NO ANSWER	Dial	1790352036.92489	1790352036.92489
2026-09-25 13:01:41	83991869463	1500	PJSIP/1290-00016318	8335121500	20	0	NO ANSWER	Dial	1790352101.92499	1790352101.92499
2026-09-25 13:02:01	83991869463	1500	PJSIP/1457-00016319	8335121500	20	0	NO ANSWER	Dial	1790352101.92499	1790352101.92499
2026-09-25 13:02:21	83991869463	1500	PJSIP/1291-0001631c	8335121500	6	0	NO ANSWER	Dial	1790352101.92499	1790352101.92499
2026-09-25 13:02:34	83991869463	1500	PJSIP/1290-0001631e	8335121500	20	0	NO ANSWER	Dial	1790352154.92505	1790352154.92505
2026-09-25 13:02:54	83991869463	1500	PJSIP/1457-0001631f	8335121500	11	0	NO ANSWER	Dial	1790352154.92505	1790352154.92505
2026-09-25 13:04:22	83999971723	1500	PJSIP/1290-00016326	8335121500	20	0	NO ANSWER	Dial	1790352262.92513	1790352262.92513
2026-09-25 13:04:42	83999971723	1500	PJSIP/1457-00016327	8335121500	20	0	NO ANSWER	Dial	1790352262.92513	1790352262.92513
2026-09-25 13:05:02	83999971723	1500	PJSIP/1291-00016328	8335121500	20	0	NO ANSWER	Dial	1790352262.92513	1790352262.92513
2026-09-25 13:05:22	83999971723	1500	PJSIP/1286-00016329	8335121500	0	0	NO ANSWER	Dial	1790352262.92513	1790352262.92513
2026-09-25 13:06:26	83986871955	1500	PJSIP/1290-0001632d	8335121500	20	0	NO ANSWER	Dial	1790352386.92520	1790352386.92520
2026-09-25 13:06:46	83986871955	1500	PJSIP/1457-00016332	8335121500	20	0	NO ANSWER	Dial	1790352386.92520	1790352386.92520
2026-09-25 13:07:06	83986871955	1500	PJSIP/1291-00016333	8335121500	8	0	NO ANSWER	Dial	1790352386.92520	1790352386.92520
2026-09-25 13:12:39	83986722387	1500	PJSIP/1290-00016340	8335121500	20	0	NO ANSWER	Dial	1790352759.92539	1790352759.92539
2026-09-25 13:12:59	83986722387	1500	PJSIP/1457-00016341	8335121500	6	0	NO ANSWER	Dial	1790352759.92539	1790352759.92539
2026-09-25 13:19:46	83996204984	1500	PJSIP/1290-00016359	8335121500	20	0	NO ANSWER	Dial	1790353186.92564	1790353186.92564
2026-09-25 13:20:06	83996204984	1500	PJSIP/1457-0001635a	8335121500	20	0	NO ANSWER	Dial	1790353186.92564	1790353186.92564
2026-09-25 13:20:26	83996204984	1500	PJSIP/1291-0001635e	8335121500	8	0	ANSWERED	Dial	1790353186.92564	1790353186.92564
2026-09-25 13:20:35	83996204984	1500	PJSIP/1286-00016360	8335121500	127	127	ANSWERED	Dial	1790353186.92564	1790353186.92564
2026-09-25 13:24:50	996610920	1500	PJSIP/1290-00016374	8335121500	20	0	NO ANSWER	Dial	1790353490.92591	1790353490.92591
2026-09-25 13:25:10	996610920	1500	PJSIP/1457-00016377	8335121500	1	0	NO ANSWER	Dial	1790353490.92591	1790353490.92591
2026-09-25 13:26:34	83986871955	1500	PJSIP/1290-0001637e	8335121500	20	0	NO ANSWER	Dial	1790353594.92601	1790353594.92601
2026-09-25 13:26:54	83986871955	1500	PJSIP/1457-00016381	8335121500	20	0	NO ANSWER	Dial	1790353594.92601	1790353594.92601
2026-09-25 13:27:14	83986871955	1500	PJSIP/1291-00016383	8335121500	4	0	ANSWERED	Dial	1790353594.92601	1790353594.92601
2026-09-25 13:27:19	83986871955	1500	PJSIP/1286-00016384	8335121500	102	102	ANSWERED	Dial	1790353594.92601	1790353594.92601
2026-09-25 13:29:07	996610920	1500	PJSIP/1290-00016389	8335121500	20	0	NO ANSWER	Dial	1790353747.92612	1790353747.92612
2026-09-25 13:29:27	996610920	1500	PJSIP/1457-00016391	8335121500	119	117	ANSWERED	Dial	1790353747.92612	1790353747.92612
2026-09-25 13:29:26	83986220688	1500	PJSIP/1290-0001638e	8335121500	20	0	NO ANSWER	Dial	1790353766.92617	1790353766.92617
2026-09-25 13:29:47	83986220688	1500	PJSIP/1457-00016392	8335121500	20	0	NO ANSWER	Dial	1790353766.92617	1790353766.92617
2026-09-25 13:30:07	83986220688	1500	PJSIP/1291-00016398	8335121500	8	0	ANSWERED	Dial	1790353766.92617	1790353766.92617
2026-09-25 13:30:15	83986220688	1500	PJSIP/1286-00016399	8335121500	0	0	ANSWERED	Dial	1790353766.92617	1790353766.92617
2026-09-25 13:36:51	83988200143	1500	PJSIP/1290-000163c7	8335121500	20	0	NO ANSWER	Dial	1790354211.92674	1790354211.92674
2026-09-25 13:37:11	83988200143	1500	PJSIP/1457-000163ca	8335121500	5	0	ANSWERED	Dial	1790354211.92674	1790354211.92674
2026-09-25 13:37:17	83988200143	1500	PJSIP/1456-000163cc	8335121500	66	66	ANSWERED	Dial	1790354211.92674	1790354211.92674
2026-09-25 13:36:53	83993199303	1500	PJSIP/1290-000163c9	8335121500	20	0	NO ANSWER	Dial	1790354213.92676	1790354213.92676
2026-09-25 13:37:13	83993199303	1500	PJSIP/1457-000163cb	8335121500	20	0	NO ANSWER	Dial	1790354213.92676	1790354213.92676
2026-09-25 13:37:33	83993199303	1500	PJSIP/1291-000163cf	8335121500	249	241	ANSWERED	Dial	1790354213.92676	1790354213.92676
2026-09-25 13:40:36	83988843522	1500	PJSIP/1290-000163d8	8335121500	20	0	NO ANSWER	Dial	1790354436.92691	1790354436.92691
2026-09-25 13:40:56	83988843522	1500	PJSIP/1457-000163d9	8335121500	112	110	ANSWERED	Dial	1790354436.92691	1790354436.92691
2026-09-25 13:42:11	83996548072	1500	PJSIP/1290-000163e1	8335121500	20	0	NO ANSWER	Dial	1790354531.92700	1790354531.92700
2026-09-25 13:42:31	83996548072	1500	PJSIP/1457-000163e4	8335121500	20	0	NO ANSWER	Dial	1790354531.92700	1790354531.92700
2026-09-25 13:42:52	83996548072	1500	PJSIP/1291-000163e7	8335121500	13	0	ANSWERED	Dial	1790354531.92700	1790354531.92700
2026-09-25 13:43:05	83996548072	1500	PJSIP/1286-000163eb	8335121500	79	79	ANSWERED	Dial	1790354531.92700	1790354531.92700
2026-09-25 13:52:24	8335121442	35121500	PJSIP/Brisa-0001642a		29	0	ANSWERED	Dial	1790355144.92773	1790355144.92773
2026-09-25 13:52:25	8335121442	1500	PJSIP/1290-0001642c	8335121500	20	0	NO ANSWER	Dial	1790355145.92775	1790355145.92775
2026-09-25 13:52:45	8335121442	1500	PJSIP/1457-00016432	8335121500	9	0	ANSWERED	Dial	1790355145.92775	1790355145.92775
2026-09-25 13:53:36	83987915191	1500	PJSIP/1290-00016438	8335121500	20	0	NO ANSWER	Dial	1790355216.92789	1790355216.92789
2026-09-25 13:53:56	83987915191	1500	PJSIP/1457-0001643b	8335121500	7	0	ANSWERED	Dial	1790355216.92789	1790355216.92789
2026-09-25 13:54:03	83987915191	1500	PJSIP/1456-0001643c	8335121500	77	77	ANSWERED	Dial	1790355216.92789	1790355216.92789
2026-09-25 13:55:56	83991067641	1500	PJSIP/1290-0001644d	8335121500	20	0	NO ANSWER	Dial	1790355356.92810	1790355356.92810
2026-09-25 13:56:16	83991067641	1500	PJSIP/1457-00016452	8335121500	7	0	ANSWERED	Dial	1790355356.92810	1790355356.92810
2026-09-25 13:56:24	83991067641	1500	PJSIP/1454-00016453	8335121500	35	35	ANSWERED	Dial	1790355356.92810	1790355356.92810
2026-09-25 13:57:16	83988889844	1500	PJSIP/1290-0001645b	8335121500	20	0	NO ANSWER	Dial	1790355436.92824	1790355436.92824
2026-09-25 13:57:36	83988889844	1500	PJSIP/1457-00016462	8335121500	7	0	ANSWERED	Dial	1790355436.92824	1790355436.92824
2026-09-25 13:57:44	83988889844	1500	PJSIP/1456-00016467	8335121500	78	78	ANSWERED	Dial	1790355436.92824	1790355436.92824
2026-09-25 14:03:36	8332334842	1500	PJSIP/1290-00016492	8335121500	20	0	NO ANSWER	Dial	1790355816.92879	1790355816.92879
2026-09-25 14:03:56	8332334842	1500	PJSIP/1457-00016496	8335121500	20	0	NO ANSWER	Dial	1790355816.92879	1790355816.92879
2026-09-25 14:04:16	8332334842	1500	PJSIP/1291-00016498	8335121500	0	0	NO ANSWER	Dial	1790355816.92879	1790355816.92879
2026-09-25 14:04:47	8332334842	1500	PJSIP/1290-0001649c	8335121500	20	0	NO ANSWER	Dial	1790355887.92889	1790355887.92889
2026-09-25 14:05:07	8332334842	1500	PJSIP/1457-000164a1	8335121500	20	0	NO ANSWER	Dial	1790355887.92889	1790355887.92889
2026-09-25 14:25:46	83996377521	1500	PJSIP/1290-00016509	8335121500	20	0	NO ANSWER	Dial	1790357146.92998	1790357146.92998
2026-09-25 14:26:06	83996377521	1500	PJSIP/1457-0001650b	8335121500	20	0	NO ANSWER	Dial	1790357146.92998	1790357146.92998
2026-09-25 14:26:26	83996377521	1500	PJSIP/1291-00016515	8335121500	8	0	ANSWERED	Dial	1790357146.92998	1790357146.92998
2026-09-25 14:26:35	83996377521	1500	PJSIP/1286-00016518	8335121500	152	152	ANSWERED	Dial	1790357146.92998	1790357146.92998
2026-09-25 14:27:01	83987236878	1500	PJSIP/1290-0001651a	8335121500	20	0	NO ANSWER	Dial	1790357221.93015	1790357221.93015
2026-09-25 14:27:21	83987236878	1500	PJSIP/1457-0001651b	8335121500	118	115	ANSWERED	Dial	1790357221.93015	1790357221.93015
2026-09-25 14:46:38	83999836211	1500	PJSIP/1290-00016557	8335121500	20	0	NO ANSWER	Dial	1790358398.93078	1790358398.93078
2026-09-25 14:46:58	83999836211	1500	PJSIP/1457-00016558	8335121500	6	0	ANSWERED	Dial	1790358398.93078	1790358398.93078
2026-09-25 14:47:04	83999836211	1500	PJSIP/1456-00016559	8335121500	87	87	ANSWERED	Dial	1790358398.93078	1790358398.93078
2026-09-25 14:49:39	1303	1500	PJSIP/1290-00016569		20	0	NO ANSWER	Dial	1790358579.93096	1790358579.93096
2026-09-25 14:49:59	1303	1500	PJSIP/1457-0001656c		6	2	ANSWERED	Dial	1790358579.93096	1790358579.93096
2026-09-25 14:54:52	83994172641	1500	PJSIP/1290-0001657c	8335121500	164	160	ANSWERED	Dial	1790358892.93115	1790358892.93115
2026-09-25 14:55:15	83987027964	1500	PJSIP/1290-00016580	8335121500	20	0	NO ANSWER	Dial	1790358915.93119	1790358915.93119
2026-09-25 14:55:35	83987027964	1500	PJSIP/1457-00016581	8335121500	135	133	ANSWERED	Dial	1790358915.93119	1790358915.93119
2026-09-25 15:13:34	83998497071	1500	PJSIP/1290-000165ba	8335121500	0	0	NO ANSWER	Dial	1790360014.93177	1790360014.93177
2026-09-25 15:24:37	83986822079	1500	PJSIP/1290-000165e5	8335121500	120	116	ANSWERED	Dial	1790360677.93220	1790360677.93220
2026-09-25 15:30:04	8333226009	1500	PJSIP/1290-000165f3	8335121500	108	100	ANSWERED	Dial	1790361004.93234	1790361004.93234
2026-09-25 16:25:13	83986740929	1500	PJSIP/1290-00016667	8335121500	115	104	ANSWERED	Dial	1790364313.93350	1790364313.93350
2026-09-25 18:11:16	83988147728	1500	PJSIP/1290-000166db	8335121500	5	0	ANSWERED	Dial	1790370676.93468	1790370676.93468
2026-09-25 18:11:21	83988147728	1500	PJSIP/1456-000166dc	8335121500	284	284	ANSWERED	Dial	1790370676.93468	1790370676.93468
2026-09-25 21:22:23	83987007623	1500	PJSIP/1290-000166ff	8335121500	20	0	NO ANSWER	Dial	1790382143.93504	1790382143.93504
2026-09-25 21:22:43	83987007623	1500	PJSIP/1457-00016700	8335121500	20	0	NO ANSWER	Dial	1790382143.93504	1790382143.93504
2026-09-25 21:23:03	83987007623	1500	PJSIP/1291-00016701	8335121500	8	0	NO ANSWER	Dial	1790382143.93504	1790382143.93504
2026-09-26 13:17:38	83981595221	1500	PJSIP/1290-00000068	8335121500	20	0	NO ANSWER	Dial	1790439458.103	1790439458.103
2026-09-26 13:17:59	83981595221	1500	PJSIP/1457-00000069	8335121500	207	204	ANSWERED	Dial	1790439458.103	1790439458.103
2026-09-26 14:04:43	83999010506	1500	PJSIP/1290-0000007c	8335121500	8	0	NO ANSWER	Dial	1790442283.123	1790442283.123
2026-09-26 14:34:10	996290109	1500	PJSIP/1290-0000008d	8335121500	0	0	NO ANSWER	Dial	1790444050.142	1790444050.142
2026-09-26 14:34:59	83996290109	1500	PJSIP/1290-0000008f	8335121500	15	0	ANSWERED	Dial	1790444099.144	1790444099.144
2026-09-26 14:35:15	83996290109	1500	PJSIP/1456-00000090	8335121500	124	124	ANSWERED	Dial	1790444099.144	1790444099.144
2026-09-26 18:11:52	81982320695	1500	PJSIP/1290-000000f4	8335121500	4	0	NO ANSWER	Dial	1790457112.247	1790457112.247
2026-09-26 18:14:13	81982320695	1500	PJSIP/1290-000000f6	8335121500	19	0	ANSWERED	Dial	1790457253.249	1790457253.249
2026-09-26 18:14:32	81982320695	1500	PJSIP/1456-000000f7	8335121500	80	80	ANSWERED	Dial	1790457253.249	1790457253.249
2026-09-27 09:14:36	83987444896	1500	PJSIP/1290-00000105	8335121500	15	12	ANSWERED	Dial	1790511276.264	1790511276.264
2026-09-27 09:18:32	84994130775	1500	PJSIP/1290-00000107	8335121500	9	0	ANSWERED	Dial	1790511512.266	1790511512.266
2026-09-27 09:18:42	84994130775	1500	PJSIP/1286-00000108	8335121500	438	438	ANSWERED	Dial	1790511512.266	1790511512.266
2026-09-27 10:20:43	83994133882	1500	PJSIP/1290-0000011b	8335121500	20	0	NO ANSWER	Dial	1790515243.286	1790515243.286
2026-09-27 10:21:03	83994133882	1500	PJSIP/1457-0000011c	8335121500	5	0	ANSWERED	Dial	1790515243.286	1790515243.286
2026-09-27 10:21:09	83994133882	1500	PJSIP/1323-0000011d	8335121500	105	105	ANSWERED	Dial	1790515243.286	1790515243.286
2026-09-27 10:44:32	83988410836	1500	PJSIP/1290-0000012a	8335121500	19	0	ANSWERED	Dial	1790516672.301	1790516672.301
2026-09-27 10:44:51	83988410836	1500	PJSIP/1323-0000012b	8335121500	293	293	ANSWERED	Dial	1790516672.301	1790516672.301
2026-09-27 11:39:29	999055970	1500	PJSIP/1290-00000137	8335121500	20	0	NO ANSWER	Dial	1790519969.314	1790519969.314
2026-09-27 11:39:50	999055970	1500	PJSIP/1457-00000138	8335121500	5	0	ANSWERED	Dial	1790519969.314	1790519969.314
2026-09-27 11:39:56	999055970	1500	PJSIP/1286-00000139	8335121500	70	70	ANSWERED	Dial	1790519969.314	1790519969.314
2026-09-27 11:51:36	83999240307	1500	PJSIP/1290-0000013c	8335121500	20	0	NO ANSWER	Dial	1790520696.319	1790520696.319
2026-09-27 11:51:56	83999240307	1500	PJSIP/1457-0000013d	8335121500	5	0	ANSWERED	Dial	1790520696.319	1790520696.319
2026-09-27 11:52:01	83999240307	1500	PJSIP/1286-0000013e	8335121500	88	88	ANSWERED	Dial	1790520696.319	1790520696.319
2026-09-27 18:06:40	83981488787	1500	PJSIP/1290-000001c3	8335121500	16	0	ANSWERED	Dial	1790543200.460	1790543200.460
2026-09-27 18:06:57	83981488787	1500	PJSIP/1323-000001c4	8335121500	0	0	ANSWERED	Dial	1790543200.460	1790543200.460
2026-09-27 18:07:36	83981488787	1500	PJSIP/1290-000001c6	8335121500	20	0	NO ANSWER	Dial	1790543256.463	1790543256.463
2026-09-27 18:07:56	83981488787	1500	PJSIP/1457-000001c7	8335121500	14	0	ANSWERED	Dial	1790543256.463	1790543256.463
2026-09-27 18:08:11	83981488787	1500	PJSIP/1286-000001c8	8335121500	80	80	ANSWERED	Dial	1790543256.463	1790543256.463
2026-09-27 18:11:18	83981488787	1500	PJSIP/1290-000001ca	8335121500	20	0	NO ANSWER	Dial	1790543478.467	1790543478.467
2026-09-27 18:11:38	83981488787	1500	PJSIP/1457-000001cb	8335121500	276	271	ANSWERED	Dial	1790543478.467	1790543478.467
2026-09-27 18:21:33	83999540452	1500	PJSIP/1290-000001d2	8335121500	20	0	NO ANSWER	Dial	1790544093.477	1790544093.477
2026-09-27 18:21:53	83999540452	1500	PJSIP/1457-000001d3	8335121500	6	0	ANSWERED	Dial	1790544093.477	1790544093.477
2026-09-27 18:21:59	83999540452	1500	PJSIP/1286-000001d4	8335121500	77	77	ANSWERED	Dial	1790544093.477	1790544093.477
2026-09-28 07:32:41	83988765113	1500	PJSIP/1290-00000228	8335121500	20	0	NO ANSWER	Dial	1790591561.563	1790591561.563
2026-09-28 07:33:01	83988765113	1500	PJSIP/1457-00000229	8335121500	20	0	NO ANSWER	Dial	1790591561.563	1790591561.563
2026-09-28 07:33:21	83988765113	1500	PJSIP/1291-0000022c	8335121500	116	113	ANSWERED	Dial	1790591561.563	1790591561.563
2026-09-28 07:54:53	83999902654	1500	PJSIP/1290-0000025b	8335121500	20	0	NO ANSWER	Dial	1790592893.618	1790592893.618
2026-09-28 07:55:14	83999902654	1500	PJSIP/1457-0000025c	8335121500	6	0	ANSWERED	Dial	1790592893.618	1790592893.618
2026-09-28 07:55:20	83999902654	1500	PJSIP/1323-0000025d	8335121500	37	37	ANSWERED	Dial	1790592893.618	1790592893.618
2026-09-28 07:55:59	83987145303	1500	PJSIP/1290-00000263	8335121500	2	0	NO ANSWER	Dial	1790592959.628	1790592959.628
2026-09-28 08:09:03	83988753974	1500	PJSIP/1290-000002a7	8335121500	108	94	ANSWERED	Dial	1790593743.712	1790593743.712
2026-09-28 08:14:03	83988353544	1500	PJSIP/1290-000002b7	8335121500	91	81	ANSWERED	Dial	1790594043.728	1790594043.728
2026-09-28 08:15:49	83981614317	1500	PJSIP/1290-000002d1	8335121500	20	0	NO ANSWER	Dial	1790594149.762	1790594149.762
2026-09-28 08:16:09	83981614317	1500	PJSIP/1457-000002d2	8335121500	73	71	ANSWERED	Dial	1790594149.762	1790594149.762
2026-09-28 08:18:42	999802975	1500	PJSIP/1290-000002d6	8335121500	20	0	NO ANSWER	Dial	1790594322.767	1790594322.767
2026-09-28 08:19:03	999802975	1500	PJSIP/1457-000002d7	8335121500	47	45	ANSWERED	Dial	1790594322.767	1790594322.767
2026-09-28 08:33:56	83998066545	1500	PJSIP/1290-00000323	8335121500	26	13	ANSWERED	Dial	1790595236.844	1790595236.844
2026-09-28 08:35:39	83998066545	1500	PJSIP/1290-0000032e	8335121500	57	53	ANSWERED	Dial	1790595339.855	1790595339.855
2026-09-28 08:42:07	83991996880	1500	PJSIP/1290-00000356	8335121500	20	0	NO ANSWER	Dial	1790595727.897	1790595727.897
2026-09-28 08:42:28	83991996880	1500	PJSIP/1457-0000035b	8335121500	7	3	ANSWERED	Dial	1790595727.897	1790595727.897
2026-09-28 09:01:38	83981517924	1500	PJSIP/1290-000003ee	8335121500	20	0	NO ANSWER	Dial	1790596898.1051	1790596898.1051
2026-09-28 09:01:59	83981517924	1500	PJSIP/1457-000003ef	8335121500	42	40	ANSWERED	Dial	1790596898.1051	1790596898.1051
2026-09-28 09:04:59	83988299749	1500	PJSIP/1290-00000413	8335121500	29	22	ANSWERED	Dial	1790597099.1088	1790597099.1088
2026-09-28 09:06:18	83986583970	1500	PJSIP/1290-00000421	8335121500	20	0	NO ANSWER	Dial	1790597178.1102	1790597178.1102
2026-09-28 09:06:38	83986583970	1500	PJSIP/1457-00000424	8335121500	43	37	ANSWERED	Dial	1790597178.1102	1790597178.1102
2026-09-28 09:08:46	83986514204	1500	PJSIP/1290-00000434	8335121500	20	0	NO ANSWER	Dial	1790597326.1121	1790597326.1121
2026-09-28 09:09:06	83986514204	1500	PJSIP/1457-00000438	8335121500	20	0	NO ANSWER	Dial	1790597326.1121	1790597326.1121
2026-09-28 09:09:26	83986514204	1500	PJSIP/1291-00000439	8335121500	7	0	ANSWERED	Dial	1790597326.1121	1790597326.1121
2026-09-28 09:09:33	83986514204	1500	PJSIP/1286-0000043a	8335121500	101	101	ANSWERED	Dial	1790597326.1121	1790597326.1121
2026-09-28 09:11:26	83988865900	1500	PJSIP/1290-00000446	8335121500	20	0	NO ANSWER	Dial	1790597486.1139	1790597486.1139
2026-09-28 09:11:46	83988865900	1500	PJSIP/1457-00000447	8335121500	32	26	ANSWERED	Dial	1790597486.1139	1790597486.1139
2026-09-28 09:19:07	83921524571	1500	PJSIP/1290-00000470	8335121500	20	0	NO ANSWER	Dial	1790597947.1181	1790597947.1181
2026-09-28 09:19:27	83921524571	1500	PJSIP/1457-00000474	8335121500	27	20	ANSWERED	Dial	1790597947.1181	1790597947.1181
2026-09-28 09:20:04	83921524571	1500	PJSIP/1290-00000479	8335121500	20	0	NO ANSWER	Dial	1790598004.1190	1790598004.1190
2026-09-28 09:20:24	83921524571	1500	PJSIP/1457-00000484	8335121500	109	107	ANSWERED	Dial	1790598004.1190	1790598004.1190
2026-09-28 09:24:56	83987027964	1500	PJSIP/1290-000004ba	8335121500	182	173	ANSWERED	Dial	1790598296.1259	1790598296.1259
2026-09-28 09:26:06	83991048645	1500	PJSIP/1290-000004bc	8335121500	20	0	NO ANSWER	Dial	1790598366.1261	1790598366.1261
2026-09-28 09:26:26	83991048645	1500	PJSIP/1457-000004bd	8335121500	16	0	ANSWERED	Dial	1790598366.1261	1790598366.1261
2026-09-28 09:26:43	83991048645	1500	PJSIP/1456-000004be	8335121500	97	97	ANSWERED	Dial	1790598366.1261	1790598366.1261
2026-09-28 09:33:55	83988013781	1500	PJSIP/1290-000004e4	8335121500	20	0	NO ANSWER	Dial	1790598835.1301	1790598835.1301
2026-09-28 09:34:15	83988013781	1500	PJSIP/1457-000004e5	8335121500	49	46	ANSWERED	Dial	1790598835.1301	1790598835.1301
2026-09-28 09:39:59	83999802975	1500	PJSIP/1290-0000050f	8335121500	109	101	ANSWERED	Dial	1790599199.1346	1790599199.1346
2026-09-28 09:48:40	83999881413	1500	PJSIP/1290-00000536	8335121500	0	0	NO ANSWER	Dial	1790599720.1387	1790599720.1387
2026-09-28 09:48:47	83988866987	1500	PJSIP/1290-0000053b	8335121500	2	0	NO ANSWER	Dial	1790599727.1392	1790599727.1392
2026-09-28 09:49:57	83991384869	1500	PJSIP/1290-00000548	8335121500	20	0	NO ANSWER	Dial	1790599797.1405	1790599797.1405
2026-09-28 09:50:17	83991384869	1500	PJSIP/1457-0000054f	8335121500	20	0	NO ANSWER	Dial	1790599797.1405	1790599797.1405
2026-09-28 09:50:37	83991384869	1500	PJSIP/1291-00000558	8335121500	20	0	NO ANSWER	Dial	1790599797.1405	1790599797.1405
2026-09-28 09:50:57	83991384869	1500	PJSIP/1286-0000055b	8335121500	1	0	NO ANSWER	Dial	1790599797.1405	1790599797.1405
2026-09-28 09:55:46	999329837	1500	PJSIP/1290-0000057a	8335121500	20	0	NO ANSWER	Dial	1790600146.1455	1790600146.1455
2026-09-28 09:56:07	999329837	1500	PJSIP/1457-0000057d	8335121500	9	0	ANSWERED	Dial	1790600146.1455	1790600146.1455
2026-09-28 09:56:16	999329837	1500	PJSIP/1454-00000586	8335121500	55	55	ANSWERED	Dial	1790600146.1455	1790600146.1455
2026-09-28 10:38:15	83988139013	1500	PJSIP/1290-00000706	8335121500	20	0	NO ANSWER	Dial	1790602695.1865	1790602695.1865
2026-09-28 10:38:35	83988139013	1500	PJSIP/1457-00000708	8335121500	108	100	ANSWERED	Dial	1790602695.1865	1790602695.1865
2026-09-28 10:41:11	8332261093	1500	PJSIP/1290-0000071f	8335121500	20	0	NO ANSWER	Dial	1790602871.1890	1790602871.1890
2026-09-28 10:41:32	8332261093	1500	PJSIP/1457-00000721	8335121500	8	0	ANSWERED	Dial	1790602871.1890	1790602871.1890
2026-09-28 10:41:40	8332261093	1500	PJSIP/1454-00000724	8335121500	70	70	ANSWERED	Dial	1790602871.1890	1790602871.1890
2026-09-28 10:59:31	996278456	1500	PJSIP/1290-00000789	8335121500	20	0	NO ANSWER	Dial	1790603971.1996	1790603971.1996
2026-09-28 10:59:51	996278456	1500	PJSIP/1457-00000791	8335121500	74	72	ANSWERED	Dial	1790603971.1996	1790603971.1996
2026-09-28 11:04:22	991143844	1500	PJSIP/1290-000007b0	8335121500	20	0	NO ANSWER	Dial	1790604262.2035	1790604262.2035
2026-09-28 11:04:43	991143844	1500	PJSIP/1457-000007b1	8335121500	10	0	NO ANSWER	Dial	1790604262.2035	1790604262.2035
2026-09-28 11:09:17	81991211428	1500	PJSIP/1290-000007c5	8335121500	20	0	NO ANSWER	Dial	1790604557.2056	1790604557.2056
2026-09-28 11:09:38	81991211428	1500	PJSIP/1457-000007c6	8335121500	100	89	ANSWERED	Dial	1790604557.2056	1790604557.2056
2026-09-28 11:10:50	83993552882	1500	PJSIP/1290-000007cd	8335121500	20	0	NO ANSWER	Dial	1790604650.2064	1790604650.2064
2026-09-28 11:11:11	83993552882	1500	PJSIP/1457-000007ce	8335121500	81	70	ANSWERED	Dial	1790604650.2064	1790604650.2064
2026-09-28 11:17:40	83988680061	1500	PJSIP/1290-0000080e	8335121500	20	0	NO ANSWER	Dial	1790605060.2133	1790605060.2133
2026-09-28 11:18:00	83988680061	1500	PJSIP/1457-00000810	8335121500	37	32	ANSWERED	Dial	1790605060.2133	1790605060.2133
2026-09-28 11:18:56	83988680061	1500	PJSIP/1290-0000081e	8335121500	20	0	NO ANSWER	Dial	1790605136.2149	1790605136.2149
2026-09-28 11:19:16	83988680061	1500	PJSIP/1457-00000822	8335121500	82	80	ANSWERED	Dial	1790605136.2149	1790605136.2149
2026-09-28 11:31:47	83998933313	1500	PJSIP/1290-0000086e	8335121500	20	0	NO ANSWER	Dial	1790605907.2231	1790605907.2231
2026-09-28 11:32:07	83998933313	1500	PJSIP/1457-00000871	8335121500	153	149	ANSWERED	Dial	1790605907.2231	1790605907.2231
2026-09-28 11:42:43	83986332908	1500	PJSIP/1290-000008c6	8335121500	69	66	ANSWERED	Dial	1790606563.2321	1790606563.2321
2026-09-28 11:47:16	83996135238	1500	PJSIP/1290-000008e8	8335121500	20	0	NO ANSWER	Dial	1790606836.2355	1790606836.2355
2026-09-28 11:47:36	83996135238	1500	PJSIP/1457-000008ea	8335121500	100	93	ANSWERED	Dial	1790606836.2355	1790606836.2355
2026-09-28 12:12:48	1131302705	1500	PJSIP/1290-000009c9	8335121500	20	0	NO ANSWER	Dial	1790608368.2586	1790608368.2586
2026-09-28 12:13:09	1131302705	1500	PJSIP/1457-000009cb	8335121500	11	0	ANSWERED	Dial	1790608368.2586	1790608368.2586
2026-09-28 12:13:20	1131302705	1500	PJSIP/1456-000009cc	8335121500	116	116	ANSWERED	Dial	1790608368.2586	1790608368.2586
2026-09-28 12:19:32	69992354681	1500	PJSIP/1290-000009f2	8335121500	20	0	NO ANSWER	Dial	1790608772.2627	1790608772.2627
2026-09-28 12:19:52	69992354681	1500	PJSIP/1457-000009f6	8335121500	6	0	ANSWERED	Dial	1790608772.2627	1790608772.2627
2026-09-28 12:19:59	69992354681	1500	PJSIP/1456-000009f7	8335121500	75	75	ANSWERED	Dial	1790608772.2627	1790608772.2627
2026-09-28 12:28:24	83999946461	1500	PJSIP/1290-00000a3b	8335121500	20	0	NO ANSWER	Dial	1790609304.2698	1790609304.2698
2026-09-28 12:28:44	83999946461	1500	PJSIP/1457-00000a3d	8335121500	7	0	ANSWERED	Dial	1790609304.2698	1790609304.2698
2026-09-28 12:28:52	83999946461	1500	PJSIP/1323-00000a3e	8335121500	205	205	ANSWERED	Dial	1790609304.2698	1790609304.2698
2026-09-28 12:32:06	83987926886	1500	PJSIP/1290-00000a50	8335121500	20	0	NO ANSWER	Dial	1790609526.2721	1790609526.2721
2026-09-28 12:32:26	83987926886	1500	PJSIP/1457-00000a56	8335121500	14	0	ANSWERED	Dial	1790609526.2721	1790609526.2721
2026-09-28 12:32:41	83987926886	1500	PJSIP/1324-00000a59	8335121500	123	123	ANSWERED	Dial	1790609526.2721	1790609526.2721
2026-09-28 12:43:00	83988911801	1500	PJSIP/1290-00000a88	8335121500	2	0	NO ANSWER	Dial	1790610180.2779	1790610180.2779
2026-09-28 12:43:26	83988911801	1500	PJSIP/1290-00000a8f	8335121500	20	0	NO ANSWER	Dial	1790610206.2786	1790610206.2786
2026-09-28 12:43:46	83988911801	1500	PJSIP/1457-00000a95	8335121500	14	0	ANSWERED	Dial	1790610206.2786	1790610206.2786
2026-09-28 12:44:01	83988911801	1500	PJSIP/1323-00000a96	8335121500	105	105	ANSWERED	Dial	1790610206.2786	1790610206.2786
2026-09-28 13:28:50	83991804384	1500	PJSIP/1290-00000bbe	8335121500	20	0	NO ANSWER	Dial	1790612930.3089	1790612930.3089
2026-09-28 13:29:11	83991804384	1500	PJSIP/1457-00000bc1	8335121500	20	0	NO ANSWER	Dial	1790612930.3089	1790612930.3089
2026-09-28 13:29:31	83991804384	1500	PJSIP/1291-00000bc2	8335121500	5	0	ANSWERED	Dial	1790612930.3089	1790612930.3089
2026-09-28 13:29:37	83991804384	1500	PJSIP/1286-00000bc3	8335121500	204	204	ANSWERED	Dial	1790612930.3089	1790612930.3089
2026-09-28 13:33:06	83991841402	1500	PJSIP/1290-00000bc8	8335121500	170	167	ANSWERED	Dial	1790613186.3099	1790613186.3099
2026-09-28 13:38:47	83993638602	1500	PJSIP/1290-00000bf1	8335121500	20	0	NO ANSWER	Dial	1790613527.3140	1790613527.3140
2026-09-28 13:39:07	83993638602	1500	PJSIP/1457-00000bf2	8335121500	341	339	ANSWERED	Dial	1790613527.3140	1790613527.3140
2026-09-28 13:44:11	998018992	1500	PJSIP/1290-00000c0a	8335121500	20	0	NO ANSWER	Dial	1790613851.3165	1790613851.3165
2026-09-28 13:44:32	998018992	1500	PJSIP/1457-00000c0b	8335121500	20	0	NO ANSWER	Dial	1790613851.3165	1790613851.3165
2026-09-28 13:44:52	998018992	1500	PJSIP/1291-00000c0c	8335121500	20	0	NO ANSWER	Dial	1790613851.3165	1790613851.3165
2026-09-28 13:45:12	998018992	1500	PJSIP/1286-00000c10	8335121500	0	0	NO ANSWER	Dial	1790613851.3165	1790613851.3165
2026-09-28 13:53:53	998018992	1500	PJSIP/1290-00000c3c	8335121500	20	0	NO ANSWER	Dial	1790614433.3215	1790614433.3215
2026-09-28 13:54:14	998018992	1500	PJSIP/1457-00000c3f	8335121500	101	97	ANSWERED	Dial	1790614433.3215	1790614433.3215
2026-09-28 14:03:01	83991982209	1500	PJSIP/1290-00000c7a	8335121500	20	0	NO ANSWER	Dial	1790614981.3277	1790614981.3277
2026-09-28 14:03:21	83991982209	1500	PJSIP/1457-00000c7f	8335121500	7	0	ANSWERED	Dial	1790614981.3277	1790614981.3277
2026-09-28 14:03:29	83991982209	1500	PJSIP/1454-00000c80	8335121500	131	131	ANSWERED	Dial	1790614981.3277	1790614981.3277
2026-09-28 14:29:54	8320260903	1500	PJSIP/1290-00000ce9	8335121500	20	0	NO ANSWER	Dial	1790616594.3388	1790616594.3388
2026-09-28 14:30:14	8320260903	1500	PJSIP/1457-00000ced	8335121500	32	25	ANSWERED	Dial	1790616594.3388	1790616594.3388
2026-09-28 14:43:09	83993084316	1500	PJSIP/1290-00000d23	8335121500	20	0	NO ANSWER	Dial	1790617389.3446	1790617389.3446
2026-09-28 14:43:29	83993084316	1500	PJSIP/1457-00000d26	8335121500	108	102	ANSWERED	Dial	1790617389.3446	1790617389.3446
2026-09-28 14:47:41	81999029899	1500	PJSIP/1290-00000d3d	8335121500	20	0	NO ANSWER	Dial	1790617661.3472	1790617661.3472
2026-09-28 14:48:02	81999029899	1500	PJSIP/1457-00000d3f	8335121500	445	442	ANSWERED	Dial	1790617661.3472	1790617661.3472
2026-09-28 15:21:00	83981837222	1500	PJSIP/1290-00000d99	8335121500	20	0	NO ANSWER	Dial	1790619660.3566	1790619660.3566
2026-09-28 15:21:20	83981837222	1500	PJSIP/1457-00000d9e	8335121500	7	0	ANSWERED	Dial	1790619660.3566	1790619660.3566
2026-09-28 15:21:28	83981837222	1500	PJSIP/1456-00000d9f	8335121500	101	101	ANSWERED	Dial	1790619660.3566	1790619660.3566
2026-09-28 15:51:31	83920005399	1500	PJSIP/1290-00000e07	8335121500	20	0	NO ANSWER	Dial	1790621491.3678	1790621491.3678
2026-09-28 15:51:52	83920005399	1500	PJSIP/1457-00000e08	8335121500	209	205	ANSWERED	Dial	1790621491.3678	1790621491.3678
2026-09-28 16:11:26	996572736	1500	PJSIP/1290-00000e7a	8335121500	20	0	NO ANSWER	Dial	1790622686.3794	1790622686.3794
2026-09-28 16:11:46	996572736	1500	PJSIP/1457-00000e7d	8335121500	330	319	ANSWERED	Dial	1790622686.3794	1790622686.3794
2026-09-28 16:13:38	83988939675	1500	PJSIP/1290-00000e7f	8335121500	58	47	ANSWERED	Dial	1790622818.3800	1790622818.3800
2026-09-28 16:49:20	83999703071	1500	PJSIP/1290-00000efe	8335121500	20	0	NO ANSWER	Dial	1790624960.3927	1790624960.3927
2026-09-28 16:49:41	83999703071	1500	PJSIP/1457-00000f01	8335121500	4	0	ANSWERED	Dial	1790624960.3927	1790624960.3927
2026-09-28 16:49:45	83999703071	1500	PJSIP/1325-00000f02	8335121500	92	92	ANSWERED	Dial	1790624960.3927	1790624960.3927
2026-09-28 17:14:58	981837222	1500	PJSIP/1290-00000f3b	8335121500	80	71	ANSWERED	Dial	1790626498.4000	1790626498.4000
2026-09-28 18:09:42	999413990	1500	PJSIP/1290-00000fcd	8335121500	362	355	ANSWERED	Dial	1790629782.4212	1790629782.4212
2026-09-28 19:15:13	83996815001	1500	PJSIP/1290-00000fea	8335121500	10	0	ANSWERED	Dial	1790633713.4241	1790633713.4241
2026-09-28 19:15:24	83996815001	1500	PJSIP/1456-00000fef	8335121500	145	145	ANSWERED	Dial	1790633713.4241	1790633713.4241
2026-09-28 19:15:16	83993153781	1500	PJSIP/1290-00000fec	8335121500	19	0	NO ANSWER	Dial	1790633716.4243	1790633716.4243
2026-09-28 19:15:18	83998551638	1500	PJSIP/1290-00000fee	8335121500	20	0	NO ANSWER	Dial	1790633718.4245	1790633718.4245
2026-09-28 19:15:38	83998551638	1500	PJSIP/1457-00000ff2	8335121500	17	0	ANSWERED	Dial	1790633718.4245	1790633718.4245
2026-09-28 19:15:56	83998551638	1500	PJSIP/1286-00000ff3	8335121500	472	472	ANSWERED	Dial	1790633718.4245	1790633718.4245
2026-09-28 19:15:37	83991771522	1500	PJSIP/1290-00000ff1	8335121500	15	0	NO ANSWER	Dial	1790633737.4248	1790633737.4248
2026-09-28 19:15:57	83988819734	1500	PJSIP/1290-00000ff5	8335121500	2	0	NO ANSWER	Dial	1790633757.4252	1790633757.4252
2026-09-28 19:16:12	83982006735	1500	PJSIP/1290-00000ff7	8335121500	20	0	NO ANSWER	Dial	1790633772.4254	1790633772.4254
2026-09-28 19:16:32	83982006735	1500	PJSIP/1457-00000ff8	8335121500	8	0	NO ANSWER	Dial	1790633772.4254	1790633772.4254
2026-09-28 19:16:50	83986177515	1500	PJSIP/1290-00000ffa	8335121500	20	0	NO ANSWER	Dial	1790633810.4257	1790633810.4257
2026-09-28 19:17:11	83986177515	1500	PJSIP/1457-00000ffb	8335121500	14	0	NO ANSWER	Dial	1790633810.4257	1790633810.4257
2026-09-28 19:18:01	61998736753	1500	PJSIP/1290-00000fff	8335121500	20	0	NO ANSWER	Dial	1790633881.4262	1790633881.4262
2026-09-28 19:18:22	61998736753	1500	PJSIP/1457-00001000	8335121500	0	0	ANSWERED	Dial	1790633881.4262	1790633881.4262
2026-09-28 19:18:22	61998736753	1500	PJSIP/1456-00001001	8335121500	135	135	ANSWERED	Dial	1790633881.4262	1790633881.4262
2026-09-28 19:24:14	999180585	1500	PJSIP/1290-00001003	8335121500	16	0	ANSWERED	Dial	1790634254.4266	1790634254.4266
2026-09-28 19:24:30	999180585	1500	PJSIP/1456-00001004	8335121500	68	68	ANSWERED	Dial	1790634254.4266	1790634254.4266
2026-09-28 19:29:10	83987728645	1500	PJSIP/1290-00001006	8335121500	5	0	ANSWERED	Dial	1790634550.4269	1790634550.4269
2026-09-28 19:29:15	83987728645	1500	PJSIP/1456-00001007	8335121500	50	50	ANSWERED	Dial	1790634550.4269	1790634550.4269
2026-09-28 20:49:44	83998897453	1500	PJSIP/1290-00001037	8335121500	20	0	NO ANSWER	Dial	1790639384.4318	1790639384.4318
2026-09-28 20:50:05	83998897453	1500	PJSIP/1457-00001038	8335121500	20	0	NO ANSWER	Dial	1790639384.4318	1790639384.4318
2026-09-28 20:50:25	83998897453	1500	PJSIP/1291-00001039	8335121500	20	0	NO ANSWER	Dial	1790639384.4318	1790639384.4318
2026-09-28 20:50:45	83998897453	1500	PJSIP/1286-0000103a	8335121500	20	0	NO ANSWER	Dial	1790639384.4318	1790639384.4318
2026-09-28 20:51:05	83998897453	1500	PJSIP/1456-0000103b	8335121500	8	0	NO ANSWER	Dial	1790639384.4318	1790639384.4318
2026-09-28 21:00:09	83988437370	1500	PJSIP/1290-00001040	8335121500	20	0	NO ANSWER	Dial	1790640009.4327	1790640009.4327
2026-09-28 21:00:29	83988437370	1500	PJSIP/1457-00001041	8335121500	8	0	NO ANSWER	Dial	1790640009.4327	1790640009.4327
2026-09-28 21:04:03	61985112808	1500	PJSIP/1290-00001043	8335121500	1	0	NO ANSWER	Dial	1790640243.4330	1790640243.4330
2026-09-28 21:45:20	999842625	1500	PJSIP/1290-00001045	8335121500	20	0	NO ANSWER	Dial	1790642720.4332	1790642720.4332
2026-09-28 21:45:40	999842625	1500	PJSIP/1457-00001046	8335121500	10	0	NO ANSWER	Dial	1790642720.4332	1790642720.4332
2026-09-29 07:25:50	83987973372	1500	PJSIP/1290-00001074	8335121500	20	0	NO ANSWER	Dial	1790677550.4379	1790677550.4379
2026-09-29 07:26:11	83987973372	1500	PJSIP/1457-00001075	8335121500	276	271	ANSWERED	Dial	1790677550.4379	1790677550.4379
2026-09-29 07:39:08	83996513560	1500	PJSIP/1290-00001081	8335121500	20	0	NO ANSWER	Dial	1790678348.4392	1790678348.4392
2026-09-29 07:39:29	83996513560	1500	PJSIP/1457-00001082	8335121500	105	101	ANSWERED	Dial	1790678348.4392	1790678348.4392
2026-09-29 07:41:53	83998415502	1500	PJSIP/1290-0000108e	8335121500	13	0	ANSWERED	Dial	1790678513.4405	1790678513.4405
2026-09-29 07:42:06	83998415502	1500	PJSIP/1324-0000108f	8335121500	224	224	ANSWERED	Dial	1790678513.4405	1790678513.4405
2026-09-29 08:10:29	83998808980	1500	PJSIP/1290-000010fd	8335121500	9	0	NO ANSWER	Dial	1790680229.4518	1790680229.4518
2026-09-29 08:11:17	83998808980	1500	PJSIP/1290-00001101	8335121500	4	0	NO ANSWER	Dial	1790680277.4522	1790680277.4522
2026-09-29 08:17:11	83999431632	1500	PJSIP/1290-00001114	8335121500	2	0	NO ANSWER	Dial	1790680631.4541	1790680631.4541
2026-09-29 08:45:52	83991326975	1500	PJSIP/1290-000011ac	8335121500	8	0	ANSWERED	Dial	1790682352.4695	1790682352.4695
2026-09-29 08:46:00	83991326975	1500	PJSIP/1425-000011b1	8335121500	3	3	ANSWERED	Dial	1790682352.4695	1790682352.4695
2026-09-29 09:44:59	83993124268	1500	PJSIP/1290-000012c2	8335121500	7	0	ANSWERED	Dial	1790685899.4973	1790685899.4973
2026-09-29 09:47:27	83993055382	1500	PJSIP/1290-000012d2	8335121500	76	71	ANSWERED	Dial	1790686047.4989	1790686047.4989
2026-09-29 09:54:27	83988246853	1500	PJSIP/1290-00001319	8335121500	20	0	NO ANSWER	Dial	1790686467.5062	1790686467.5062
2026-09-29 09:54:47	83988246853	1500	PJSIP/1457-0000131d	8335121500	6	0	ANSWERED	Dial	1790686467.5062	1790686467.5062
2026-09-29 09:54:54	83988246853	1500	PJSIP/1456-00001321	8335121500	225	225	ANSWERED	Dial	1790686467.5062	1790686467.5062
2026-09-29 10:05:17	83996034097	1500	PJSIP/1290-000013df	8335121500	217	213	ANSWERED	Dial	1790687117.5264	1790687117.5264
2026-09-29 10:09:24	83996967779	1500	PJSIP/1290-0000141e	8335121500	106	101	ANSWERED	Dial	1790687364.5329	1790687364.5329
2026-09-29 10:09:49	83996034097	1500	PJSIP/1290-00001422	8335121500	20	0	NO ANSWER	Dial	1790687389.5333	1790687389.5333
2026-09-29 10:10:09	83996034097	1500	PJSIP/1457-0000142d	8335121500	37	32	ANSWERED	Dial	1790687389.5333	1790687389.5333
2026-09-29 10:09:51	83993395839	1500	PJSIP/1290-00001424	8335121500	20	0	NO ANSWER	Dial	1790687391.5335	1790687391.5335
2026-09-29 10:10:11	83993395839	1500	PJSIP/1457-00001431	8335121500	20	0	NO ANSWER	Dial	1790687391.5335	1790687391.5335
2026-09-29 10:10:32	83993395839	1500	PJSIP/1291-00001435	8335121500	39	32	ANSWERED	Dial	1790687391.5335	1790687391.5335
2026-09-29 10:11:11	1291	s	Local/1564@from-internal-xfer-0000005a;1		4	4	ANSWERED	ExecIf	1790687432.5353	1790687391.5335
2026-09-29 10:11:11	83993395839	1564	PJSIP/1564-0000143d		5	0	ANSWERED	Dial	1790687471.5362	1790687391.5335
2026-09-29 10:11:11	83993395839	1564	PJSIP/1564-0000143e		4	0	NO ANSWER	Dial	1790687471.5362	1790687391.5335
2026-09-29 10:11:11	83993395839	1500	Local/1564@from-internal-xfer-0000005a;1	8335121500	5	5	ANSWERED	Dial	1790687391.5335	1790687391.5335
2026-09-29 10:11:15	1564	1564			0	0	ANSWERED		1790687471.5361	1790687391.5335
2026-09-29 10:11:16	83993395839	1500	PJSIP/1564-0000143d	8335121500	93	93	ANSWERED	Dial	1790687391.5335	1790687391.5335
2026-09-29 10:11:44	83988032044	1500	PJSIP/1290-00001445	8335121500	20	0	NO ANSWER	Dial	1790687504.5370	1790687504.5370
2026-09-29 10:12:05	83988032044	1500	PJSIP/1457-00001448	8335121500	11	0	ANSWERED	Dial	1790687504.5370	1790687504.5370
2026-09-29 10:12:16	83988032044	1500	PJSIP/1456-0000144a	8335121500	0	0	ANSWERED	Dial	1790687504.5370	1790687504.5370
2026-09-29 10:34:23	83996034097	1500	PJSIP/1290-000014d3	8335121500	20	0	NO ANSWER	Dial	1790688863.5512	1790688863.5512
2026-09-29 10:34:44	83996034097	1500	PJSIP/1457-000014dc	8335121500	9	0	ANSWERED	Dial	1790688863.5512	1790688863.5512
2026-09-29 10:34:53	83996034097	1500	PJSIP/1454-000014de	8335121500	156	156	ANSWERED	Dial	1790688863.5512	1790688863.5512
2026-09-29 10:39:23	83993643883	1500	PJSIP/1290-0000150b	8335121500	20	0	NO ANSWER	Dial	1790689163.5568	1790689163.5568
2026-09-29 10:39:43	83993643883	1500	PJSIP/1457-0000150c	8335121500	11	0	ANSWERED	Dial	1790689163.5568	1790689163.5568
2026-09-29 10:39:55	83993643883	1500	PJSIP/1324-0000150d	8335121500	202	202	ANSWERED	Dial	1790689163.5568	1790689163.5568
2026-09-29 10:40:35	83986715666	1500	PJSIP/1290-00001514	8335121500	20	0	NO ANSWER	Dial	1790689235.5577	1790689235.5577
2026-09-29 10:40:56	83986715666	1500	PJSIP/1457-00001517	8335121500	98	96	ANSWERED	Dial	1790689235.5577	1790689235.5577
2026-09-29 10:40:52	83987096087	1500	PJSIP/1290-00001516	8335121500	20	0	NO ANSWER	Dial	1790689252.5579	1790689252.5579
2026-09-29 10:41:12	83987096087	1500	PJSIP/1457-0000151f	8335121500	20	0	NO ANSWER	Dial	1790689252.5579	1790689252.5579
2026-09-29 10:41:32	83987096087	1500	PJSIP/1291-00001526	8335121500	100	81	ANSWERED	Dial	1790689252.5579	1790689252.5579
2026-09-29 10:49:20	84996051206	1500	PJSIP/1290-0000155f	8335121500	20	0	NO ANSWER	Dial	1790689760.5652	1790689760.5652
2026-09-29 10:49:41	84996051206	1500	PJSIP/1457-00001566	8335121500	62	60	ANSWERED	Dial	1790689760.5652	1790689760.5652
2026-09-29 10:53:40	83993395839	1500	PJSIP/1290-00001578	8335121500	20	0	NO ANSWER	Dial	1790690020.5679	1790690020.5679
2026-09-29 10:54:00	83993395839	1500	PJSIP/1457-00001579	8335121500	20	0	NO ANSWER	Dial	1790690020.5679	1790690020.5679
2026-09-29 10:54:20	83993395839	1500	PJSIP/1291-0000157d	8335121500	20	0	NO ANSWER	Dial	1790690020.5679	1790690020.5679
2026-09-29 10:54:41	83993395839	1500	PJSIP/1286-0000157e	8335121500	1	0	NO ANSWER	Dial	1790690020.5679	1790690020.5679
2026-09-29 10:56:19	83999209623	1500	PJSIP/1290-00001591	8335121500	20	0	NO ANSWER	Dial	1790690179.5704	1790690179.5704
2026-09-29 10:56:39	83999209623	1500	PJSIP/1457-00001597	8335121500	125	123	ANSWERED	Dial	1790690179.5704	1790690179.5704
2026-09-29 11:09:53	83986531738	1500	PJSIP/1290-00001608	8335121500	20	0	NO ANSWER	Dial	1790690993.5827	1790690993.5827
2026-09-29 11:10:13	83986531738	1500	PJSIP/1457-00001609	8335121500	98	85	ANSWERED	Dial	1790690993.5827	1790690993.5827
2026-09-29 11:17:34	83988746839	1500	PJSIP/1290-00001645	8335121500	20	0	NO ANSWER	Dial	1790691454.5890	1790691454.5890
2026-09-29 11:17:55	83988746839	1500	PJSIP/1457-0000164a	8335121500	133	130	ANSWERED	Dial	1790691454.5890	1790691454.5890
2026-09-29 11:18:50	8534533591	1500	PJSIP/1290-0000165d	8335121500	20	0	NO ANSWER	Dial	1790691530.5914	1790691530.5914
2026-09-29 11:19:10	8534533591	1500	PJSIP/1457-00001661	8335121500	20	0	NO ANSWER	Dial	1790691530.5914	1790691530.5914
2026-09-29 11:19:31	8534533591	1500	PJSIP/1291-00001662	8335121500	12	0	BUSY	Dial	1790691530.5914	1790691530.5914
2026-09-29 11:19:43	8534533591	1500	PJSIP/1286-00001667	8335121500	5	0	NO ANSWER	Dial	1790691530.5914	1790691530.5914
2026-09-29 11:23:13	8534533591	1500	PJSIP/1290-00001690	8335121500	20	0	NO ANSWER	Dial	1790691793.5969	1790691793.5969
2026-09-29 11:23:33	8534533591	1500	PJSIP/1457-00001693	8335121500	72	69	ANSWERED	Dial	1790691793.5969	1790691793.5969
2026-09-29 11:35:47	83987444896	1500	PJSIP/1290-0000170d	8335121500	20	0	NO ANSWER	Dial	1790692547.6096	1790692547.6096
2026-09-29 11:36:07	83987444896	1500	PJSIP/1457-00001714	8335121500	67	65	ANSWERED	Dial	1790692547.6096	1790692547.6096
2026-09-29 11:54:44	83988665787	1500	PJSIP/1290-00001779	8335121500	20	0	NO ANSWER	Dial	1790693684.6206	1790693684.6206
2026-09-29 11:55:04	83988665787	1500	PJSIP/1457-0000177a	8335121500	108	93	ANSWERED	Dial	1790693684.6206	1790693684.6206
2026-09-29 11:58:53	8332334842	1500	PJSIP/1290-00001792	8335121500	20	0	NO ANSWER	Dial	1790693933.6231	1790693933.6231
2026-09-29 11:59:14	8332334842	1500	PJSIP/1457-0000179c	8335121500	212	203	ANSWERED	Dial	1790693933.6231	1790693933.6231
2026-09-29 12:09:49	83987248785	1500	PJSIP/1290-000017d3	8335121500	20	0	NO ANSWER	Dial	1790694589.6296	1790694589.6296
2026-09-29 12:10:10	83987248785	1500	PJSIP/1457-000017d6	8335121500	13	0	ANSWERED	Dial	1790694589.6296	1790694589.6296
2026-09-29 12:10:23	83987248785	1500	PJSIP/1456-000017d7	8335121500	247	247	ANSWERED	Dial	1790694589.6296	1790694589.6296
2026-09-29 12:21:01	18991534306	1500	PJSIP/1290-00001821	8335121500	20	0	NO ANSWER	Dial	1790695261.6374	1790695261.6374
2026-09-29 12:21:22	18991534306	1500	PJSIP/1457-00001824	8335121500	5	0	NO ANSWER	Dial	1790695261.6374	1790695261.6374
2026-09-29 12:33:45	83999134418	1500	PJSIP/1290-0000188e	8335121500	20	0	NO ANSWER	Dial	1790696025.6493	1790696025.6493
2026-09-29 12:34:05	83999134418	1500	PJSIP/1457-00001892	8335121500	10	0	ANSWERED	Dial	1790696025.6493	1790696025.6493
2026-09-29 12:34:16	83999134418	1500	PJSIP/1454-00001896	8335121500	79	79	ANSWERED	Dial	1790696025.6493	1790696025.6493
2026-09-29 12:35:03	998150461	1500	PJSIP/1290-0000189f	8335121500	20	0	NO ANSWER	Dial	1790696103.6516	1790696103.6516
2026-09-29 12:35:23	998150461	1500	PJSIP/1457-000018a0	8335121500	7	0	ANSWERED	Dial	1790696103.6516	1790696103.6516
2026-09-29 12:35:31	998150461	1500	PJSIP/1323-000018a1	8335121500	711	711	ANSWERED	Dial	1790696103.6516	1790696103.6516
2026-09-29 12:35:54	8330257093	1500	PJSIP/1290-000018a3	8335121500	20	0	NO ANSWER	Dial	1790696154.6520	1790696154.6520
2026-09-29 12:36:14	8330257093	1500	PJSIP/1457-000018a7	8335121500	6	0	ANSWERED	Dial	1790696154.6520	1790696154.6520
2026-09-29 12:36:21	8330257093	1500	PJSIP/1454-000018ab	8335121500	57	57	ANSWERED	Dial	1790696154.6520	1790696154.6520
2026-09-29 12:41:30	83999522607	1500	PJSIP/1290-000018ca	8335121500	20	0	NO ANSWER	Dial	1790696490.6559	1790696490.6559
2026-09-29 12:41:50	83999522607	1500	PJSIP/1457-000018ce	8335121500	14	0	ANSWERED	Dial	1790696490.6559	1790696490.6559
2026-09-29 12:42:05	83999522607	1500	PJSIP/1324-000018d0	8335121500	27	27	ANSWERED	Dial	1790696490.6559	1790696490.6559
2026-09-29 12:56:44	981717107	1500	PJSIP/1290-00001925	8335121500	2	0	NO ANSWER	Dial	1790697404.6650	1790697404.6650
2026-09-29 13:07:51	83988228595	1500	PJSIP/1290-00001968	8335121500	12	0	NO ANSWER	Dial	1790698071.6717	1790698071.6717
2026-09-29 13:13:54	83988882656	1500	PJSIP/1290-0000199a	8335121500	20	0	NO ANSWER	Dial	1790698434.6769	1790698434.6769
2026-09-29 13:14:14	83988882656	1500	PJSIP/1457-000019a2	8335121500	122	119	ANSWERED	Dial	1790698434.6769	1790698434.6769
2026-09-29 13:22:25	83991977885	1500	PJSIP/1290-000019de	8335121500	20	0	NO ANSWER	Dial	1790698945.6843	1790698945.6843
2026-09-29 13:22:46	83991977885	1500	PJSIP/1457-000019e0	8335121500	52	49	ANSWERED	Dial	1790698945.6843	1790698945.6843
2026-09-29 13:30:15	996044021	1500	PJSIP/1290-00001a31	8335121500	6	0	NO ANSWER	Dial	1790699415.6926	1790699415.6926
2026-09-29 13:34:13	83987910696	1500	PJSIP/1290-00001a5e	8335121500	20	0	NO ANSWER	Dial	1790699653.6971	1790699653.6971
2026-09-29 13:34:34	83987910696	1500	PJSIP/1457-00001a61	8335121500	17	0	ANSWERED	Dial	1790699653.6971	1790699653.6971
2026-09-29 13:34:51	83987910696	1500	PJSIP/1456-00001a62	8335121500	118	118	ANSWERED	Dial	1790699653.6971	1790699653.6971
2026-09-29 13:42:10	996610920	1500	PJSIP/1290-00001abc	8335121500	20	0	NO ANSWER	Dial	1790700130.7069	1790700130.7069
2026-09-29 13:42:31	996610920	1500	PJSIP/1457-00001abe	8335121500	37	23	ANSWERED	Dial	1790700130.7069	1790700130.7069
2026-09-29 13:55:20	83991631855	1500	PJSIP/1290-00001b12	8335121500	20	0	NO ANSWER	Dial	1790700920.7155	1790700920.7155
2026-09-29 13:55:41	83991631855	1500	PJSIP/1457-00001b16	8335121500	199	195	ANSWERED	Dial	1790700920.7155	1790700920.7155
2026-09-29 14:15:54	83999196108	1500	PJSIP/1290-00001ba6	8335121500	20	0	NO ANSWER	Dial	1790702154.7307	1790702154.7307
2026-09-29 14:16:15	83999196108	1500	PJSIP/1457-00001ba9	8335121500	131	127	ANSWERED	Dial	1790702154.7307	1790702154.7307
2026-09-29 14:27:42	83981536916	1500	PJSIP/1290-00001bfe	8335121500	20	0	NO ANSWER	Dial	1790702862.7395	1790702862.7395
2026-09-29 14:28:02	83981536916	1500	PJSIP/1457-00001c04	8335121500	76	74	ANSWERED	Dial	1790702862.7395	1790702862.7395
2026-09-29 14:29:10	83988917814	1500	PJSIP/1290-00001c17	8335121500	20	0	NO ANSWER	Dial	1790702950.7420	1790702950.7420
2026-09-29 14:29:31	83988917814	1500	PJSIP/1457-00001c1a	8335121500	99	95	ANSWERED	Dial	1790702950.7420	1790702950.7420
2026-09-29 14:35:32	83999292149	1500	PJSIP/1290-00001c3d	8335121500	20	0	NO ANSWER	Dial	1790703332.7460	1790703332.7460
2026-09-29 14:35:52	83999292149	1500	PJSIP/1457-00001c3e	8335121500	6	0	ANSWERED	Dial	1790703332.7460	1790703332.7460
2026-09-29 14:35:59	83999292149	1500	PJSIP/1456-00001c3f	8335121500	90	90	ANSWERED	Dial	1790703332.7460	1790703332.7460
2026-09-29 14:51:37	83988878273	1500	PJSIP/1290-00001c8c	8335121500	20	0	NO ANSWER	Dial	1790704297.7539	1790704297.7539
2026-09-29 14:51:57	83988878273	1500	PJSIP/1457-00001c8f	8335121500	13	0	ANSWERED	Dial	1790704297.7539	1790704297.7539
2026-09-29 14:52:10	83988878273	1500	PJSIP/1325-00001c90	8335121500	39	39	ANSWERED	Dial	1790704297.7539	1790704297.7539
2026-09-29 14:53:12	996927613	1500	PJSIP/1290-00001c9a	8335121500	20	0	NO ANSWER	Dial	1790704392.7553	1790704392.7553
2026-09-29 14:53:32	996927613	1500	PJSIP/1457-00001ca2	8335121500	4	0	ANSWERED	Dial	1790704392.7553	1790704392.7553
2026-09-29 14:53:37	996927613	1500	PJSIP/1456-00001ca3	8335121500	76	76	ANSWERED	Dial	1790704392.7553	1790704392.7553
2026-09-29 15:01:41	83988623352	1500	PJSIP/1290-00001cd6	8335121500	20	0	NO ANSWER	Dial	1790704901.7613	1790704901.7613
2026-09-29 15:02:02	83988623352	1500	PJSIP/1457-00001cd9	8335121500	127	125	ANSWERED	Dial	1790704901.7613	1790704901.7613
2026-09-29 15:01:51	83999996795	1500	PJSIP/1290-00001cd8	8335121500	20	0	NO ANSWER	Dial	1790704911.7615	1790704911.7615
2026-09-29 15:02:12	83999996795	1500	PJSIP/1457-00001cda	8335121500	20	0	NO ANSWER	Dial	1790704911.7615	1790704911.7615
2026-09-29 15:02:32	83999996795	1500	PJSIP/1291-00001cdb	8335121500	2	0	BUSY	Dial	1790704911.7615	1790704911.7615
2026-09-29 15:02:34	83999996795	1500	PJSIP/1286-00001cdc	8335121500	11	0	ANSWERED	Dial	1790704911.7615	1790704911.7615
2026-09-29 15:02:46	83999996795	1500	PJSIP/1456-00001cdf	8335121500	107	107	ANSWERED	Dial	1790704911.7615	1790704911.7615
2026-09-29 15:07:09	83993395839	1500	PJSIP/1290-00001cf1	8335121500	20	0	NO ANSWER	Dial	1790705229.7642	1790705229.7642
2026-09-29 15:07:29	83993395839	1500	PJSIP/1457-00001cf2	8335121500	152	149	ANSWERED	Dial	1790705229.7642	1790705229.7642
2026-09-29 15:19:43	996967779	1500	PJSIP/1290-00001d17	8335121500	20	0	NO ANSWER	Dial	1790705983.7682	1790705983.7682
2026-09-29 15:20:03	996967779	1500	PJSIP/1457-00001d1b	8335121500	96	89	ANSWERED	Dial	1790705983.7682	1790705983.7682
2026-09-29 15:24:05	83998039701	1500	PJSIP/1290-00001d29	8335121500	20	0	NO ANSWER	Dial	1790706245.7700	1790706245.7700
2026-09-29 15:24:25	83998039701	1500	PJSIP/1457-00001d2a	8335121500	66	64	ANSWERED	Dial	1790706245.7700	1790706245.7700
2026-09-29 15:27:49	83996224235	1500	PJSIP/1290-00001d46	8335121500	20	0	NO ANSWER	Dial	1790706469.7729	1790706469.7729
2026-09-29 15:28:10	83996224235	1500	PJSIP/1457-00001d47	8335121500	99	96	ANSWERED	Dial	1790706469.7729	1790706469.7729
2026-09-29 15:35:50	988898940	1500	PJSIP/1290-00001d5d	8335121500	20	0	NO ANSWER	Dial	1790706950.7754	1790706950.7754
2026-09-29 15:36:11	988898940	1500	PJSIP/1457-00001d60	8335121500	69	64	ANSWERED	Dial	1790706950.7754	1790706950.7754
2026-09-29 15:47:23	83996584081	1500	PJSIP/1290-00001d86	8335121500	20	0	NO ANSWER	Dial	1790707643.7795	1790707643.7795
2026-09-29 15:47:43	83996584081	1500	PJSIP/1457-00001d87	8335121500	12	0	ANSWERED	Dial	1790707643.7795	1790707643.7795
2026-09-29 15:47:56	83996584081	1500	PJSIP/1325-00001d88	8335121500	62	62	ANSWERED	Dial	1790707643.7795	1790707643.7795
2026-09-29 16:22:46	83999638545	1500	PJSIP/1290-00001e17	8335121500	19	0	NO ANSWER	Dial	1790709766.7950	1790709766.7950
2026-09-29 16:24:47	999638545	1500	PJSIP/1290-00001e1d	8335121500	20	0	NO ANSWER	Dial	1790709887.7956	1790709887.7956
2026-09-29 16:25:07	999638545	1500	PJSIP/1457-00001e22	8335121500	74	69	ANSWERED	Dial	1790709887.7956	1790709887.7956
2026-09-29 16:52:01	83986729222	1500	PJSIP/1290-00001e7f	8335121500	13	0	NO ANSWER	Dial	1790711521.8054	1790711521.8054
2026-09-29 17:23:06	83986283514	1500	PJSIP/1290-00001ee7	8335121500	7	0	NO ANSWER	Dial	1790713386.8158	1790713386.8158
2026-09-29 17:52:27	83986283514	1500	PJSIP/1290-00001f1d	8335121500	20	0	NO ANSWER	Dial	1790715147.8212	1790715147.8212
2026-09-29 17:52:47	83986283514	1500	PJSIP/1457-00001f1e	8335121500	4	0	ANSWERED	Dial	1790715147.8212	1790715147.8212
2026-09-29 17:52:52	83986283514	1500	PJSIP/1456-00001f1f	8335121500	94	94	ANSWERED	Dial	1790715147.8212	1790715147.8212
2026-09-29 17:54:33	83998026465	1500	PJSIP/1290-00001f23	8335121500	20	0	NO ANSWER	Dial	1790715273.8218	1790715273.8218
2026-09-29 17:54:53	83998026465	1500	PJSIP/1457-00001f24	8335121500	6	0	ANSWERED	Dial	1790715273.8218	1790715273.8218
2026-09-29 17:55:00	83998026465	1500	PJSIP/1456-00001f25	8335121500	139	139	ANSWERED	Dial	1790715273.8218	1790715273.8218
2026-09-29 22:07:03	83988052755	1500	PJSIP/1290-00001f81	8335121500	20	0	NO ANSWER	Dial	1790730423.8312	1790730423.8312
2026-09-29 22:07:24	83988052755	1500	PJSIP/1457-00001f82	8335121500	20	0	NO ANSWER	Dial	1790730423.8312	1790730423.8312
2026-09-29 22:07:44	83988052755	1500	PJSIP/1291-00001f83	8335121500	0	0	NO ANSWER	Dial	1790730423.8312	1790730423.8312
2026-09-30 07:27:43	83987506682	1500	PJSIP/1290-00001fa5	8335121500	20	0	NO ANSWER	Dial	1790764063.8348	1790764063.8348
2026-09-30 07:28:03	83987506682	1500	PJSIP/1457-00001fa6	8335121500	20	0	NO ANSWER	Dial	1790764063.8348	1790764063.8348
2026-09-30 07:28:23	83987506682	1500	PJSIP/1291-00001fa7	8335121500	2	0	NO ANSWER	Dial	1790764063.8348	1790764063.8348
2026-09-30 07:54:21	83994190101	1500	PJSIP/1290-00002002	8335121500	20	0	NO ANSWER	Dial	1790765661.8441	1790765661.8441
2026-09-30 07:54:41	83994190101	1500	PJSIP/1457-00002005	8335121500	6	0	ANSWERED	Dial	1790765661.8441	1790765661.8441
2026-09-30 07:54:48	83994190101	1500	PJSIP/1454-00002006	8335121500	167	167	ANSWERED	Dial	1790765661.8441	1790765661.8441
2026-09-30 08:07:53	83996625739	1500	PJSIP/1290-00002032	8335121500	20	0	NO ANSWER	Dial	1790766473.8489	1790766473.8489
2026-09-30 08:08:13	83996625739	1500	PJSIP/1457-00002035	8335121500	348	344	ANSWERED	Dial	1790766473.8489	1790766473.8489
2026-09-30 08:10:30	83999789180	1500	PJSIP/1290-00002045	8335121500	20	0	NO ANSWER	Dial	1790766630.8508	1790766630.8508
2026-09-30 08:10:50	83999789180	1500	PJSIP/1457-00002046	8335121500	20	0	NO ANSWER	Dial	1790766630.8508	1790766630.8508
2026-09-30 08:11:10	83999789180	1500	PJSIP/1291-0000204a	8335121500	9	0	BUSY	Dial	1790766630.8508	1790766630.8508
2026-09-30 08:11:20	83999789180	1500	PJSIP/1286-0000204b	8335121500	11	0	NO ANSWER	Dial	1790766630.8508	1790766630.8508
2026-09-30 08:12:01	83999789180	1500	PJSIP/1290-00002051	8335121500	20	0	NO ANSWER	Dial	1790766721.8520	1790766721.8520
2026-09-30 08:12:22	83999789180	1500	PJSIP/1457-00002054	8335121500	3	0	NO ANSWER	Dial	1790766721.8520	1790766721.8520
2026-09-30 08:15:03	83999789180	1500	PJSIP/1290-00002063	8335121500	20	0	NO ANSWER	Dial	1790766903.8538	1790766903.8538
2026-09-30 08:15:23	83999789180	1500	PJSIP/1457-00002064	8335121500	46	41	ANSWERED	Dial	1790766903.8538	1790766903.8538
2026-09-30 08:16:16	83988385302	1500	PJSIP/1290-00002075	8335121500	20	0	NO ANSWER	Dial	1790766976.8556	1790766976.8556
2026-09-30 08:16:36	83988385302	1500	PJSIP/1457-0000207b	8335121500	6	0	ANSWERED	Dial	1790766976.8556	1790766976.8556
2026-09-30 08:16:43	83988385302	1500	PJSIP/1456-0000207e	8335121500	228	228	ANSWERED	Dial	1790766976.8556	1790766976.8556
2026-09-30 08:20:12	83994442741	1500	PJSIP/1290-00002094	8335121500	20	0	NO ANSWER	Dial	1790767212.8587	1790767212.8587
2026-09-30 08:20:33	83994442741	1500	PJSIP/1457-00002097	8335121500	13	0	ANSWERED	Dial	1790767212.8587	1790767212.8587
2026-09-30 08:20:47	83994442741	1500	PJSIP/1456-00002098	8335121500	186	186	ANSWERED	Dial	1790767212.8587	1790767212.8587
2026-09-30 08:28:46	83986825832	1500	PJSIP/1290-000020dd	8335121500	20	0	NO ANSWER	Dial	1790767726.8662	1790767726.8662
2026-09-30 08:29:06	83986825832	1500	PJSIP/1457-000020e1	8335121500	152	145	ANSWERED	Dial	1790767726.8662	1790767726.8662
2026-09-30 08:33:07	83993825886	1500	PJSIP/1290-00002124	8335121500	20	0	NO ANSWER	Dial	1790767987.8735	1790767987.8735
2026-09-30 08:33:27	83993825886	1500	PJSIP/1457-00002125	8335121500	124	120	ANSWERED	Dial	1790767987.8735	1790767987.8735
2026-09-30 08:33:28	83999213261	1500	PJSIP/1290-00002127	8335121500	20	0	NO ANSWER	Dial	1790768008.8738	1790768008.8738
2026-09-30 08:33:48	83999213261	1500	PJSIP/1457-0000212c	8335121500	20	0	NO ANSWER	Dial	1790768008.8738	1790768008.8738
2026-09-30 08:34:08	83999213261	1500	PJSIP/1291-00002134	8335121500	3	0	NO ANSWER	Dial	1790768008.8738	1790768008.8738
2026-09-30 08:35:30	83986110339	1500	PJSIP/1290-00002140	8335121500	0	0	NO ANSWER	Dial	1790768130.8763	1790768130.8763
2026-09-30 08:36:02	83993749530	1500	PJSIP/1290-00002148	8335121500	20	0	NO ANSWER	Dial	1790768162.8771	1790768162.8771
2026-09-30 08:36:22	83993749530	1500	PJSIP/1457-0000214d	8335121500	143	135	ANSWERED	Dial	1790768162.8771	1790768162.8771
2026-09-30 08:59:21	1501	1500	PJSIP/1290-00002236		20	0	NO ANSWER	Dial	1790769561.9011	1790769561.9011
2026-09-30 08:59:41	1501	1500	PJSIP/1457-00002239		77	69	ANSWERED	Dial	1790769561.9011	1790769561.9011
2026-09-30 09:04:47	987176644	1500	PJSIP/1290-0000225d	8335121500	20	0	NO ANSWER	Dial	1790769887.9050	1790769887.9050
2026-09-30 09:05:07	987176644	1500	PJSIP/1457-00002265	8335121500	13	8	ANSWERED	Dial	1790769887.9050	1790769887.9050
2026-09-30 09:06:05	987176644	1500	PJSIP/1290-0000227f	8335121500	20	0	NO ANSWER	Dial	1790769965.9084	1790769965.9084
2026-09-30 09:06:25	987176644	1500	PJSIP/1457-00002283	8335121500	18	7	ANSWERED	Dial	1790769965.9084	1790769965.9084
2026-09-30 09:06:45	987176644	1500	PJSIP/1290-00002287	8335121500	20	0	NO ANSWER	Dial	1790770005.9092	1790770005.9092
2026-09-30 09:07:30	987176644	1500	PJSIP/1290-000022a4	8335121500	20	0	NO ANSWER	Dial	1790770050.9123	1790770050.9123
2026-09-30 09:07:50	987176644	1500	PJSIP/1457-000022a9	8335121500	3	0	NO ANSWER	Dial	1790770050.9123	1790770050.9123
2026-09-30 09:11:41	83999815982	1500	PJSIP/1290-000022ce	8335121500	20	0	NO ANSWER	Dial	1790770301.9165	1790770301.9165
2026-09-30 09:12:01	83999815982	1500	PJSIP/1457-000022dc	8335121500	63	57	ANSWERED	Dial	1790770301.9165	1790770301.9165
2026-09-30 09:11:55	83987176644	1500	PJSIP/1290-000022d6	8335121500	20	0	NO ANSWER	Dial	1790770315.9173	1790770315.9173
2026-09-30 09:12:16	83987176644	1500	PJSIP/1457-000022e3	8335121500	12	0	NO ANSWER	Dial	1790770315.9173	1790770315.9173
2026-09-30 09:12:36	83987176644	1500	PJSIP/1290-000022e5	8335121500	20	0	NO ANSWER	Dial	1790770356.9188	1790770356.9188
2026-09-30 09:12:56	83987176644	1500	PJSIP/1457-000022f0	8335121500	7	0	NO ANSWER	Dial	1790770356.9188	1790770356.9188
2026-09-30 09:14:41	8335767384	1500	PJSIP/1290-00002300	8335121500	20	0	NO ANSWER	Dial	1790770481.9215	1790770481.9215
2026-09-30 09:15:02	8335767384	1500	PJSIP/1457-00002309	8335121500	117	115	ANSWERED	Dial	1790770481.9215	1790770481.9215
2026-09-30 09:21:31	83988987013	1500	PJSIP/1290-00002340	8335121500	20	0	NO ANSWER	Dial	1790770891.9281	1790770891.9281
2026-09-30 09:21:51	83988987013	1500	PJSIP/1457-00002344	8335121500	45	42	ANSWERED	Dial	1790770891.9281	1790770891.9281
2026-09-30 09:31:05	88981861862	1500	PJSIP/1290-00002386	8335121500	20	0	NO ANSWER	Dial	1790771465.9354	1790771465.9354
2026-09-30 09:31:25	88981861862	1500	PJSIP/1457-0000238a	8335121500	12	0	NO ANSWER	Dial	1790771465.9354	1790771465.9354
2026-09-30 09:36:34	999858647	1500	PJSIP/1290-000023c4	8335121500	20	0	NO ANSWER	Dial	1790771794.9417	1790771794.9417
2026-09-30 09:36:54	999858647	1500	PJSIP/1457-000023c7	8335121500	71	68	ANSWERED	Dial	1790771794.9417	1790771794.9417
2026-09-30 09:51:39	83996359171	1500	PJSIP/1290-0000244b	8335121500	20	0	NO ANSWER	Dial	1790772699.9554	1790772699.9554
2026-09-30 09:51:59	83996359171	1500	PJSIP/1457-0000244e	8335121500	148	140	ANSWERED	Dial	1790772699.9554	1790772699.9554
2026-09-30 09:54:23	83921524571	1500	PJSIP/1290-0000245b	8335121500	20	0	NO ANSWER	Dial	1790772863.9570	1790772863.9570
2026-09-30 09:54:43	83921524571	1500	PJSIP/1457-00002461	8335121500	135	128	ANSWERED	Dial	1790772863.9570	1790772863.9570
2026-09-30 09:55:44	83999122501	1500	PJSIP/1290-00002473	8335121500	20	0	NO ANSWER	Dial	1790772944.9594	1790772944.9594
2026-09-30 09:56:05	83999122501	1500	PJSIP/1457-00002476	8335121500	20	0	NO ANSWER	Dial	1790772944.9594	1790772944.9594
2026-09-30 09:56:25	83999122501	1500	PJSIP/1291-00002477	8335121500	20	0	NO ANSWER	Dial	1790772944.9594	1790772944.9594
2026-09-30 09:56:45	83999122501	1500	PJSIP/1286-00002478	8335121500	0	0	NO ANSWER	Dial	1790772944.9594	1790772944.9594
2026-09-30 09:56:56	83999122501	1500	PJSIP/1290-0000247a	8335121500	20	0	NO ANSWER	Dial	1790773016.9601	1790773016.9601
2026-09-30 09:57:16	83999122501	1500	PJSIP/1457-0000247b	8335121500	94	90	ANSWERED	Dial	1790773016.9601	1790773016.9601
2026-09-30 09:57:20	8335121266	35121500	PJSIP/Brisa-0000247d		14	0	NO ANSWER	Dial	1790773040.9604	1790773040.9604
2026-09-30 09:57:21	8335121266	1500	PJSIP/1290-0000247f	8335121500	14	0	NO ANSWER	Dial	1790773041.9606	1790773041.9606
2026-09-30 09:59:39	83996359171	1500	PJSIP/1290-0000248f	8335121500	20	0	NO ANSWER	Dial	1790773179.9622	1790773179.9622
2026-09-30 09:59:59	83996359171	1500	PJSIP/1457-00002491	8335121500	145	143	ANSWERED	Dial	1790773179.9622	1790773179.9622
2026-09-30 10:00:27	83999345614	1500	PJSIP/1290-00002495	8335121500	20	0	NO ANSWER	Dial	1790773227.9628	1790773227.9628
2026-09-30 10:00:47	83999345614	1500	PJSIP/1457-00002498	8335121500	20	0	NO ANSWER	Dial	1790773227.9628	1790773227.9628
2026-09-30 10:01:07	83999345614	1500	PJSIP/1291-0000249d	8335121500	17	0	NO ANSWER	Dial	1790773227.9628	1790773227.9628
2026-09-30 10:01:47	999345614	1500	PJSIP/1290-000024a1	8335121500	20	0	NO ANSWER	Dial	1790773307.9640	1790773307.9640
2026-09-30 10:02:07	999345614	1500	PJSIP/1457-000024b0	8335121500	18	0	NO ANSWER	Dial	1790773307.9640	1790773307.9640
2026-09-30 10:06:59	83988819734	1500	PJSIP/1290-000024d7	8335121500	20	0	NO ANSWER	Dial	1790773619.9694	1790773619.9694
2026-09-30 10:07:20	83988819734	1500	PJSIP/1457-000024da	8335121500	13	0	ANSWERED	Dial	1790773619.9694	1790773619.9694
2026-09-30 10:07:33	83988819734	1500	PJSIP/1456-000024dc	8335121500	150	150	ANSWERED	Dial	1790773619.9694	1790773619.9694
2026-09-30 10:08:05	83999916625	1500	PJSIP/1290-000024e1	8335121500	20	0	NO ANSWER	Dial	1790773685.9704	1790773685.9704
2026-09-30 10:08:26	83999916625	1500	PJSIP/1457-000024e3	8335121500	20	0	NO ANSWER	Dial	1790773685.9704	1790773685.9704
2026-09-30 10:08:46	83999916625	1500	PJSIP/1291-000024e4	8335121500	12	0	NO ANSWER	Dial	1790773685.9704	1790773685.9704
2026-09-30 10:14:18	999916625	1500	PJSIP/1290-0000250d	8335121500	0	0	NO ANSWER	Dial	1790774058.9748	1790774058.9748
2026-09-30 10:16:34	51994010266	1500	PJSIP/1290-0000251b	8335121500	18	0	NO ANSWER	Dial	1790774194.9762	1790774194.9762
2026-09-30 10:24:10	83981231818	1500	PJSIP/1290-00002559	8335121500	20	0	NO ANSWER	Dial	1790774650.9823	1790774650.9823
2026-09-30 10:24:30	83981231818	1500	PJSIP/1457-00002563	8335121500	150	142	ANSWERED	Dial	1790774650.9823	1790774650.9823
2026-09-30 10:25:40	998093033	1500	PJSIP/1290-00002578	8335121500	20	0	NO ANSWER	Dial	1790774740.9855	1790774740.9855
2026-09-30 10:26:01	998093033	1500	PJSIP/1457-0000257f	8335121500	20	0	NO ANSWER	Dial	1790774740.9855	1790774740.9855
2026-09-30 10:26:21	998093033	1500	PJSIP/1291-00002583	8335121500	4	0	BUSY	Dial	1790774740.9855	1790774740.9855
2026-09-30 10:26:26	998093033	1500	PJSIP/1286-00002584	8335121500	15	0	NO ANSWER	Dial	1790774740.9855	1790774740.9855
2026-09-30 10:27:11	83988042520	1500	PJSIP/1290-0000258a	8335121500	20	0	NO ANSWER	Dial	1790774831.9873	1790774831.9873
2026-09-30 10:27:31	83988042520	1500	PJSIP/1457-0000259c	8335121500	110	108	ANSWERED	Dial	1790774831.9873	1790774831.9873
2026-09-30 10:32:14	83987729133	1500	PJSIP/1290-000025d9	8335121500	20	0	NO ANSWER	Dial	1790775134.9954	1790775134.9954
2026-09-30 10:32:34	83987729133	1500	PJSIP/1457-000025de	8335121500	46	40	ANSWERED	Dial	1790775134.9954	1790775134.9954
2026-09-30 10:32:41	83998632805	1500	PJSIP/1290-000025e0	8335121500	20	0	NO ANSWER	Dial	1790775161.9961	1790775161.9961
2026-09-30 10:33:01	83998632805	1500	PJSIP/1457-000025e2	8335121500	20	0	NO ANSWER	Dial	1790775161.9961	1790775161.9961
2026-09-30 10:33:21	83998632805	1500	PJSIP/1291-000025e3	8335121500	0	0	NO ANSWER	Dial	1790775161.9961	1790775161.9961
2026-09-30 10:40:46	83999720224	1500	PJSIP/1290-0000263e	8335121500	20	0	NO ANSWER	Dial	1790775646.10055	1790775646.10055
2026-09-30 10:41:06	83999720224	1500	PJSIP/1457-00002643	8335121500	20	0	NO ANSWER	Dial	1790775646.10055	1790775646.10055
2026-09-30 10:41:26	83999720224	1500	PJSIP/1291-00002644	8335121500	20	0	NO ANSWER	Dial	1790775646.10055	1790775646.10055
2026-09-30 10:41:47	83999720224	1500	PJSIP/1286-00002647	8335121500	1	0	NO ANSWER	Dial	1790775646.10055	1790775646.10055
2026-09-30 10:42:32	83988297389	1500	PJSIP/1290-0000265a	8335121500	20	0	NO ANSWER	Dial	1790775752.10085	1790775752.10085
2026-09-30 10:42:52	83988297389	1500	PJSIP/1457-0000265b	8335121500	13	0	ANSWERED	Dial	1790775752.10085	1790775752.10085
2026-09-30 10:43:06	83988297389	1500	PJSIP/1456-0000265c	8335121500	2	2	ANSWERED	Dial	1790775752.10085	1790775752.10085
2026-09-30 10:46:49	982058273	1500	PJSIP/1290-00002674	8335121500	20	0	NO ANSWER	Dial	1790776009.10113	1790776009.10113
2026-09-30 10:47:09	982058273	1500	PJSIP/1457-00002679	8335121500	5	0	NO ANSWER	Dial	1790776009.10113	1790776009.10113
2026-09-30 10:47:31	982058273	1500	PJSIP/1290-00002681	8335121500	20	0	NO ANSWER	Dial	1790776051.10125	1790776051.10125
2026-09-30 10:47:52	982058273	1500	PJSIP/1457-00002690	8335121500	143	135	ANSWERED	Dial	1790776051.10125	1790776051.10125
2026-09-30 10:51:25	83988085152	1500	PJSIP/1290-000026ab	8335121500	20	0	NO ANSWER	Dial	1790776285.10170	1790776285.10170
2026-09-30 10:51:45	83988085152	1500	PJSIP/1457-000026b7	8335121500	134	130	ANSWERED	Dial	1790776285.10170	1790776285.10170
2026-09-30 11:03:47	83987314536	1500	PJSIP/1290-0000272e	8335121500	20	0	NO ANSWER	Dial	1790777027.10307	1790777027.10307
2026-09-30 11:04:07	83987314536	1500	PJSIP/1457-00002734	8335121500	104	97	ANSWERED	Dial	1790777027.10307	1790777027.10307
2026-09-30 11:05:10	988297389	1500	PJSIP/1290-00002743	8335121500	20	0	NO ANSWER	Dial	1790777110.10328	1790777110.10328
2026-09-30 11:05:31	988297389	1500	PJSIP/1457-00002747	8335121500	20	0	NO ANSWER	Dial	1790777110.10328	1790777110.10328
2026-09-30 11:05:51	988297389	1500	PJSIP/1291-00002753	8335121500	6	0	NO ANSWER	Dial	1790777110.10328	1790777110.10328
2026-09-30 11:10:21	83988297389	1500	PJSIP/1290-00002781	8335121500	20	0	NO ANSWER	Dial	1790777421.10390	1790777421.10390
2026-09-30 11:10:41	83988297389	1500	PJSIP/1457-00002784	8335121500	19	0	NO ANSWER	Dial	1790777421.10390	1790777421.10390
2026-09-30 11:17:42	83996629624	1500	PJSIP/1290-000027ba	8335121500	20	0	NO ANSWER	Dial	1790777862.10447	1790777862.10447
2026-09-30 11:18:03	83996629624	1500	PJSIP/1457-000027c0	8335121500	8	0	ANSWERED	Dial	1790777862.10447	1790777862.10447
2026-09-30 11:18:11	83996629624	1500	PJSIP/1323-000027c1	8335121500	120	120	ANSWERED	Dial	1790777862.10447	1790777862.10447
2026-09-30 11:20:58	83988422234	1500	PJSIP/1290-000027cb	8335121500	20	0	NO ANSWER	Dial	1790778058.10464	1790778058.10464
2026-09-30 11:21:18	83988422234	1500	PJSIP/1457-000027cc	8335121500	4	0	ANSWERED	Dial	1790778058.10464	1790778058.10464
2026-09-30 11:21:23	83988422234	1500	PJSIP/1323-000027cd	8335121500	157	157	ANSWERED	Dial	1790778058.10464	1790778058.10464
2026-09-30 11:32:00	83988394095	1500	PJSIP/1290-00002820	8335121500	20	0	NO ANSWER	Dial	1790778720.10549	1790778720.10549
2026-09-30 11:32:20	83988394095	1500	PJSIP/1457-00002822	8335121500	4	0	ANSWERED	Dial	1790778720.10549	1790778720.10549
2026-09-30 11:32:25	83988394095	1500	PJSIP/1323-00002823	8335121500	40	40	ANSWERED	Dial	1790778720.10549	1790778720.10549
2026-09-30 11:43:23	999826427	1500	PJSIP/1290-00002876	8335121500	20	0	NO ANSWER	Dial	1790779403.10635	1790779403.10635
2026-09-30 11:43:44	999826427	1500	PJSIP/1457-00002878	8335121500	120	114	ANSWERED	Dial	1790779403.10635	1790779403.10635
2026-09-30 11:49:15	83999099606	1500	PJSIP/1290-0000289f	8335121500	20	0	NO ANSWER	Dial	1790779755.10676	1790779755.10676
2026-09-30 11:49:36	83999099606	1500	PJSIP/1457-000028a2	8335121500	95	91	ANSWERED	Dial	1790779755.10676	1790779755.10676
2026-09-30 12:32:27	8335121550	35121500	PJSIP/Brisa-000029c3		59	28	ANSWERED	Dial	1790782347.10976	1790782347.10976
2026-09-30 12:32:28	8335121550	1500	PJSIP/1290-000029c5	8335121500	20	0	NO ANSWER	Dial	1790782348.10978	1790782348.10978
2026-09-30 12:32:48	8335121550	1500	PJSIP/1457-000029c6	8335121500	10	0	ANSWERED	Dial	1790782348.10978	1790782348.10978
2026-09-30 12:32:59	8335121550	1500	PJSIP/1456-000029c8	8335121500	28	28	ANSWERED	Dial	1790782348.10978	1790782348.10978
2026-09-30 12:51:44	83993092019	1500	PJSIP/1290-00002a37	8335121500	20	0	NO ANSWER	Dial	1790783504.11094	1790783504.11094
2026-09-30 12:52:04	83993092019	1500	PJSIP/1457-00002a38	8335121500	16	0	ANSWERED	Dial	1790783504.11094	1790783504.11094
2026-09-30 12:52:21	83993092019	1500	PJSIP/1454-00002a3c	8335121500	86	86	ANSWERED	Dial	1790783504.11094	1790783504.11094
2026-09-30 13:09:07	83988998931	1500	PJSIP/1290-00002a91	8335121500	20	0	NO ANSWER	Dial	1790784547.11194	1790784547.11194
2026-09-30 13:09:27	83988998931	1500	PJSIP/1457-00002a94	8335121500	8	0	ANSWERED	Dial	1790784547.11194	1790784547.11194
2026-09-30 13:09:35	83988998931	1500	PJSIP/1454-00002a95	8335121500	93	93	ANSWERED	Dial	1790784547.11194	1790784547.11194
2026-09-30 13:16:59	83988049306	1500	PJSIP/1290-00002abb	8335121500	20	0	NO ANSWER	Dial	1790785019.11236	1790785019.11236
2026-09-30 13:17:19	83988049306	1500	PJSIP/1457-00002ac4	8335121500	134	122	ANSWERED	Dial	1790785019.11236	1790785019.11236
2026-09-30 13:25:58	987261687	1500	PJSIP/1290-00002af4	8335121500	20	0	NO ANSWER	Dial	1790785558.11293	1790785558.11293
2026-09-30 13:26:19	987261687	1500	PJSIP/1457-00002af9	8335121500	87	79	ANSWERED	Dial	1790785558.11293	1790785558.11293
2026-09-30 13:26:03	83988370191	1500	PJSIP/1290-00002af6	8335121500	1	0	NO ANSWER	Dial	1790785563.11295	1790785563.11295
2026-09-30 13:26:07	83988370191	1500	PJSIP/1290-00002af8	8335121500	18	0	ANSWERED	Dial	1790785567.11297	1790785567.11297
2026-09-30 13:26:26	83988370191	1500	PJSIP/1454-00002afa	8335121500	101	101	ANSWERED	Dial	1790785567.11297	1790785567.11297
2026-09-30 13:27:49	83996306010	1500	PJSIP/1290-00002b00	8335121500	20	0	NO ANSWER	Dial	1790785669.11305	1790785669.11305
2026-09-30 13:28:09	83996306010	1500	PJSIP/1457-00002b02	8335121500	101	94	ANSWERED	Dial	1790785669.11305	1790785669.11305
2026-09-30 13:28:11	83998683510	1500	PJSIP/1290-00002b04	8335121500	6	0	ANSWERED	Dial	1790785691.11309	1790785691.11309
2026-09-30 13:28:17	83998683510	1500	PJSIP/1454-00002b05	8335121500	99	99	ANSWERED	Dial	1790785691.11309	1790785691.11309
2026-09-30 13:29:51	83988121901	1500	PJSIP/1290-00002b10	8335121500	20	0	NO ANSWER	Dial	1790785791.11321	1790785791.11321
2026-09-30 13:30:11	83988121901	1500	PJSIP/1457-00002b16	8335121500	76	74	ANSWERED	Dial	1790785791.11321	1790785791.11321
2026-09-30 13:30:03	83996624007	1500	PJSIP/1290-00002b15	8335121500	20	0	NO ANSWER	Dial	1790785803.11326	1790785803.11326
2026-09-30 13:30:24	83996624007	1500	PJSIP/1457-00002b19	8335121500	20	0	NO ANSWER	Dial	1790785803.11326	1790785803.11326
2026-09-30 13:30:44	83996624007	1500	PJSIP/1291-00002b1a	8335121500	19	0	NO ANSWER	Dial	1790785803.11326	1790785803.11326
2026-09-30 13:31:26	85999914130	1500	PJSIP/1290-00002b20	8335121500	20	0	NO ANSWER	Dial	1790785886.11337	1790785886.11337
2026-09-30 13:31:47	85999914130	1500	PJSIP/1457-00002b23	8335121500	16	0	ANSWERED	Dial	1790785886.11337	1790785886.11337
2026-09-30 13:32:03	85999914130	1500	PJSIP/1454-00002b26	8335121500	1	1	ANSWERED	Dial	1790785886.11337	1790785886.11337
2026-09-30 13:31:31	83987407601	1500	PJSIP/1290-00002b22	8335121500	20	0	NO ANSWER	Dial	1790785891.11339	1790785891.11339
2026-09-30 13:31:52	83987407601	1500	PJSIP/1457-00002b24	8335121500	20	0	NO ANSWER	Dial	1790785891.11339	1790785891.11339
2026-09-30 13:32:12	83987407601	1500	PJSIP/1291-00002b29	8335121500	3	0	NO ANSWER	Dial	1790785891.11339	1790785891.11339
2026-09-30 13:32:08	83988370191	1500	PJSIP/1290-00002b28	8335121500	8	0	NO ANSWER	Dial	1790785928.11345	1790785928.11345
2026-09-30 13:33:25	987000401	1500	PJSIP/1290-00002b2c	8335121500	20	0	NO ANSWER	Dial	1790786005.11349	1790786005.11349
2026-09-30 13:33:45	987000401	1500	PJSIP/1457-00002b30	8335121500	67	62	ANSWERED	Dial	1790786005.11349	1790786005.11349
2026-09-30 13:33:29	85999914130	1500	PJSIP/1290-00002b2f	8335121500	20	0	NO ANSWER	Dial	1790786009.11352	1790786009.11352
2026-09-30 13:33:49	85999914130	1500	PJSIP/1457-00002b31	8335121500	1	0	ANSWERED	Dial	1790786009.11352	1790786009.11352
2026-09-30 13:33:51	85999914130	1500	PJSIP/1454-00002b32	8335121500	90	90	ANSWERED	Dial	1790786009.11352	1790786009.11352
2026-09-30 13:35:04	83988097709	1500	PJSIP/1290-00002b41	8335121500	6	0	NO ANSWER	Dial	1790786104.11370	1790786104.11370
2026-09-30 13:35:13	83988097709	1500	PJSIP/1290-00002b43	8335121500	20	0	NO ANSWER	Dial	1790786113.11372	1790786113.11372
2026-09-30 13:35:33	83988097709	1500	PJSIP/1457-00002b45	8335121500	77	75	ANSWERED	Dial	1790786113.11372	1790786113.11372
2026-09-30 13:35:37	83986107236	1500	PJSIP/1290-00002b4c	8335121500	20	0	NO ANSWER	Dial	1790786137.11381	1790786137.11381
2026-09-30 13:35:57	83986107236	1500	PJSIP/1457-00002b4d	8335121500	20	0	NO ANSWER	Dial	1790786137.11381	1790786137.11381
2026-09-30 13:36:17	83986107236	1500	PJSIP/1291-00002b4e	8335121500	18	0	NO ANSWER	Dial	1790786137.11381	1790786137.11381
2026-09-30 13:36:42	83988370191	1500	PJSIP/1290-00002b51	8335121500	20	0	NO ANSWER	Dial	1790786202.11386	1790786202.11386
2026-09-30 13:37:02	83988370191	1500	PJSIP/1457-00002b52	8335121500	106	93	ANSWERED	Dial	1790786202.11386	1790786202.11386
2026-09-30 13:38:16	83996547832	1500	PJSIP/1290-00002b5b	8335121500	20	0	NO ANSWER	Dial	1790786296.11396	1790786296.11396
2026-09-30 13:38:36	83996547832	1500	PJSIP/1457-00002b63	8335121500	7	0	NO ANSWER	Dial	1790786296.11396	1790786296.11396
2026-09-30 13:39:02	83989027833	1500	PJSIP/1290-00002b67	8335121500	20	0	NO ANSWER	Dial	1790786342.11408	1790786342.11408
2026-09-30 13:39:22	83989027833	1500	PJSIP/1457-00002b69	8335121500	7	0	ANSWERED	Dial	1790786342.11408	1790786342.11408
2026-09-30 13:39:30	83989027833	1500	PJSIP/1454-00002b6a	8335121500	100	100	ANSWERED	Dial	1790786342.11408	1790786342.11408
2026-09-30 13:41:29	83988629803	1500	PJSIP/1290-00002b7a	8335121500	20	0	NO ANSWER	Dial	1790786489.11427	1790786489.11427
2026-09-30 13:41:49	83988629803	1500	PJSIP/1457-00002b7e	8335121500	113	111	ANSWERED	Dial	1790786489.11427	1790786489.11427
2026-09-30 13:42:25	988552074	1500	PJSIP/1290-00002b80	8335121500	1	0	NO ANSWER	Dial	1790786545.11433	1790786545.11433
2026-09-30 13:43:53	83987744030	1500	PJSIP/1290-00002b86	8335121500	20	0	NO ANSWER	Dial	1790786633.11439	1790786633.11439
2026-09-30 13:44:13	83987744030	1500	PJSIP/1457-00002b8c	8335121500	26	21	ANSWERED	Dial	1790786633.11439	1790786633.11439
2026-09-30 13:45:01	83996607800	1500	PJSIP/1290-00002b94	8335121500	20	0	NO ANSWER	Dial	1790786701.11453	1790786701.11453
2026-09-30 13:45:21	83996607800	1500	PJSIP/1457-00002b96	8335121500	74	61	ANSWERED	Dial	1790786701.11453	1790786701.11453
2026-09-30 13:48:06	83987117816	1500	PJSIP/1290-00002bb3	8335121500	20	0	NO ANSWER	Dial	1790786886.11484	1790786886.11484
2026-09-30 13:48:26	83987117816	1500	PJSIP/1457-00002bb4	8335121500	90	87	ANSWERED	Dial	1790786886.11484	1790786886.11484
2026-09-30 13:48:50	999961105	1500	PJSIP/1290-00002bb9	8335121500	20	0	NO ANSWER	Dial	1790786930.11490	1790786930.11490
2026-09-30 13:49:10	999961105	1500	PJSIP/1457-00002bbe	8335121500	20	0	NO ANSWER	Dial	1790786930.11490	1790786930.11490
2026-09-30 13:49:30	999961105	1500	PJSIP/1291-00002bc1	8335121500	3	0	NO ANSWER	Dial	1790786930.11490	1790786930.11490
2026-09-30 13:50:19	8335066113	1500	PJSIP/1290-00002bd3	8335121500	20	0	NO ANSWER	Dial	1790787019.11516	1790787019.11516
2026-09-30 13:50:39	8335066113	1500	PJSIP/1457-00002bd8	8335121500	75	71	ANSWERED	Dial	1790787019.11516	1790787019.11516
2026-09-30 13:50:25	83996607800	1500	PJSIP/1290-00002bd5	8335121500	20	0	NO ANSWER	Dial	1790787025.11518	1790787025.11518
2026-09-30 13:50:45	83996607800	1500	PJSIP/1457-00002bd9	8335121500	20	0	NO ANSWER	Dial	1790787025.11518	1790787025.11518
2026-09-30 13:51:05	83996607800	1500	PJSIP/1291-00002bda	8335121500	20	0	NO ANSWER	Dial	1790787025.11518	1790787025.11518
2026-09-30 13:51:36	83996607800	1500	PJSIP/1290-00002be0	8335121500	20	0	NO ANSWER	Dial	1790787096.11529	1790787096.11529
2026-09-30 13:51:57	83996607800	1500	PJSIP/1457-00002be4	8335121500	4	0	ANSWERED	Dial	1790787096.11529	1790787096.11529
2026-09-30 13:52:01	83996607800	1500	PJSIP/1454-00002be5	8335121500	60	60	ANSWERED	Dial	1790787096.11529	1790787096.11529
2026-09-30 13:53:38	83988413876	1500	PJSIP/1290-00002beb	8335121500	20	0	NO ANSWER	Dial	1790787218.11540	1790787218.11540
2026-09-30 13:53:58	83988413876	1500	PJSIP/1457-00002bec	8335121500	20	0	NO ANSWER	Dial	1790787218.11540	1790787218.11540
2026-09-30 13:54:18	83988413876	1500	PJSIP/1291-00002bf2	8335121500	2	0	BUSY	Dial	1790787218.11540	1790787218.11540
2026-09-30 13:54:21	83988413876	1500	PJSIP/1286-00002bf3	8335121500	17	0	NO ANSWER	Dial	1790787218.11540	1790787218.11540
2026-09-30 13:55:28	83988413876	1500	PJSIP/1290-00002bfa	8335121500	6	0	NO ANSWER	Dial	1790787328.11555	1790787328.11555
2026-09-30 13:56:13	83988413876	1500	PJSIP/1290-00002bfd	8335121500	20	0	NO ANSWER	Dial	1790787373.11558	1790787373.11558
2026-09-30 13:56:33	83988413876	1500	PJSIP/1457-00002c00	8335121500	7	0	ANSWERED	Dial	1790787373.11558	1790787373.11558
2026-09-30 13:57:04	83999925033	1500	PJSIP/1290-00002c03	8335121500	20	0	NO ANSWER	Dial	1790787424.11564	1790787424.11564
2026-09-30 13:57:24	83999925033	1500	PJSIP/1457-00002c05	8335121500	2	0	NO ANSWER	Dial	1790787424.11564	1790787424.11564
2026-09-30 13:57:38	83999925033	1500	PJSIP/1290-00002c07	8335121500	18	0	NO ANSWER	Dial	1790787458.11568	1790787458.11568
2026-09-30 13:58:28	83996607800	1500	PJSIP/1290-00002c0a	8335121500	20	0	NO ANSWER	Dial	1790787508.11571	1790787508.11571
2026-09-30 13:58:48	83996607800	1500	PJSIP/1457-00002c0d	8335121500	66	64	ANSWERED	Dial	1790787508.11571	1790787508.11571
2026-09-30 14:01:26	83987085200	1500	PJSIP/1290-00002c19	8335121500	20	0	NO ANSWER	Dial	1790787686.11586	1790787686.11586
2026-09-30 14:01:47	83987085200	1500	PJSIP/1457-00002c1a	8335121500	5	0	NO ANSWER	Dial	1790787686.11586	1790787686.11586
2026-09-30 14:03:14	8335073491	1500	PJSIP/1290-00002c2d	8335121500	20	0	NO ANSWER	Dial	1790787794.11606	1790787794.11606
2026-09-30 14:03:35	8335073491	1500	PJSIP/1457-00002c32	8335121500	20	0	NO ANSWER	Dial	1790787794.11606	1790787794.11606
2026-09-30 14:03:55	8335073491	1500	PJSIP/1291-00002c34	8335121500	2	0	BUSY	Dial	1790787794.11606	1790787794.11606
2026-09-30 14:03:57	8335073491	1500	PJSIP/1286-00002c35	8335121500	20	0	NO ANSWER	Dial	1790787794.11606	1790787794.11606
2026-09-30 14:04:17	8335073491	1500	PJSIP/1456-00002c3a	8335121500	20	0	NO ANSWER	Dial	1790787794.11606	1790787794.11606
2026-09-30 14:04:37	8335073491	1500	PJSIP/1287-00002c3f	8335121500	6	0	NO ANSWER	Dial	1790787794.11606	1790787794.11606
2026-09-30 14:04:09	83996547832	1500	PJSIP/1290-00002c39	8335121500	20	0	NO ANSWER	Dial	1790787849.11618	1790787849.11618
2026-09-30 14:04:29	83996547832	1500	PJSIP/1457-00002c3e	8335121500	233	230	ANSWERED	Dial	1790787849.11618	1790787849.11618
2026-09-30 14:05:09	8335073491	1500	PJSIP/1290-00002c44	8335121500	20	0	NO ANSWER	Dial	1790787909.11629	1790787909.11629
2026-09-30 14:05:29	8335073491	1500	PJSIP/1457-00002c4a	8335121500	20	0	NO ANSWER	Dial	1790787909.11629	1790787909.11629
2026-09-30 14:05:49	8335073491	1500	PJSIP/1291-00002c50	8335121500	2	0	BUSY	Dial	1790787909.11629	1790787909.11629
2026-09-30 14:05:52	8335073491	1500	PJSIP/1286-00002c51	8335121500	20	0	NO ANSWER	Dial	1790787909.11629	1790787909.11629
2026-09-30 14:06:12	8335073491	1500	PJSIP/1456-00002c59	8335121500	20	0	NO ANSWER	Dial	1790787909.11629	1790787909.11629
2026-09-30 14:06:32	8335073491	1500	PJSIP/1287-00002c5c	8335121500	5	0	NO ANSWER	Dial	1790787909.11629	1790787909.11629
2026-09-30 14:06:50	8335073491	1500	PJSIP/1290-00002c5e	8335121500	20	0	NO ANSWER	Dial	1790788010.11655	1790788010.11655
2026-09-30 14:07:10	8335073491	1500	PJSIP/1457-00002c67	8335121500	20	0	NO ANSWER	Dial	1790788010.11655	1790788010.11655
2026-09-30 14:07:30	8335073491	1500	PJSIP/1291-00002c74	8335121500	2	0	BUSY	Dial	1790788010.11655	1790788010.11655
2026-09-30 14:07:32	8335073491	1500	PJSIP/1286-00002c75	8335121500	20	0	NO ANSWER	Dial	1790788010.11655	1790788010.11655
2026-09-30 14:07:52	8335073491	1500	PJSIP/1456-00002c7a	8335121500	17	0	NO ANSWER	Dial	1790788010.11655	1790788010.11655
2026-09-30 14:14:29	8335066113	1500	PJSIP/1290-00002c9b	8335121500	20	0	NO ANSWER	Dial	1790788469.11718	1790788469.11718
2026-09-30 14:14:49	8335066113	1500	PJSIP/1457-00002c9c	8335121500	20	0	NO ANSWER	Dial	1790788469.11718	1790788469.11718
2026-09-30 14:15:09	8335066113	1500	PJSIP/1291-00002ca1	8335121500	3	0	BUSY	Dial	1790788469.11718	1790788469.11718
2026-09-30 14:15:14	8335066113	1500	PJSIP/1286-00002ca2	8335121500	19	0	NO ANSWER	Dial	1790788469.11718	1790788469.11718
2026-09-30 14:22:42	83987261687	1500	PJSIP/1290-00002ccb	8335121500	20	0	NO ANSWER	Dial	1790788962.11766	1790788962.11766
2026-09-30 14:23:03	83987261687	1500	PJSIP/1457-00002ccc	8335121500	16	0	NO ANSWER	Dial	1790788962.11766	1790788962.11766
2026-09-30 14:24:53	83991370541	1500	PJSIP/1290-00002cd6	8335121500	20	0	NO ANSWER	Dial	1790789093.11777	1790789093.11777
2026-09-30 14:25:14	83991370541	1500	PJSIP/1457-00002cd7	8335121500	11	0	ANSWERED	Dial	1790789093.11777	1790789093.11777
2026-09-30 14:25:25	83991370541	1500	PJSIP/1456-00002cd8	8335121500	79	79	ANSWERED	Dial	1790789093.11777	1790789093.11777
2026-09-30 14:27:28	83993057181	1500	PJSIP/1290-00002ce2	8335121500	20	0	NO ANSWER	Dial	1790789248.11789	1790789248.11789
2026-09-30 14:27:48	83993057181	1500	PJSIP/1457-00002ce8	8335121500	5	0	ANSWERED	Dial	1790789248.11789	1790789248.11789
2026-09-30 14:27:53	83993057181	1500	PJSIP/1456-00002ce9	8335121500	79	79	ANSWERED	Dial	1790789248.11789	1790789248.11789
2026-09-30 14:39:45	83986301295	1500	PJSIP/1290-00002d2e	8335121500	20	0	NO ANSWER	Dial	1790789985.11865	1790789985.11865
2026-09-30 14:40:05	83986301295	1500	PJSIP/1457-00002d32	8335121500	86	80	ANSWERED	Dial	1790789985.11865	1790789985.11865
2026-09-30 14:44:31	83987744030	1500	PJSIP/1290-00002d4c	8335121500	20	0	NO ANSWER	Dial	1790790271.11895	1790790271.11895
2026-09-30 14:44:52	83987744030	1500	PJSIP/1457-00002d4d	8335121500	32	26	ANSWERED	Dial	1790790271.11895	1790790271.11895
2026-09-30 14:55:54	83986157694	1500	PJSIP/1290-00002d85	8335121500	20	0	NO ANSWER	Dial	1790790954.11954	1790790954.11954
2026-09-30 14:56:14	83986157694	1500	PJSIP/1457-00002d86	8335121500	200	196	ANSWERED	Dial	1790790954.11954	1790790954.11954
2026-09-30 15:00:40	83999345614	1500	PJSIP/1290-00002da5	8335121500	20	0	NO ANSWER	Dial	1790791240.11986	1790791240.11986
2026-09-30 15:01:01	83999345614	1500	PJSIP/1457-00002da6	8335121500	100	83	ANSWERED	Dial	1790791240.11986	1790791240.11986
2026-09-30 15:11:29	83993503052	1500	PJSIP/1290-00002dcb	8335121500	20	0	NO ANSWER	Dial	1790791889.12024	1790791889.12024
2026-09-30 15:11:49	83993503052	1500	PJSIP/1457-00002dcc	8335121500	20	0	NO ANSWER	Dial	1790791889.12024	1790791889.12024
2026-09-30 15:12:09	83993503052	1500	PJSIP/1291-00002dce	8335121500	7	0	NO ANSWER	Dial	1790791889.12024	1790791889.12024
2026-09-30 15:12:31	83993503052	1500	PJSIP/1290-00002dd4	8335121500	12	0	NO ANSWER	Dial	1790791951.12033	1790791951.12033
2026-09-30 15:15:41	83988589396	1500	PJSIP/1290-00002ded	8335121500	20	0	NO ANSWER	Dial	1790792141.12058	1790792141.12058
2026-09-30 15:16:01	83988589396	1500	PJSIP/1457-00002df0	8335121500	6	0	ANSWERED	Dial	1790792141.12058	1790792141.12058
2026-09-30 15:16:08	83988589396	1500	PJSIP/1456-00002df1	8335121500	106	106	ANSWERED	Dial	1790792141.12058	1790792141.12058
2026-09-30 15:36:17	83988985017	1500	PJSIP/1323-00002e17	8335121500	16	0	ANSWERED	Dial	1790793377.12100	1790793377.12100
2026-09-30 15:36:33	83988985017	1500	PJSIP/1456-00002e18	8335121500	174	174	ANSWERED	Dial	1790793377.12100	1790793377.12100
2026-09-30 15:44:31	83988437370	1500	PJSIP/1290-00002e30	8335121500	20	0	NO ANSWER	Dial	1790793871.12125	1790793871.12125
2026-09-30 15:44:52	83988437370	1500	PJSIP/1422-00002e31	8335121500	397	387	ANSWERED	Dial	1790793871.12125	1790793871.12125
2026-09-30 15:53:17	83993823472	1500	PJSIP/1454-00002e9b	8335121500	18	0	ANSWERED	Dial	1790794397.12258	1790794397.12258
2026-09-30 15:53:35	83993823472	1500	PJSIP/1456-00002e9f	8335121500	96	96	ANSWERED	Dial	1790794397.12258	1790794397.12258
2026-09-30 16:08:47	992196913	1500	PJSIP/1455-00002f03	8335121500	20	0	NO ANSWER	Dial	1790795327.12362	1790795327.12362
2026-09-30 16:09:07	992196913	1500	PJSIP/1454-00002f06	8335121500	5	0	ANSWERED	Dial	1790795327.12362	1790795327.12362
2026-09-30 16:09:13	992196913	1500	PJSIP/1456-00002f07	8335121500	381	381	ANSWERED	Dial	1790795327.12362	1790795327.12362
2026-09-30 16:16:36	83989027833	1500	PJSIP/1290-00002f33	8335121500	20	0	NO ANSWER	Dial	1790795796.12410	1790795796.12410
2026-09-30 16:16:56	83989027833	1500	PJSIP/1287-00002f34	8335121500	5	0	ANSWERED	Dial	1790795796.12410	1790795796.12410
2026-09-30 16:17:02	83989027833	1500	PJSIP/1456-00002f35	8335121500	116	116	ANSWERED	Dial	1790795796.12410	1790795796.12410
2026-09-30 16:20:29	83981901265	1500	PJSIP/1291-00002f3d	8335121500	1	0	NO ANSWER	Dial	1790796029.12420	1790796029.12420
2026-09-30 16:20:33	83981901265	1500	PJSIP/1326-00002f3f	8335121500	3	0	ANSWERED	Dial	1790796033.12422	1790796033.12422
2026-09-30 16:20:37	83981901265	1500	PJSIP/1426-00002f40	8335121500	160	160	ANSWERED	Dial	1790796033.12422	1790796033.12422
2026-09-30 16:24:57	83987956107	1500	PJSIP/1425-00002f50	8335121500	6	0	ANSWERED	Dial	1790796297.12439	1790796297.12439
2026-09-30 16:25:04	83987956107	1500	PJSIP/1426-00002f51	8335121500	102	102	ANSWERED	Dial	1790796297.12439	1790796297.12439
2026-09-30 16:32:25	54996606096	1500	PJSIP/1457-00002f66	8335121500	10	0	ANSWERED	Dial	1790796745.12461	1790796745.12461
2026-09-30 16:32:36	54996606096	1500	PJSIP/1323-00002f67	8335121500	523	523	ANSWERED	Dial	1790796745.12461	1790796745.12461
2026-09-30 16:46:20	981473231	1500	PJSIP/1456-00002f83	8335121500	20	0	NO ANSWER	Dial	1790797580.12490	1790797580.12490
2026-09-30 16:46:41	981473231	1500	PJSIP/1425-00002f84	8335121500	13	5	ANSWERED	Dial	1790797580.12490	1790797580.12490
2026-09-30 16:52:20	83988070000	1500	PJSIP/1287-00002f91	8335121500	15	0	ANSWERED	Dial	1790797940.12504	1790797940.12504
2026-09-30 16:52:35	83988070000	1500	PJSIP/1325-00002f92	8335121500	13	13	ANSWERED	Dial	1790797940.12504	1790797940.12504
2026-09-30 17:07:22	988321281	1500	PJSIP/1456-00002fa7	8335121500	71	68	ANSWERED	Dial	1790798842.12526	1790798842.12526
2026-09-30 17:10:10	987176644	1500	PJSIP/1290-00002fb4	8335121500	20	0	NO ANSWER	Dial	1790799010.12539	1790799010.12539
2026-09-30 17:10:30	987176644	1500	PJSIP/1455-00002fb5	8335121500	20	0	NO ANSWER	Dial	1790799010.12539	1790799010.12539
2026-09-30 17:10:50	987176644	1500	PJSIP/1287-00002fb6	8335121500	160	156	ANSWERED	Dial	1790799010.12539	1790799010.12539
2026-09-30 17:20:02	83988985017	1500	PJSIP/1422-00002fc8	8335121500	20	0	NO ANSWER	Dial	1790799602.12559	1790799602.12559
2026-09-30 17:20:22	83988985017	1500	PJSIP/1287-00002fc9	8335121500	7	0	ANSWERED	Dial	1790799602.12559	1790799602.12559
2026-09-30 17:20:29	83988985017	1500	PJSIP/1456-00002fcc	8335121500	138	138	ANSWERED	Dial	1790799602.12559	1790799602.12559
2026-09-30 18:00:31	83987252562	1500	PJSIP/1457-00003012	8335121500	12	0	ANSWERED	Dial	1790802031.12633	1790802031.12633
2026-09-30 18:00:43	83987252562	1500	PJSIP/1456-00003013	8335121500	95	95	ANSWERED	Dial	1790802031.12633	1790802031.12633
2026-09-30 18:24:50	83991925104	1500	PJSIP/1422-0000302b	8335121500	20	0	NO ANSWER	Dial	1790803490.13162	1790803490.13162
2026-09-30 18:25:10	83991925104	1500	PJSIP/1323-0000302d	8335121500	282	278	ANSWERED	Dial	1790803490.13162	1790803490.13162
2026-09-30 19:20:39	999932299	1290	PJSIP/1290-0000308e		20	0	NO ANSWER	Dial	1790806839.13703	1790806839.13701
2026-09-30 19:20:39	999932299	1500	Local/1290@from-queue-0000027c;1	8335121500	20	20	NO ANSWER	Queue	1790806839.13701	1790806839.13701
2026-09-30 19:21:12	999932299	1457	PJSIP/1457-0000308f		20	0	NO ANSWER	Dial	1790806872.13706	1790806839.13701
2026-09-30 19:21:12	999932299	1500	Local/1457@from-queue-0000027d;1	8335121500	20	20	NO ANSWER	Queue	1790806839.13701	1790806839.13701
2026-09-30 19:21:45	999932299	1291	PJSIP/1291-00003090		20	0	NO ANSWER	Dial	1790806905.13709	1790806839.13701
2026-09-30 19:21:45	999932299	1500	Local/1291@from-queue-0000027e;1	8335121500	20	20	NO ANSWER	Queue	1790806839.13701	1790806839.13701
2026-09-30 19:22:18	999932299	1286	PJSIP/1286-00003091		10	0	NO ANSWER	Dial	1790806938.13712	1790806839.13701
2026-09-30 19:22:18	999932299	1500	Local/1286@from-queue-0000027f;1	8335121500	10	10	NO ANSWER	Queue	1790806839.13701	1790806839.13701
2026-10-01 07:19:54	83991116141	1456	PJSIP/1456-000030d8		20	0	NO ANSWER	Dial	1790849994.13785	1790849994.13783
2026-10-01 07:19:54	83991116141	1500	Local/1456@from-queue-00000280;1	8335121500	20	20	NO ANSWER	Queue	1790849994.13783	1790849994.13783
2026-10-01 07:20:27	83991116141	1287	PJSIP/1287-000030d9		20	0	NO ANSWER	Dial	1790850027.13788	1790849994.13783
2026-10-01 07:20:27	83991116141	1500	Local/1287@from-queue-00000281;1	8335121500	20	20	NO ANSWER	Queue	1790849994.13783	1790849994.13783
2026-10-01 07:21:00	83991116141	1323	PJSIP/1323-000030da		20	0	NO ANSWER	Dial	1790850060.13791	1790849994.13783
2026-10-01 07:21:00	83991116141	1500	Local/1323@from-queue-00000282;1	8335121500	20	20	NO ANSWER	Queue	1790849994.13783	1790849994.13783
2026-10-01 07:21:33	83991116141	1454	PJSIP/1454-000030db		7	0	NO ANSWER	Dial	1790850093.13794	1790849994.13783
2026-10-01 07:21:33	83991116141	1500	Local/1454@from-queue-00000283;1	8335121500	7	7	NO ANSWER	Queue	1790849994.13783	1790849994.13783
2026-10-01 07:52:06	83987744030	1426	PJSIP/1426-0000313c		20	0	NO ANSWER	Dial	1790851926.14121	1790851926.14119
2026-10-01 07:52:06	83987744030	1500	Local/1426@from-queue-000002f6;1	8335121500	20	20	NO ANSWER	Queue	1790851926.14119	1790851926.14119
2026-10-01 07:52:39	83987744030	1455	PJSIP/1455-0000313d		20	0	NO ANSWER	Dial	1790851959.14124	1790851926.14119
2026-10-01 07:52:39	83987744030	1500	Local/1455@from-queue-000002f7;1	8335121500	20	20	NO ANSWER	Queue	1790851926.14119	1790851926.14119
2026-10-01 07:53:12	83987744030	1422	PJSIP/1422-0000313f		1	0	NO ANSWER	Dial	1790851992.14130	1790851926.14119
2026-10-01 07:53:12	83987744030	1500	Local/1422@from-queue-000002f9;1	8335121500	1	1	NO ANSWER	Queue	1790851926.14119	1790851926.14119
2026-10-01 07:58:20	83993228686	1326	PJSIP/1326-00003153		20	0	NO ANSWER	Dial	1790852300.14152	1790852300.14150
2026-10-01 07:58:20	83993228686	1500	Local/1326@from-queue-000002fa;1	8335121500	20	20	NO ANSWER	Queue	1790852300.14150	1790852300.14150
2026-10-01 07:58:53	83993228686	1425	PJSIP/1425-00003154		20	0	NO ANSWER	Dial	1790852333.14155	1790852300.14150
2026-10-01 07:58:53	83993228686	1500	Local/1425@from-queue-000002fb;1	8335121500	20	20	NO ANSWER	Queue	1790852300.14150	1790852300.14150
2026-10-01 07:59:26	83993228686	1290	PJSIP/1290-0000315a		20	0	NO ANSWER	Dial	1790852366.14163	1790852300.14150
2026-10-01 07:59:26	83993228686	1500	Local/1290@from-queue-000002fc;1	8335121500	20	20	NO ANSWER	Queue	1790852300.14150	1790852300.14150
2026-10-01 07:59:59	83993228686	1457	PJSIP/1457-0000315b		5	0	ANSWERED	Dial	1790852399.14166	1790852300.14150
2026-10-01 07:59:59	83993228686	1500	Local/1457@from-queue-000002fd;1	8335121500	272	272	ANSWERED	Queue	1790852300.14150	1790852300.14150
2026-10-01 08:00:04	83993228686	1457	PJSIP/1323-0000315c		267	267	ANSWERED	Dial	1790852399.14166	1790852300.14150
2026-10-01 08:04:49	83988677007	1291	PJSIP/1291-00003180		2	0	BUSY	Dial	1790852689.14205	1790852689.14203
2026-10-01 08:04:49	83988677007	1500	Local/1291@from-queue-000002fe;1	8335121500	3	2	BUSY	Queue	1790852689.14203	1790852689.14203
2026-10-01 08:04:52	83988677007	1286	PJSIP/1286-00003181		7	0	NO ANSWER	Dial	1790852692.14208	1790852689.14203
2026-10-01 08:04:52	83988677007	1500	Local/1286@from-queue-000002ff;1	8335121500	7	7	NO ANSWER	Queue	1790852689.14203	1790852689.14203
2026-10-01 08:11:02	83993228686	1500	Local/1456@from-queue-00000300;1	8335121500	58	58	ANSWERED	Queue	1790853062.14244	1790853062.14244
2026-10-01 08:11:03	83993228686	1456	PJSIP/1456-000031a5		58	54	ANSWERED	Dial	1790853063.14246	1790853062.14244
2026-10-01 08:15:20	83988677007	1500	Local/1287@from-queue-00000301;1	8335121500	142	142	ANSWERED	Queue	1790853320.14265	1790853320.14265
2026-10-01 08:15:21	83988677007	1287	PJSIP/1287-000031b8		141	137	ANSWERED	Dial	1790853321.14267	1790853320.14265
2026-10-01 08:20:04	83986427566	1323	PJSIP/1323-000031db		288	281	ANSWERED	Dial	1790853604.14304	1790853604.14302
2026-10-01 08:20:04	83986427566	1500	Local/1323@from-queue-00000302;1	8335121500	288	288	ANSWERED	Queue	1790853604.14302	1790853604.14302
2026-10-01 08:28:07	83988344438	1454	PJSIP/1454-00003210		6	0	ANSWERED	Dial	1790854087.14415	1790854087.14413
2026-10-01 08:28:07	83988344438	1500	Local/1454@from-queue-0000031f;1	8335121500	54	54	ANSWERED	Queue	1790854087.14413	1790854087.14413
2026-10-01 08:28:14	83988344438	1454	PJSIP/1456-00003211		47	47	ANSWERED	Dial	1790854087.14415	1790854087.14413
2026-10-01 08:40:53	83988677007	1426	PJSIP/1426-0000324a		5	0	ANSWERED	Dial	1790854853.14475	1790854853.14473
2026-10-01 08:40:53	83988677007	1500	Local/1426@from-queue-00000320;1	8335121500	57	57	ANSWERED	Queue	1790854853.14473	1790854853.14473
2026-10-01 08:40:59	83988677007	1426	PJSIP/1425-0000324b		51	51	ANSWERED	Dial	1790854853.14475	1790854853.14473
2026-10-01 08:45:33	83996310637	1455	PJSIP/1455-00003271		20	0	NO ANSWER	Dial	1790855133.14516	1790855133.14514
2026-10-01 08:45:33	83996310637	1500	Local/1455@from-queue-00000321;1	8335121500	20	20	NO ANSWER	Queue	1790855133.14514	1790855133.14514
2026-10-01 08:46:06	83996310637	1422	PJSIP/1422-00003274		20	0	NO ANSWER	Dial	1790855166.14521	1790855133.14514
2026-10-01 08:46:06	83996310637	1500	Local/1422@from-queue-00000322;1	8335121500	20	20	NO ANSWER	Queue	1790855133.14514	1790855133.14514
2026-10-01 08:46:39	83996310637	1326	PJSIP/1326-00003276		5	0	ANSWERED	Dial	1790855199.14525	1790855133.14514
2026-10-01 08:46:39	83996310637	1500	Local/1326@from-queue-00000323;1	8335121500	103	103	ANSWERED	Queue	1790855133.14514	1790855133.14514
2026-10-01 08:46:45	83996310637	1326	PJSIP/1425-00003277		98	98	ANSWERED	Dial	1790855199.14525	1790855133.14514
2026-10-01 08:56:14	997343308	1425	PJSIP/1425-000032b3		20	0	NO ANSWER	Dial	1790855774.14588	1790855774.14586
2026-10-01 08:56:14	997343308	1500	Local/1425@from-queue-00000324;1	8335121500	20	20	NO ANSWER	Queue	1790855774.14586	1790855774.14586
2026-10-01 08:56:47	997343308	1290	PJSIP/1290-000032b4		20	0	NO ANSWER	Dial	1790855807.14591	1790855774.14586
2026-10-01 08:56:47	997343308	1500	Local/1290@from-queue-00000325;1	8335121500	20	20	NO ANSWER	Queue	1790855774.14586	1790855774.14586
2026-10-01 08:57:20	997343308	1457	PJSIP/1457-000032b5		9	0	ANSWERED	Dial	1790855840.14594	1790855774.14586
2026-10-01 08:57:20	997343308	1500	Local/1457@from-queue-00000326;1	8335121500	48	48	ANSWERED	Queue	1790855774.14586	1790855774.14586
2026-10-01 08:57:30	997343308	1457	PJSIP/1325-000032b6		38	38	ANSWERED	Dial	1790855840.14594	1790855774.14586
2026-10-01 08:59:05	83988670529	1500	Local/1291@from-queue-00000327;1	8335121500	2	2	BUSY	Queue	1790855945.14614	1790855945.14614
2026-10-01 08:59:06	83988670529	1291	PJSIP/1291-000032c9		2	0	BUSY	Dial	1790855946.14616	1790855945.14614
2026-10-01 08:59:08	83988670529	1286	PJSIP/1286-000032ca		17	0	NO ANSWER	Dial	1790855948.14619	1790855945.14614
2026-10-01 08:59:08	83988670529	1500	Local/1286@from-queue-00000328;1	8335121500	17	17	NO ANSWER	Queue	1790855945.14614	1790855945.14614
2026-10-01 08:59:39	83988670529	1456	PJSIP/1456-000032cb		41	38	ANSWERED	Dial	1790855979.14622	1790855945.14614
2026-10-01 08:59:39	83988670529	1500	Local/1456@from-queue-00000329;1	8335121500	41	41	ANSWERED	Queue	1790855945.14614	1790855945.14614
2026-10-01 09:17:55	987983161	1287	PJSIP/1287-00003368		7	0	ANSWERED	Dial	1790857075.14893	1790857075.14891
2026-10-01 09:17:55	987983161	1500	Local/1287@from-queue-00000362;1	8335121500	125	124	ANSWERED	Queue	1790857075.14891	1790857075.14891
2026-10-01 09:18:02	987983161	1287	PJSIP/1456-00003369		117	117	ANSWERED	Dial	1790857075.14893	1790857075.14891
2026-10-01 09:28:08	999120819	1323	PJSIP/1323-000033c1		113	109	ANSWERED	Dial	1790857688.14986	1790857688.14984
2026-10-01 09:28:08	999120819	1500	Local/1323@from-queue-00000364;1	8335121500	114	114	ANSWERED	Queue	1790857688.14984	1790857688.14984
2026-10-01 09:35:45	81984074761	1454	PJSIP/1454-00003400		11	0	ANSWERED	Dial	1790858145.15107	1790858145.15105
2026-10-01 09:35:45	81984074761	1500	Local/1454@from-queue-00000381;1	8335121500	37	37	ANSWERED	Queue	1790858145.15105	1790858145.15105
2026-10-01 09:35:57	81984074761	1454	PJSIP/1456-00003404		25	25	ANSWERED	Dial	1790858145.15107	1790858145.15105
2026-10-01 09:44:11	anonymous	1426	PJSIP/1426-00003453		6	0	ANSWERED	Dial	1790858651.15304	1790858651.15302
2026-10-01 09:44:11	anonymous	1500	Local/1426@from-queue-000003ba;1	8335121500	66	66	ANSWERED	Queue	1790858651.15302	1790858651.15302
2026-10-01 09:44:18	anonymous	1426	PJSIP/1425-00003456		59	59	ANSWERED	Dial	1790858651.15304	1790858651.15302
2026-10-01 09:49:39	83988005873	1500	Local/1455@from-queue-000003f4;1	8335121500	20	20	NO ANSWER	Queue	1790858979.15495	1790858979.15495
2026-10-01 09:49:40	83988005873	1455	PJSIP/1455-000034a0		20	0	NO ANSWER	Dial	1790858980.15497	1790858979.15495
2026-10-01 09:50:12	83988005873	1422	PJSIP/1422-000034a5		45	36	ANSWERED	Dial	1790859012.15504	1790858979.15495
2026-10-01 09:50:12	83988005873	1500	Local/1422@from-queue-000003f5;1	8335121500	45	45	ANSWERED	Queue	1790858979.15495	1790858979.15495
2026-10-01 10:11:00	987705989	1326	PJSIP/1326-000035c8		10	2	ANSWERED	Dial	1790860260.16027	1790860260.16025
2026-10-01 10:11:00	987705989	1500	Local/1326@from-queue-00000469;1	8335121500	10	10	ANSWERED	Queue	1790860260.16025	1790860260.16025
2026-10-01 10:11:17	987705989	1425	PJSIP/1425-000035ca		6	0	ANSWERED	Dial	1790860277.16031	1790860277.16029
2026-10-01 10:11:17	987705989	1500	Local/1425@from-queue-0000046a;1	8335121500	154	154	ANSWERED	Queue	1790860277.16029	1790860277.16029
2026-10-01 10:11:24	987705989	1425	PJSIP/1326-000035cc		147	147	ANSWERED	Dial	1790860277.16031	1790860277.16029
2026-10-01 10:21:03	21999732865	1500	Local/1290@from-queue-00000567;1	8335121500	20	20	NO ANSWER	Queue	1790860863.16629	1790860863.16629
2026-10-01 10:21:04	21999732865	1290	PJSIP/1290-00003628		20	0	NO ANSWER	Dial	1790860864.16631	1790860863.16629
2026-10-01 10:21:36	21999732865	1457	PJSIP/1457-0000362c		20	0	NO ANSWER	Dial	1790860896.16637	1790860863.16629
2026-10-01 10:21:36	21999732865	1500	Local/1457@from-queue-00000568;1	8335121500	20	20	NO ANSWER	Queue	1790860863.16629	1790860863.16629
2026-10-01 10:22:09	21999732865	1291	PJSIP/1291-0000362d		20	0	NO ANSWER	Dial	1790860929.16640	1790860863.16629
2026-10-01 10:22:09	21999732865	1500	Local/1291@from-queue-00000569;1	8335121500	20	20	NO ANSWER	Queue	1790860863.16629	1790860863.16629
2026-10-01 10:22:42	21999732865	1286	PJSIP/1286-00003630		11	0	ANSWERED	Dial	1790860962.16645	1790860863.16629
2026-10-01 10:22:42	21999732865	1500	Local/1286@from-queue-0000056a;1	8335121500	382	382	ANSWERED	Queue	1790860863.16629	1790860863.16629
2026-10-01 10:22:54	21999732865	1286	PJSIP/1326-00003631		370	370	ANSWERED	Dial	1790860962.16645	1790860863.16629
2026-10-01 10:32:40	83986052814	1456	PJSIP/1456-00003676		605	602	ANSWERED	Dial	1790861560.16717	1790861560.16715
2026-10-01 10:32:40	83986052814	1500	Local/1456@from-queue-0000056b;1	8335121500	605	605	ANSWERED	Queue	1790861560.16715	1790861560.16715
2026-10-01 10:51:33	83987704260	1287	PJSIP/1287-0000371b		11	0	ANSWERED	Dial	1790862693.17116	1790862693.17114
2026-10-01 10:51:33	83987704260	1500	Local/1287@from-queue-000005e0;1	8335121500	408	408	ANSWERED	Queue	1790862693.17114	1790862693.17114
2026-10-01 10:51:44	83987704260	1287	PJSIP/1456-0000371c		397	397	ANSWERED	Dial	1790862693.17116	1790862693.17114
2026-10-01 11:03:15	83987308441	1323	PJSIP/1323-00003754		32	24	ANSWERED	Dial	1790863395.17179	1790863395.17177
2026-10-01 11:03:15	83987308441	1500	Local/1323@from-queue-000005e3;1	8335121500	32	32	ANSWERED	Queue	1790863395.17177	1790863395.17177
2026-10-01 11:09:31	999614803	1500	Local/1454@from-queue-00000600;1	8335121500	215	215	ANSWERED	Queue	1790863771.17282	1790863771.17282
2026-10-01 11:09:32	999614803	1454	PJSIP/1454-00003783		19	0	ANSWERED	Dial	1790863772.17284	1790863771.17282
2026-10-01 11:09:52	999614803	1454	PJSIP/1326-00003785		195	195	ANSWERED	Dial	1790863772.17284	1790863771.17282
2026-10-01 11:30:31	83987320120	1426	PJSIP/1426-000037fb		156	154	ANSWERED	Dial	1790865031.17464	1790865031.17462
2026-10-01 11:30:31	83987320120	1500	Local/1426@from-queue-0000061e;1	8335121500	157	157	ANSWERED	Queue	1790865031.17462	1790865031.17462
2026-10-01 11:37:05	83921525338	1500	Local/1455@from-queue-0000061f;1	8335121500	20	20	NO ANSWER	Queue	1790865425.17515	1790865425.17515
2026-10-01 11:37:06	83921525338	1455	PJSIP/1455-0000382e		20	0	NO ANSWER	Dial	1790865426.17517	1790865425.17515
2026-10-01 11:37:39	83921525338	1422	PJSIP/1422-0000382f		144	130	ANSWERED	Dial	1790865459.17520	1790865425.17515
2026-10-01 11:37:39	83921525338	1500	Local/1422@from-queue-00000620;1	8335121500	144	144	ANSWERED	Queue	1790865425.17515	1790865425.17515
2026-10-01 11:40:08	83921525338	1326	PJSIP/1326-0000383e		0	0	NO ANSWER	Dial	1790865608.17537	1790865608.17535
2026-10-01 11:40:08	83921525338	1500	Local/1326@from-queue-00000621;1	8335121500	0	0	NO ANSWER	Queue	1790865608.17535	1790865608.17535
2026-10-01 11:45:42	83991663172	1425	PJSIP/1425-0000385e		4	0	NO ANSWER	Dial	1790865942.17571	1790865942.17569
2026-10-01 11:45:42	83991663172	1500	Local/1425@from-queue-00000622;1	8335121500	4	4	NO ANSWER	Queue	1790865942.17569	1790865942.17569
2026-10-01 11:46:36	1659	1290	PJSIP/1290-0000386e		20	0	NO ANSWER	Dial	1790865996.17589	1790865996.17587
2026-10-01 11:46:36	1659	1500	Local/1290@from-queue-00000623;1		20	20	NO ANSWER	Queue	1790865996.17587	1790865996.17587
2026-10-01 11:47:09	1659	1457	PJSIP/1457-00003874		57	52	ANSWERED	Dial	1790866029.17597	1790865996.17587
2026-10-01 11:47:09	1659	1500	Local/1457@from-queue-00000624;1		57	57	ANSWERED	Queue	1790865996.17587	1790865996.17587
2026-10-01 11:49:41	83986907269	1291	PJSIP/1291-0000389f		20	0	NO ANSWER	Dial	1790866181.17698	1790866181.17696
2026-10-01 11:49:41	83986907269	1500	Local/1291@from-queue-00000641;1	8335121500	20	20	NO ANSWER	Queue	1790866181.17696	1790866181.17696
2026-10-01 11:50:14	83986907269	1286	PJSIP/1286-000038a7		8	0	ANSWERED	Dial	1790866214.17708	1790866181.17696
2026-10-01 11:50:14	83986907269	1500	Local/1286@from-queue-00000642;1	8335121500	11	11	ANSWERED	Queue	1790866181.17696	1790866181.17696
2026-10-01 11:50:23	83986907269	1286	PJSIP/1326-000038ab		3	3	ANSWERED	Dial	1790866214.17708	1790866181.17696
2026-10-01 11:53:36	83988299749	1500	Local/1456@from-queue-00000643;1	8335121500	391	390	ANSWERED	Queue	1790866416.17742	1790866416.17742
2026-10-01 11:53:37	83988299749	1456	PJSIP/1456-000038c9		49	45	ANSWERED	Dial	1790866417.17744	1790866416.17742
2026-10-01 11:54:26	1456	s	Local/1318@from-internal-xfer-00000644;1		2	2	ANSWERED	ExecIf	1790866417.17745	1790866416.17742
2026-10-01 11:54:26	83988299749	1318	PJSIP/1318-000038d2		7	0	NO ANSWER	Dial	1790866466.17755	1790866416.17742
2026-10-01 11:54:26	83988299749	1318	PJSIP/1318-000038d3		6	0	NO ANSWER	Dial	1790866466.17755	1790866416.17742
2026-10-01 11:54:26	83988299749	1456	Local/1318@from-internal-xfer-00000644;1		7	7	ANSWERED	Dial	1790866417.17744	1790866416.17742
2026-10-01 11:54:29	1419	1318			4	0	ANSWERED		1790866466.17754	1790866416.17742
2026-10-01 11:54:33	83988299749	1318	PJSIP/1419-000038d6		0	0	ANSWERED	Dial	1790866466.17755	1790866416.17742
2026-10-01 11:54:33	83988299749	1456	PJSIP/1419-000038d6		334	334	ANSWERED	Dial	1790866417.17744	1790866416.17742
2026-10-01 12:08:41	83996018331	1500	Local/1287@from-queue-00000662;1	8335121500	43	43	ANSWERED	Queue	1790867321.17926	1790867321.17926
2026-10-01 12:08:42	83996018331	1287	PJSIP/1287-00003943		5	0	ANSWERED	Dial	1790867322.17928	1790867321.17926
2026-10-01 12:08:47	83996018331	1287	PJSIP/1456-00003944		37	37	ANSWERED	Dial	1790867322.17928	1790867321.17926
2026-10-01 12:17:11	83999058591	1500	Local/1323@from-queue-0000067f;1	8335121500	213	213	ANSWERED	Queue	1790867831.18044	1790867831.18044
2026-10-01 12:17:12	83999058591	1323	PJSIP/1323-0000397f		212	209	ANSWERED	Dial	1790867832.18046	1790867831.18044
2026-10-01 12:21:58	83999329837	1454	PJSIP/1454-000039b8		12	0	NO ANSWER	Dial	1790868118.18105	1790868118.18103
2026-10-01 12:21:58	83999329837	1500	Local/1454@from-queue-00000680;1	8335121500	13	13	NO ANSWER	Queue	1790868118.18103	1790868118.18103
2026-10-01 12:27:19	83989003310	1500	Local/1426@from-queue-00000681;1	8335121500	137	137	ANSWERED	Queue	1790868439.18146	1790868439.18146
2026-10-01 12:27:20	83989003310	1426	PJSIP/1426-000039e1		137	132	ANSWERED	Dial	1790868440.18148	1790868439.18146
2026-10-01 12:35:57	83996530045	1455	PJSIP/1455-00003a0f		20	0	NO ANSWER	Dial	1790868957.18200	1790868957.18198
2026-10-01 12:35:57	83996530045	1500	Local/1455@from-queue-00000684;1	8335121500	20	20	NO ANSWER	Queue	1790868957.18198	1790868957.18198
2026-10-01 12:36:30	83996530045	1422	PJSIP/1422-00003a15		20	0	NO ANSWER	Dial	1790868990.18208	1790868957.18198
2026-10-01 12:36:30	83996530045	1500	Local/1422@from-queue-00000685;1	8335121500	20	20	NO ANSWER	Queue	1790868957.18198	1790868957.18198
2026-10-01 12:37:03	83996530045	1326	PJSIP/1326-00003a1c		20	0	NO ANSWER	Dial	1790869023.18217	1790868957.18198
2026-10-01 12:37:03	83996530045	1500	Local/1326@from-queue-00000686;1	8335121500	20	20	NO ANSWER	Queue	1790868957.18198	1790868957.18198
2026-10-01 12:37:36	83996530045	1425	PJSIP/1425-00003a1f		20	0	NO ANSWER	Dial	1790869056.18222	1790868957.18198
2026-10-01 12:37:36	83996530045	1500	Local/1425@from-queue-00000687;1	8335121500	20	20	NO ANSWER	Queue	1790868957.18198	1790868957.18198
2026-10-01 12:38:09	83996530045	1290	PJSIP/1290-00003a28		20	0	NO ANSWER	Dial	1790869089.18235	1790868957.18198
2026-10-01 12:38:09	83996530045	1500	Local/1290@from-queue-00000689;1	8335121500	20	20	NO ANSWER	Queue	1790868957.18198	1790868957.18198
2026-10-01 12:38:42	83996530045	1457	PJSIP/1457-00003a2b		14	0	ANSWERED	Dial	1790869122.18240	1790868957.18198
2026-10-01 12:38:42	83996530045	1500	Local/1457@from-queue-0000068a;1	8335121500	99	99	ANSWERED	Queue	1790868957.18198	1790868957.18198
2026-10-01 12:38:57	83996530045	1457	PJSIP/1323-00003a2c		84	84	ANSWERED	Dial	1790869122.18240	1790868957.18198
2026-10-01 12:54:15	84981754516	1500	Local/1291@from-queue-000006a7;1	8335121500	20	20	NO ANSWER	Queue	1790870055.18390	1790870055.18390
2026-10-01 12:54:16	84981754516	1291	PJSIP/1291-00003a89		20	0	NO ANSWER	Dial	1790870056.18392	1790870055.18390
2026-10-01 12:54:48	84981754516	1286	PJSIP/1286-00003a8a		20	0	NO ANSWER	Dial	1790870088.18395	1790870055.18390
2026-10-01 12:54:48	84981754516	1500	Local/1286@from-queue-000006a8;1	8335121500	20	20	NO ANSWER	Queue	1790870055.18390	1790870055.18390
2026-10-01 12:55:21	84981754516	1456	PJSIP/1456-00003a8c		63	60	ANSWERED	Dial	1790870121.18399	1790870055.18390
2026-10-01 12:55:21	84981754516	1500	Local/1456@from-queue-000006a9;1	8335121500	63	63	ANSWERED	Queue	1790870055.18390	1790870055.18390
2026-10-01 12:56:39	83987869697	1287	PJSIP/1287-00003a94		5	0	ANSWERED	Dial	1790870199.18409	1790870199.18407
2026-10-01 12:56:39	83987869697	1500	Local/1287@from-queue-000006aa;1	8335121500	14	14	ANSWERED	Queue	1790870199.18407	1790870199.18407
2026-10-01 12:56:44	83987869697	1287	PJSIP/1456-00003a95		8	8	ANSWERED	Dial	1790870199.18409	1790870199.18407
2026-10-01 12:57:44	84999150750	1500		8335121500	0	0	ANSWERED	Answer	1790870264.18418	1790870264.18418
2026-10-01 12:58:29	999150750	1500	Local/1323@from-queue-000006ab;1	8335121500	95	95	ANSWERED	Queue	1790870309.18419	1790870309.18419
2026-10-01 12:58:30	999150750	1323	PJSIP/1323-00003a9e		4	0	ANSWERED	Dial	1790870310.18421	1790870309.18419
2026-10-01 12:58:34	999150750	1323	PJSIP/1456-00003a9f		91	91	ANSWERED	Dial	1790870310.18421	1790870309.18419
2026-10-01 13:22:25	83993047617	1500	Local/1454@from-queue-000006ad;1	8335121500	131	131	ANSWERED	Queue	1790871745.18570	1790871745.18570
2026-10-01 13:22:26	83993047617	1454	PJSIP/1454-00003b31		16	0	ANSWERED	Dial	1790871746.18572	1790871745.18570
2026-10-01 13:22:43	83993047617	1454	PJSIP/1425-00003b34		114	114	ANSWERED	Dial	1790871746.18572	1790871745.18570
2026-10-01 13:26:05	83998638784	1500	Local/1426@from-queue-000006ae;1	8335121500	287	286	ANSWERED	Queue	1790871965.18591	1790871965.18591
2026-10-01 13:26:06	83998638784	1426	PJSIP/1426-00003b44		286	268	ANSWERED	Dial	1790871966.18593	1790871965.18591
2026-10-01 13:52:54	83981461162	1500	Local/1455@from-queue-000006b0;1	8335121500	20	20	NO ANSWER	Queue	1790873574.18729	1790873574.18729
2026-10-01 13:52:55	83981461162	1455	PJSIP/1455-00003bca		20	0	NO ANSWER	Dial	1790873575.18731	1790873574.18729
2026-10-01 13:53:28	83981461162	1422	PJSIP/1422-00003bcd		81	66	ANSWERED	Dial	1790873608.18736	1790873574.18729
2026-10-01 13:53:28	83981461162	1500	Local/1422@from-queue-000006b1;1	8335121500	81	81	ANSWERED	Queue	1790873574.18729	1790873574.18729
2026-10-01 14:09:27	999213083	1326	PJSIP/1326-00003c67		4	0	NO ANSWER	Dial	1790874567.19060	1790874567.19058
2026-10-01 14:09:27	999213083	1500	Local/1326@from-queue-00000706;1	8335121500	4	4	NO ANSWER	Queue	1790874567.19058	1790874567.19058
2026-10-01 14:10:41	83988299749	1425	PJSIP/1425-00003c7f		89	83	ANSWERED	Dial	1790874641.19142	1790874641.19140
2026-10-01 14:10:41	83988299749	1500	Local/1425@from-queue-00000723;1	8335121500	90	90	ANSWERED	Queue	1790874641.19140	1790874641.19140
2026-10-01 14:13:05	83996274567	1290	PJSIP/1290-00003c90		20	0	NO ANSWER	Dial	1790874785.19161	1790874785.19159
2026-10-01 14:13:05	83996274567	1500	Local/1290@from-queue-00000724;1	8335121500	20	20	NO ANSWER	Queue	1790874785.19159	1790874785.19159
2026-10-01 14:13:38	83996274567	1457	PJSIP/1457-00003c94		160	156	ANSWERED	Dial	1790874818.19167	1790874785.19159
2026-10-01 14:13:38	83996274567	1500	Local/1457@from-queue-00000725;1	8335121500	160	160	ANSWERED	Queue	1790874785.19159	1790874785.19159
2026-10-01 14:16:20	83991020344	1291	PJSIP/1291-00003cba		2	0	BUSY	Dial	1790874980.19207	1790874980.19205
2026-10-01 14:16:20	83991020344	1500	Local/1291@from-queue-00000726;1	8335121500	3	2	BUSY	Queue	1790874980.19205	1790874980.19205
2026-10-01 14:16:23	83991020344	1286	PJSIP/1286-00003cbb		17	0	NO ANSWER	Dial	1790874983.19210	1790874980.19205
2026-10-01 14:16:23	83991020344	1500	Local/1286@from-queue-00000727;1	8335121500	17	17	NO ANSWER	Queue	1790874980.19205	1790874980.19205
2026-10-01 14:16:53	83991020344	1456	PJSIP/1456-00003cc2		13	0	ANSWERED	Dial	1790875013.19219	1790874980.19205
2026-10-01 14:16:53	83991020344	1500	Local/1456@from-queue-00000728;1	8335121500	84	84	ANSWERED	Queue	1790874980.19205	1790874980.19205
2026-10-01 14:17:07	83991020344	1456	PJSIP/1326-00003cc5		70	70	ANSWERED	Dial	1790875013.19219	1790874980.19205
2026-10-01 14:20:19	83988917814	1287	PJSIP/1287-00003cdb		4	0	ANSWERED	Dial	1790875219.19248	1790875219.19246
2026-10-01 14:20:19	83988917814	1500	Local/1287@from-queue-0000072a;1	8335121500	147	147	ANSWERED	Queue	1790875219.19246	1790875219.19246
2026-10-01 14:20:24	83988917814	1287	PJSIP/1456-00003cdc		142	142	ANSWERED	Dial	1790875219.19248	1790875219.19246
2026-10-01 14:30:40	83988172243	1323	PJSIP/1323-00003d24		6	0	ANSWERED	Dial	1790875840.19323	1790875840.19321
2026-10-01 14:30:40	83988172243	1500	Local/1323@from-queue-0000072b;1	8335121500	100	99	ANSWERED	Queue	1790875840.19321	1790875840.19321
2026-10-01 14:30:47	83988172243	1323	PJSIP/1456-00003d25		93	93	ANSWERED	Dial	1790875840.19323	1790875840.19321
2026-10-01 14:37:41	8321535419	1454	PJSIP/1454-00003d5a		14	0	ANSWERED	Dial	1790876261.19379	1790876261.19375
2026-10-01 14:37:41	8321535419	1500	Local/1454@from-queue-0000072c;1	8335121500	131	131	ANSWERED	Queue	1790876261.19375	1790876261.19375
2026-10-01 14:37:56	8321535419	1454	PJSIP/1456-00003d5b		116	116	ANSWERED	Dial	1790876261.19379	1790876261.19375
2026-10-01 14:43:48	998918001	1426	PJSIP/1426-00003d7c		145	128	ANSWERED	Dial	1790876628.19421	1790876628.19419
2026-10-01 14:43:48	998918001	1500	Local/1426@from-queue-00000730;1	8335121500	145	145	ANSWERED	Queue	1790876628.19419	1790876628.19419
2026-10-01 14:58:39	999700503	1500	Local/1455@from-queue-0000074e;1	8335121500	20	20	NO ANSWER	Queue	1790877519.19615	1790877519.19615
2026-10-01 14:58:40	999700503	1455	PJSIP/1455-00003e04		20	0	NO ANSWER	Dial	1790877520.19617	1790877519.19615
2026-10-01 14:59:13	999700503	1422	PJSIP/1422-00003e0b		208	190	ANSWERED	Dial	1790877553.19626	1790877519.19615
2026-10-01 14:59:13	999700503	1500	Local/1422@from-queue-0000074f;1	8335121500	208	208	ANSWERED	Queue	1790877519.19615	1790877519.19615
2026-10-01 15:10:03	83996642000	1326	PJSIP/1326-00003e53		155	152	ANSWERED	Dial	1790878203.19756	1790878203.19754
2026-10-01 15:10:03	83996642000	1500	Local/1326@from-queue-0000076c;1	8335121500	155	155	ANSWERED	Queue	1790878203.19754	1790878203.19754
2026-10-01 15:19:20	83991169113	1425	PJSIP/1425-00003e74		300	297	ANSWERED	Dial	1790878760.19793	1790878760.19791
2026-10-01 15:19:20	83991169113	1500	Local/1425@from-queue-0000076e;1	8335121500	300	300	ANSWERED	Queue	1790878760.19791	1790878760.19791
2026-10-01 15:36:29	8332426461	1290	PJSIP/1290-00003ecf		20	0	NO ANSWER	Dial	1790879789.19894	1790879789.19892
2026-10-01 15:36:29	8332426461	1500	Local/1290@from-queue-00000773;1	8335121500	20	20	NO ANSWER	Queue	1790879789.19892	1790879789.19892
2026-10-01 15:37:02	8332426461	1457	PJSIP/1457-00003ed2		93	91	ANSWERED	Dial	1790879822.19899	1790879789.19892
2026-10-01 15:37:02	8332426461	1500	Local/1457@from-queue-00000774;1	8335121500	93	93	ANSWERED	Queue	1790879789.19892	1790879789.19892
2026-10-01 16:01:02	83921607212	1291	PJSIP/1291-00003f35		8	0	BUSY	Dial	1790881262.20112	1790881262.20110
2026-10-01 16:01:02	83921607212	1500	Local/1291@from-queue-000007ad;1	8335121500	8	8	BUSY	Queue	1790881262.20110	1790881262.20110
2026-10-01 16:01:11	83921607212	1286	PJSIP/1286-00003f36		11	0	NO ANSWER	Dial	1790881271.20115	1790881262.20110
2026-10-01 16:01:11	83921607212	1500	Local/1286@from-queue-000007ae;1	8335121500	11	11	NO ANSWER	Queue	1790881262.20110	1790881262.20110
2026-10-01 16:01:35	83921607212	1456	PJSIP/1456-00003f37		147	144	ANSWERED	Dial	1790881295.20118	1790881262.20110
2026-10-01 16:01:35	83921607212	1500	Local/1456@from-queue-000007af;1	8335121500	147	147	ANSWERED	Queue	1790881262.20110	1790881262.20110
2026-10-01 16:27:11	83986957929	1287	PJSIP/1287-00003fb0		6	0	ANSWERED	Dial	1790882831.20299	1790882831.20297
2026-10-01 16:27:11	83986957929	1500	Local/1287@from-queue-000007cd;1	8335121500	91	91	ANSWERED	Queue	1790882831.20297	1790882831.20297
2026-10-01 16:27:18	83986957929	1287	PJSIP/1456-00003fb1		84	84	ANSWERED	Dial	1790882831.20299	1790882831.20297
2026-10-01 16:47:41	83981642396	1500	Local/1323@from-queue-000007cf;1	8335121500	20	20	NO ANSWER	Queue	1790884061.20389	1790884061.20389
2026-10-01 16:47:42	83981642396	1323	PJSIP/1323-00004008		20	0	NO ANSWER	Dial	1790884062.20391	1790884061.20389
2026-10-01 16:48:15	83981642396	1454	PJSIP/1454-0000400d		20	0	NO ANSWER	Dial	1790884095.20398	1790884061.20389
2026-10-01 16:48:15	83981642396	1500	Local/1454@from-queue-000007d0;1	8335121500	20	20	NO ANSWER	Queue	1790884061.20389	1790884061.20389
2026-10-01 16:48:48	83981642396	1426	PJSIP/1426-0000400e		59	55	ANSWERED	Dial	1790884128.20401	1790884061.20389
2026-10-01 16:48:48	83981642396	1500	Local/1426@from-queue-000007d1;1	8335121500	59	59	ANSWERED	Queue	1790884061.20389	1790884061.20389
2026-10-01 17:45:58	83987002567	1455	PJSIP/1455-000040a1		20	0	NO ANSWER	Dial	1790887558.20720	1790887558.20718
2026-10-01 17:45:58	83987002567	1500	Local/1455@from-queue-00000827;1	8335121500	20	20	NO ANSWER	Queue	1790887558.20718	1790887558.20718
2026-10-01 17:46:31	83987002567	1422	PJSIP/1422-000040a4		20	0	NO ANSWER	Dial	1790887591.20725	1790887558.20718
2026-10-01 17:46:31	83987002567	1500	Local/1422@from-queue-00000828;1	8335121500	20	20	NO ANSWER	Queue	1790887558.20718	1790887558.20718
2026-10-01 17:47:04	83987002567	1326	PJSIP/1326-000040a7		136	132	ANSWERED	Dial	1790887624.20730	1790887558.20718
2026-10-01 17:47:04	83987002567	1500	Local/1326@from-queue-00000829;1	8335121500	136	136	ANSWERED	Queue	1790887558.20718	1790887558.20718
2026-10-01 17:50:05	83987341019	1500	Local/1425@from-queue-0000082a;1	8335121500	215	215	ANSWERED	Queue	1790887805.20738	1790887805.20738
2026-10-01 17:50:06	83987341019	1425	PJSIP/1425-000040af		4	0	ANSWERED	Dial	1790887806.20740	1790887805.20738
2026-10-01 17:50:11	83987341019	1425	PJSIP/1326-000040b0		209	209	ANSWERED	Dial	1790887806.20740	1790887805.20738
2026-10-01 17:56:07	83987002567	1290	PJSIP/1290-000040b6		20	0	NO ANSWER	Dial	1790888167.20749	1790888167.20747
2026-10-01 17:56:07	83987002567	1500	Local/1290@from-queue-0000082b;1	8335121500	20	20	NO ANSWER	Queue	1790888167.20747	1790888167.20747
2026-10-01 17:56:40	83987002567	1457	PJSIP/1457-000040b7		7	0	ANSWERED	Dial	1790888200.20752	1790888167.20747
2026-10-01 17:56:40	83987002567	1500	Local/1457@from-queue-0000082c;1	8335121500	77	77	ANSWERED	Queue	1790888167.20747	1790888167.20747
2026-10-01 17:56:48	83987002567	1457	PJSIP/1456-000040b8		69	69	ANSWERED	Dial	1790888200.20752	1790888167.20747
2026-10-01 19:08:39	83987123363	1500	Local/1291@from-queue-000008b9;1	8335121500	20	20	NO ANSWER	Queue	1790892519.21100	1790892519.21100
2026-10-01 19:08:40	83987123363	1291	PJSIP/1291-000040fb		20	0	NO ANSWER	Dial	1790892520.21102	1790892519.21100
2026-10-01 19:09:13	83987123363	1286	PJSIP/1286-000040fc		20	0	NO ANSWER	Dial	1790892553.21105	1790892519.21100
2026-10-01 19:09:13	83987123363	1500	Local/1286@from-queue-000008ba;1	8335121500	20	20	NO ANSWER	Queue	1790892519.21100	1790892519.21100
2026-10-01 19:09:46	83987123363	1456	PJSIP/1456-000040fd		20	0	NO ANSWER	Dial	1790892586.21108	1790892519.21100
2026-10-01 19:09:46	83987123363	1500	Local/1456@from-queue-000008bb;1	8335121500	20	20	NO ANSWER	Queue	1790892519.21100	1790892519.21100
2026-10-01 20:16:18	83987123363	1287	PJSIP/1287-00004121		7	0	ANSWERED	Dial	1790896578.21146	1790896578.21144
2026-10-01 20:16:18	83987123363	1500	Local/1287@from-queue-000008bc;1	8335121500	165	165	ANSWERED	Queue	1790896578.21144	1790896578.21144
2026-10-01 20:16:25	83987123363	1287	PJSIP/1323-00004122		158	158	ANSWERED	Dial	1790896578.21146	1790896578.21144
2026-10-01 21:08:59	83999821028	1500	Local/1323@from-queue-000008bd;1	8335121500	20	20	NO ANSWER	Queue	1790899739.21153	1790899739.21153
2026-10-01 21:09:00	83999821028	1323	PJSIP/1323-00004128		20	0	NO ANSWER	Dial	1790899740.21155	1790899739.21153
2026-10-01 21:09:32	83999821028	1454	PJSIP/1454-00004129		0	0	NO ANSWER	Dial	1790899772.21158	1790899739.21153
2026-10-01 21:09:32	83999821028	1500	Local/1454@from-queue-000008be;1	8335121500	0	0	NO ANSWER	Queue	1790899739.21153	1790899739.21153
2026-10-02 07:06:41	1573	1426	PJSIP/1426-00004165		19	0	NO ANSWER	Dial	1790935601.21248	1790935601.21246
2026-10-02 07:06:41	1573	1500	Local/1426@from-queue-000008cd;1		19	19	NO ANSWER	Queue	1790935601.21246	1790935601.21246
2026-10-02 07:15:53	83986421137	1455	PJSIP/1455-00004174		20	0	NO ANSWER	Dial	1790936153.21265	1790936153.21263
2026-10-02 07:15:53	83986421137	1500	Local/1455@from-queue-000008ce;1	8335121500	20	20	NO ANSWER	Queue	1790936153.21263	1790936153.21263
2026-10-02 07:16:26	83986421137	1422	PJSIP/1422-00004179		20	0	NO ANSWER	Dial	1790936186.21272	1790936153.21263
2026-10-02 07:16:26	83986421137	1500	Local/1422@from-queue-000008cf;1	8335121500	20	20	NO ANSWER	Queue	1790936153.21263	1790936153.21263
2026-10-02 07:16:59	83986421137	1326	PJSIP/1326-00004182		20	0	NO ANSWER	Dial	1790936219.21283	1790936153.21263
2026-10-02 07:16:59	83986421137	1500	Local/1326@from-queue-000008d0;1	8335121500	20	20	NO ANSWER	Queue	1790936153.21263	1790936153.21263
2026-10-02 07:17:32	83986421137	1425	PJSIP/1425-00004183		20	0	NO ANSWER	Dial	1790936252.21286	1790936153.21263
2026-10-02 07:17:32	83986421137	1500	Local/1425@from-queue-000008d1;1	8335121500	20	20	NO ANSWER	Queue	1790936153.21263	1790936153.21263
2026-10-02 07:18:05	83986421137	1290	PJSIP/1290-00004185		20	0	NO ANSWER	Dial	1790936285.21290	1790936153.21263
2026-10-02 07:18:05	83986421137	1500	Local/1290@from-queue-000008d2;1	8335121500	20	20	NO ANSWER	Queue	1790936153.21263	1790936153.21263
2026-10-02 07:18:38	83986421137	1457	PJSIP/1457-00004186		16	0	ANSWERED	Dial	1790936318.21293	1790936153.21263
2026-10-02 07:18:38	83986421137	1500	Local/1457@from-queue-000008d3;1	8335121500	448	448	ANSWERED	Queue	1790936153.21263	1790936153.21263
2026-10-02 07:18:54	83986421137	1457	PJSIP/1324-00004187		431	431	ANSWERED	Dial	1790936318.21293	1790936153.21263
2026-10-02 08:04:54	83987515214	1500	Local/1291@from-queue-000008d4;1	8335121500	2	2	BUSY	Queue	1790939094.21514	1790939094.21514
2026-10-02 08:04:55	83987515214	1291	PJSIP/1291-00004263		2	0	BUSY	Dial	1790939095.21516	1790939094.21514
2026-10-02 08:04:57	83987515214	1286	PJSIP/1286-00004264		17	0	NO ANSWER	Dial	1790939097.21519	1790939094.21514
2026-10-02 08:04:57	83987515214	1500	Local/1286@from-queue-000008d5;1	8335121500	17	17	NO ANSWER	Queue	1790939094.21514	1790939094.21514
2026-10-02 08:05:28	83987515214	1456	PJSIP/1456-00004269		6	0	ANSWERED	Dial	1790939128.21526	1790939094.21514
2026-10-02 08:05:28	83987515214	1500	Local/1456@from-queue-000008d6;1	8335121500	107	107	ANSWERED	Queue	1790939094.21514	1790939094.21514
2026-10-02 08:05:34	83987515214	1456	PJSIP/1324-0000426a		100	100	ANSWERED	Dial	1790939128.21526	1790939094.21514
2026-10-02 08:12:35	83987515214	1287	PJSIP/1287-0000428f		17	6	ANSWERED	Dial	1790939555.21734	1790939555.21732
2026-10-02 08:12:35	83987515214	1500	Local/1287@from-queue-0000092b;1	8335121500	18	18	ANSWERED	Queue	1790939555.21732	1790939555.21732
2026-10-02 08:18:23	83998859457	1500	Local/1323@from-queue-0000092c;1	8335121500	678	678	ANSWERED	Queue	1790939903.21763	1790939903.21763
2026-10-02 08:18:24	83998859457	1323	PJSIP/1323-000042ac		678	674	ANSWERED	Dial	1790939904.21765	1790939903.21763
2026-10-02 08:30:17	998022275	1500	Local/1454@from-queue-0000092f;1	8335121500	81	80	ANSWERED	Queue	1790940617.21835	1790940617.21835
2026-10-02 08:30:18	998022275	1454	PJSIP/1454-000042ee		80	76	ANSWERED	Dial	1790940618.21837	1790940617.21835
2026-10-02 08:31:49	83987669423	1426	PJSIP/1426-00004304		20	0	NO ANSWER	Dial	1790940709.21861	1790940709.21859
2026-10-02 08:31:49	83987669423	1500	Local/1426@from-queue-00000930;1	8335121500	20	20	NO ANSWER	Queue	1790940709.21859	1790940709.21859
2026-10-02 08:32:22	83987669423	1455	PJSIP/1455-00004318		20	0	NO ANSWER	Dial	1790940742.21893	1790940709.21859
2026-10-02 08:32:22	83987669423	1500	Local/1455@from-queue-00000936;1	8335121500	20	20	NO ANSWER	Queue	1790940709.21859	1790940709.21859
2026-10-02 08:32:55	83987669423	1422	PJSIP/1422-00004329		20	0	NO ANSWER	Dial	1790940775.21916	1790940709.21859
2026-10-02 08:32:55	83987669423	1500	Local/1422@from-queue-00000939;1	8335121500	20	20	NO ANSWER	Queue	1790940709.21859	1790940709.21859
2026-10-02 08:33:28	83987669423	1326	PJSIP/1326-0000432d		3	0	NO ANSWER	Dial	1790940808.21924	1790940709.21859
2026-10-02 08:33:28	83987669423	1500	Local/1326@from-queue-0000093b;1	8335121500	3	3	NO ANSWER	Queue	1790940709.21859	1790940709.21859
2026-10-02 09:05:30	83996772333	1425	PJSIP/1425-0000445c		73	70	ANSWERED	Dial	1790942730.22405	1790942730.22403
2026-10-02 09:05:30	83996772333	1500	Local/1425@from-queue-00000994;1	8335121500	73	73	ANSWERED	Queue	1790942730.22403	1790942730.22403
2026-10-02 09:14:21	83999610213	1500	Local/1290@from-queue-000009b4;1	8335121500	0	0	NO ANSWER	Queue	1790943261.22549	1790943261.22549
2026-10-02 09:14:22	83999610213	1290	PJSIP/1290-000044ae		0	0	NO ANSWER	Dial	1790943262.22551	1790943261.22549
2026-10-02 09:14:52	81999774709	1457	PJSIP/1457-000044b6		18	0	ANSWERED	Dial	1790943292.22561	1790943292.22559
2026-10-02 09:14:52	81999774709	1500	Local/1457@from-queue-000009b5;1	8335121500	44	44	ANSWERED	Queue	1790943292.22559	1790943292.22559
2026-10-02 09:15:11	81999774709	1457	PJSIP/1456-000044b7		25	25	ANSWERED	Dial	1790943292.22561	1790943292.22559
2026-10-02 09:17:36	83988077994	1500	Local/1291@from-queue-000009d2;1	8335121500	1	1	NO ANSWER	Queue	1790943456.22629	1790943456.22629
2026-10-02 09:17:37	83988077994	1291	PJSIP/1291-000044c2		1	0	NO ANSWER	Dial	1790943457.22631	1790943456.22629
2026-10-02 09:32:44	41984777267	1500	Local/1286@from-queue-00000a7f;1	8335121500	20	20	NO ANSWER	Queue	1790944364.23165	1790944364.23165
2026-10-02 09:32:45	41984777267	1286	PJSIP/1286-00004580		20	0	NO ANSWER	Dial	1790944365.23167	1790944364.23165
2026-10-02 09:33:18	41984777267	1456	PJSIP/1456-0000458d		174	171	ANSWERED	Dial	1790944398.23182	1790944364.23165
2026-10-02 09:33:18	41984777267	1500	Local/1456@from-queue-00000a80;1	8335121500	174	174	ANSWERED	Queue	1790944364.23165	1790944364.23165
2026-10-02 09:38:06	83996204984	1287	PJSIP/1287-000045aa		20	0	NO ANSWER	Dial	1790944686.23213	1790944686.23211
2026-10-02 09:38:06	83996204984	1500	Local/1287@from-queue-00000a81;1	8335121500	20	20	NO ANSWER	Queue	1790944686.23211	1790944686.23211
2026-10-02 09:38:39	83996204984	1323	PJSIP/1323-000045bd		141	139	ANSWERED	Dial	1790944719.23290	1790944686.23211
2026-10-02 09:38:39	83996204984	1500	Local/1323@from-queue-00000a9e;1	8335121500	141	141	ANSWERED	Queue	1790944686.23211	1790944686.23211
2026-10-02 09:42:11	83988227658	1454	PJSIP/1454-000045f7		208	203	ANSWERED	Dial	1790944931.23350	1790944931.23348
2026-10-02 09:42:11	83988227658	1500	Local/1454@from-queue-00000a9f;1	8335121500	208	208	ANSWERED	Queue	1790944931.23348	1790944931.23348
2026-10-02 09:49:00	83999520607	1426	PJSIP/1426-0000464c		20	0	NO ANSWER	Dial	1790945340.23493	1790945340.23491
2026-10-02 09:49:00	83999520607	1500	Local/1426@from-queue-00000abc;1	8335121500	20	20	NO ANSWER	Queue	1790945340.23491	1790945340.23491
2026-10-02 09:49:33	83999520607	1455	PJSIP/1455-0000464d		20	0	NO ANSWER	Dial	1790945373.23496	1790945340.23491
2026-10-02 09:49:33	83999520607	1500	Local/1455@from-queue-00000abd;1	8335121500	20	20	NO ANSWER	Queue	1790945340.23491	1790945340.23491
2026-10-02 09:50:06	83999520607	1422	PJSIP/1422-00004652		108	88	ANSWERED	Dial	1790945406.23503	1790945340.23491
2026-10-02 09:50:06	83999520607	1500	Local/1422@from-queue-00000abe;1	8335121500	108	108	ANSWERED	Queue	1790945340.23491	1790945340.23491
2026-10-02 10:04:17	996204984	1500	Local/1326@from-queue-00000b13;1	8335121500	172	172	ANSWERED	Queue	1790946257.23786	1790946257.23786
2026-10-02 10:04:18	996204984	1326	PJSIP/1326-000046c5		171	169	ANSWERED	Dial	1790946258.23788	1790946257.23786
2026-10-02 10:12:43	83999546611	1425	PJSIP/1425-000046e8		48	45	ANSWERED	Dial	1790946763.23827	1790946763.23825
2026-10-02 10:12:43	83999546611	1500	Local/1425@from-queue-00000b15;1	8335121500	48	48	ANSWERED	Queue	1790946763.23825	1790946763.23825
2026-10-02 10:16:59	999858647	1290	PJSIP/1290-000046fc		20	0	NO ANSWER	Dial	1790947019.23849	1790947019.23847
2026-10-02 10:16:59	999858647	1500	Local/1290@from-queue-00000b16;1	8335121500	20	20	NO ANSWER	Queue	1790947019.23847	1790947019.23847
2026-10-02 10:17:52	83991116141	1457	PJSIP/1457-000046ff		72	70	ANSWERED	Dial	1790947072.23854	1790947072.23852
2026-10-02 10:17:52	83991116141	1500	Local/1457@from-queue-00000b17;1	8335121500	73	72	ANSWERED	Queue	1790947072.23852	1790947072.23852
2026-10-02 10:20:27	83986204972	1291	PJSIP/1291-00004723		20	0	NO ANSWER	Dial	1790947227.23904	1790947227.23902
2026-10-02 10:20:27	83986204972	1500	Local/1291@from-queue-00000b1e;1	8335121500	20	20	NO ANSWER	Queue	1790947227.23902	1790947227.23902
2026-10-02 10:21:00	83986204972	1286	PJSIP/1286-00004729		20	0	NO ANSWER	Dial	1790947260.24023	1790947227.23902
2026-10-02 10:21:00	83986204972	1500	Local/1286@from-queue-00000b57;1	8335121500	20	20	NO ANSWER	Queue	1790947227.23902	1790947227.23902
2026-10-02 10:21:33	83986204972	1456	PJSIP/1456-00004754		96	93	ANSWERED	Dial	1790947293.24181	1790947227.23902
2026-10-02 10:21:33	83986204972	1500	Local/1456@from-queue-00000b90;1	8335121500	96	96	ANSWERED	Queue	1790947227.23902	1790947227.23902
2026-10-02 10:21:45	1640	1500	Local/1287@from-queue-00000b91;1		10	10	NO ANSWER	Queue	1790947305.24183	1790947305.24183
2026-10-02 10:21:45	1640	1287	PJSIP/1287-00004756		9	0	NO ANSWER	Dial	1790947305.24185	1790947305.24183
2026-10-02 10:23:43	83996204984	1500	Local/1323@from-queue-00000bae;1	8335121500	92	92	ANSWERED	Queue	1790947423.24272	1790947423.24272
2026-10-02 10:23:44	83996204984	1323	PJSIP/1323-00004775		11	0	ANSWERED	Dial	1790947424.24274	1790947423.24272
2026-10-02 10:23:55	83996204984	1323	PJSIP/1456-00004779		80	80	ANSWERED	Dial	1790947424.24274	1790947423.24272
2026-10-02 10:27:12	996237933	1454	PJSIP/1454-000047a0		7	0	ANSWERED	Dial	1790947632.24319	1790947632.24317
2026-10-02 10:27:12	996237933	1500	Local/1454@from-queue-00000baf;1	8335121500	9	9	ANSWERED	Queue	1790947632.24317	1790947632.24317
2026-10-02 10:27:20	996237933	1454	PJSIP/1456-000047a1		2	2	ANSWERED	Dial	1790947632.24319	1790947632.24317
2026-10-02 10:28:29	1640	1426	PJSIP/1426-000047b0		1	0	NO ANSWER	Dial	1790947709.24337	1790947709.24335
2026-10-02 10:28:29	1640	1500	Local/1426@from-queue-00000bb0;1		1	1	NO ANSWER	Queue	1790947709.24335	1790947709.24335
2026-10-02 10:36:59	83999858647	1500		8335121500	0	0	ANSWERED	Answer	1790948219.24652	1790948219.24652
2026-10-02 10:37:09	999858647	1455	PJSIP/1455-0000480e		5	0	NO ANSWER	Dial	1790948229.24657	1790948229.24655
2026-10-02 10:37:09	999858647	1500	Local/1455@from-queue-00000c21;1	8335121500	5	5	NO ANSWER	Queue	1790948229.24655	1790948229.24655
2026-10-02 10:38:51	996204984	1500	Local/1422@from-queue-00000c22;1	8335121500	20	20	NO ANSWER	Queue	1790948331.24669	1790948331.24669
2026-10-02 10:38:52	996204984	1422	PJSIP/1422-0000481a		20	0	NO ANSWER	Dial	1790948332.24671	1790948331.24669
2026-10-02 10:39:25	996204984	1326	PJSIP/1326-0000481d		20	0	NO ANSWER	Dial	1790948365.24676	1790948331.24669
2026-10-02 10:39:25	996204984	1500	Local/1326@from-queue-00000c23;1	8335121500	20	20	NO ANSWER	Queue	1790948331.24669	1790948331.24669
2026-10-02 10:39:57	996204984	1425	PJSIP/1425-0000482a		567	564	ANSWERED	Dial	1790948397.24747	1790948331.24669
2026-10-02 10:39:57	996204984	1500	Local/1425@from-queue-00000c40;1	8335121500	567	567	ANSWERED	Queue	1790948331.24669	1790948331.24669
2026-10-02 11:06:52	83998875903	1290	PJSIP/1290-00004930		20	0	NO ANSWER	Dial	1790950012.25221	1790950012.25219
2026-10-02 11:06:52	83998875903	1500	Local/1290@from-queue-00000caa;1	8335121500	20	20	NO ANSWER	Queue	1790950012.25219	1790950012.25219
2026-10-02 11:07:21	83998875903	1457	PJSIP/1457-00004932		9	0	NO ANSWER	Dial	1790950041.25225	1790950041.25223
2026-10-02 11:07:21	83998875903	1500	Local/1457@from-queue-00000cab;1	8335121500	9	9	NO ANSWER	Queue	1790950041.25223	1790950041.25223
2026-10-02 11:07:39	83999817602	1291	PJSIP/1291-00004939		20	0	NO ANSWER	Dial	1790950059.25234	1790950059.25232
2026-10-02 11:07:39	83999817602	1500	Local/1291@from-queue-00000cac;1	8335121500	20	20	NO ANSWER	Queue	1790950059.25232	1790950059.25232
2026-10-02 11:08:12	83999817602	1286	PJSIP/1286-0000493d		20	0	NO ANSWER	Dial	1790950092.25240	1790950059.25232
2026-10-02 11:08:12	83999817602	1500	Local/1286@from-queue-00000cad;1	8335121500	20	20	NO ANSWER	Queue	1790950059.25232	1790950059.25232
2026-10-02 11:08:45	83999817602	1456	PJSIP/1456-00004940		332	330	ANSWERED	Dial	1790950125.25245	1790950059.25232
2026-10-02 11:08:45	83999817602	1500	Local/1456@from-queue-00000cae;1	8335121500	332	332	ANSWERED	Queue	1790950059.25232	1790950059.25232
2026-10-02 11:15:22	83986126781	1287	PJSIP/1287-00004977		5	0	ANSWERED	Dial	1790950522.25304	1790950522.25302
2026-10-02 11:15:22	83986126781	1500	Local/1287@from-queue-00000cb0;1	8335121500	161	161	ANSWERED	Queue	1790950522.25302	1790950522.25302
2026-10-02 11:15:27	83986126781	1287	PJSIP/1456-00004978		156	156	ANSWERED	Dial	1790950522.25304	1790950522.25302
2026-10-02 11:17:11	8335121602	35121500	PJSIP/Brisa-0000497e		13	9	ANSWERED	Dial	1790950631.25311	1790950631.25311
2026-10-02 11:17:41	1602	1323	PJSIP/1323-00004989		24	18	ANSWERED	Dial	1790950661.25324	1790950661.25322
2026-10-02 11:17:41	1602	1500	Local/1323@from-queue-00000cb1;1		25	25	ANSWERED	Queue	1790950661.25322	1790950661.25322
2026-10-02 11:19:54	83988948830	1454	PJSIP/1454-000049a7		73	67	ANSWERED	Dial	1790950794.25412	1790950794.25410
2026-10-02 11:19:54	83988948830	1500	Local/1454@from-queue-00000cce;1	8335121500	73	73	ANSWERED	Queue	1790950794.25410	1790950794.25410
2026-10-02 11:27:18	83986126781	1426	PJSIP/1426-000049f9		227	225	ANSWERED	Dial	1790951238.25562	1790951238.25560
2026-10-02 11:27:18	83986126781	1500	Local/1426@from-queue-00000cf0;1	8335121500	228	228	ANSWERED	Queue	1790951238.25560	1790951238.25560
2026-10-02 11:31:11	83981025723	1500	Local/1455@from-queue-00000cfd;1	8335121500	20	20	NO ANSWER	Queue	1790951471.25633	1790951471.25633
2026-10-02 11:31:12	83981025723	1455	PJSIP/1455-00004a28		20	0	NO ANSWER	Dial	1790951472.25635	1790951471.25633
2026-10-02 11:31:45	83981025723	1326	PJSIP/1326-00004a2d		7	0	ANSWERED	Dial	1790951505.25642	1790951471.25633
2026-10-02 11:31:45	83981025723	1500	Local/1326@from-queue-00000cfe;1	8335121500	11	11	ANSWERED	Queue	1790951471.25633	1790951471.25633
2026-10-02 11:31:52	83981025723	1326	PJSIP/1426-00004a2e		4	4	ANSWERED	Dial	1790951505.25642	1790951471.25633
2026-10-02 11:32:12	83981025723	1500	Local/1425@from-queue-00000cff;1	8335121500	30	30	ANSWERED	Queue	1790951532.25655	1790951532.25655
2026-10-02 11:32:13	83981025723	1425	PJSIP/1425-00004a3a		30	26	ANSWERED	Dial	1790951533.25657	1790951532.25655
2026-10-02 11:36:38	83999793476	1290	PJSIP/1290-00004a7e		20	0	NO ANSWER	Dial	1790951798.25783	1790951798.25781
2026-10-02 11:36:38	83999793476	1500	Local/1290@from-queue-00000d1c;1	8335121500	20	20	NO ANSWER	Queue	1790951798.25781	1790951798.25781
2026-10-02 11:37:11	83999793476	1457	PJSIP/1457-00004a84		108	103	ANSWERED	Dial	1790951831.25791	1790951798.25781
2026-10-02 11:37:11	83999793476	1500	Local/1457@from-queue-00000d1d;1	8335121500	108	108	ANSWERED	Queue	1790951798.25781	1790951798.25781
2026-10-02 11:39:38	1267	1291	PJSIP/1291-00004a91		13	11	ANSWERED	Dial	1790951978.25806	1790951978.25804
2026-10-02 11:39:38	1267	1500	Local/1291@from-queue-00000d1e;1		13	13	ANSWERED	Queue	1790951978.25804	1790951978.25804
2026-10-02 11:40:54	83996623674	1286	PJSIP/1286-00004aa4		10	0	ANSWERED	Dial	1790952054.25827	1790952054.25825
2026-10-02 11:40:54	83996623674	1500	Local/1286@from-queue-00000d1f;1	8335121500	97	97	ANSWERED	Queue	1790952054.25825	1790952054.25825
2026-10-02 11:41:04	83996623674	1286	PJSIP/1326-00004aa5		86	86	ANSWERED	Dial	1790952054.25827	1790952054.25825
2026-10-02 11:45:57	988595228	1456	PJSIP/1456-00004ad5		266	257	ANSWERED	Dial	1790952357.25880	1790952357.25878
2026-10-02 11:45:57	988595228	1500	Local/1456@from-queue-00000d21;1	8335121500	267	267	ANSWERED	Queue	1790952357.25878	1790952357.25878
2026-10-02 11:48:05	1267	1287	PJSIP/1287-00004aef		20	0	NO ANSWER	Dial	1790952485.25908	1790952485.25906
2026-10-02 11:48:05	1267	1500	Local/1287@from-queue-00000d22;1		20	20	NO ANSWER	Queue	1790952485.25906	1790952485.25906
2026-10-02 11:48:38	1267	1323	PJSIP/1323-00004af7		38	27	ANSWERED	Dial	1790952518.25918	1790952485.25906
2026-10-02 11:48:38	1267	1500	Local/1323@from-queue-00000d23;1		38	38	ANSWERED	Queue	1790952485.25906	1790952485.25906
2026-10-02 11:51:43	83986126781	1454	PJSIP/1454-00004b12		174	171	ANSWERED	Dial	1790952703.25947	1790952703.25945
2026-10-02 11:51:43	83986126781	1500	Local/1454@from-queue-00000d24;1	8335121500	175	175	ANSWERED	Queue	1790952703.25945	1790952703.25945
2026-10-02 11:59:08	83991011010	1426	PJSIP/1426-00004b5c		33	31	ANSWERED	Dial	1790953148.26079	1790953148.26077
2026-10-02 11:59:08	83991011010	1500	Local/1426@from-queue-00000d41;1	8335121500	34	33	ANSWERED	Queue	1790953148.26077	1790953148.26077
2026-10-02 12:00:39	83991330906	1455	PJSIP/1455-00004b7b		20	0	NO ANSWER	Dial	1790953239.26124	1790953239.26122
2026-10-02 12:00:39	83991330906	1500	Local/1455@from-queue-00000d48;1	8335121500	20	20	NO ANSWER	Queue	1790953239.26122	1790953239.26122
2026-10-02 12:01:12	83991330906	1326	PJSIP/1326-00004b7e		313	308	ANSWERED	Dial	1790953272.26129	1790953239.26122
2026-10-02 12:01:12	83991330906	1500	Local/1326@from-queue-00000d49;1	8335121500	313	313	ANSWERED	Queue	1790953239.26122	1790953239.26122
2026-10-02 12:07:16	83988589480	1425	PJSIP/1425-00004b9f		20	0	NO ANSWER	Dial	1790953636.26166	1790953636.26164
2026-10-02 12:07:16	83988589480	1500	Local/1425@from-queue-00000d4b;1	8335121500	20	20	NO ANSWER	Queue	1790953636.26164	1790953636.26164
2026-10-02 12:07:49	83988589480	1290	PJSIP/1290-00004ba0		20	0	NO ANSWER	Dial	1790953669.26169	1790953636.26164
2026-10-02 12:07:49	83988589480	1500	Local/1290@from-queue-00000d4c;1	8335121500	20	20	NO ANSWER	Queue	1790953636.26164	1790953636.26164
2026-10-02 12:08:22	83988589480	1457	PJSIP/1457-00004ba9		12	0	ANSWERED	Dial	1790953702.26182	1790953636.26164
2026-10-02 12:08:22	83988589480	1500	Local/1457@from-queue-00000d4e;1	8335121500	66	66	ANSWERED	Queue	1790953636.26164	1790953636.26164
2026-10-02 12:08:34	83988589480	1457	PJSIP/1456-00004bac		54	54	ANSWERED	Dial	1790953702.26182	1790953636.26164
2026-10-02 12:10:08	83986421137	1291	PJSIP/1291-00004bb7		20	0	NO ANSWER	Dial	1790953808.26198	1790953808.26196
2026-10-02 12:10:08	83986421137	1500	Local/1291@from-queue-00000d4f;1	8335121500	20	20	NO ANSWER	Queue	1790953808.26196	1790953808.26196
2026-10-02 12:10:41	83986421137	1286	PJSIP/1286-00004bbe		20	0	NO ANSWER	Dial	1790953841.26207	1790953808.26196
2026-10-02 12:10:41	83986421137	1500	Local/1286@from-queue-00000d50;1	8335121500	20	20	NO ANSWER	Queue	1790953808.26196	1790953808.26196
2026-10-02 12:11:14	83986421137	1456	PJSIP/1456-00004bcb		71	69	ANSWERED	Dial	1790953874.26222	1790953808.26196
2026-10-02 12:11:14	83986421137	1500	Local/1456@from-queue-00000d51;1	8335121500	71	71	ANSWERED	Queue	1790953808.26196	1790953808.26196
2026-10-02 12:13:17	83921486341	1500	Local/1287@from-queue-00000d52;1	8335121500	119	119	ANSWERED	Queue	1790953997.26240	1790953997.26240
2026-10-02 12:13:18	83921486341	1287	PJSIP/1287-00004bdd		6	0	ANSWERED	Dial	1790953998.26242	1790953997.26240
2026-10-02 12:13:24	83921486341	1287	PJSIP/1456-00004bde		112	112	ANSWERED	Dial	1790953998.26242	1790953997.26240
2026-10-02 12:19:24	83998633976	1323	PJSIP/1323-00004c03		2	0	NO ANSWER	Dial	1790954364.26337	1790954364.26334
2026-10-02 12:19:24	83998633976	1500	Local/1323@from-queue-00000d6f;1	8335121500	3	3	NO ANSWER	Queue	1790954364.26334	1790954364.26334
2026-10-02 12:22:50	83998725440	1454	PJSIP/1454-00004c15		11	0	ANSWERED	Dial	1790954570.26358	1790954570.26356
2026-10-02 12:22:50	83998725440	1500	Local/1454@from-queue-00000d70;1	8335121500	95	95	ANSWERED	Queue	1790954570.26356	1790954570.26356
2026-10-02 12:23:02	83998725440	1454	PJSIP/1456-00004c16		83	83	ANSWERED	Dial	1790954570.26358	1790954570.26356
2026-10-02 12:24:54	998900199	1500	Local/1426@from-queue-00000da9;1	8335121500	20	20	NO ANSWER	Queue	1790954694.26508	1790954694.26508
2026-10-02 12:24:55	998900199	1426	PJSIP/1426-00004c3b		20	0	NO ANSWER	Dial	1790954695.26510	1790954694.26508
2026-10-02 12:25:28	998900199	1455	PJSIP/1455-00004c3f		20	0	NO ANSWER	Dial	1790954728.26516	1790954694.26508
2026-10-02 12:25:28	998900199	1500	Local/1455@from-queue-00000daa;1	8335121500	20	20	NO ANSWER	Queue	1790954694.26508	1790954694.26508
2026-10-02 12:26:01	998900199	1326	PJSIP/1326-00004c40		20	0	NO ANSWER	Dial	1790954761.26519	1790954694.26508
2026-10-02 12:26:01	998900199	1500	Local/1326@from-queue-00000dab;1	8335121500	20	20	NO ANSWER	Queue	1790954694.26508	1790954694.26508
2026-10-02 12:26:34	998900199	1425	PJSIP/1425-00004c41		20	0	NO ANSWER	Dial	1790954794.26522	1790954694.26508
2026-10-02 12:26:34	998900199	1500	Local/1425@from-queue-00000dac;1	8335121500	20	20	NO ANSWER	Queue	1790954694.26508	1790954694.26508
2026-10-02 12:27:07	998900199	1290	PJSIP/1290-00004c45		20	0	NO ANSWER	Dial	1790954827.26528	1790954694.26508
2026-10-02 12:27:07	998900199	1500	Local/1290@from-queue-00000dad;1	8335121500	20	20	NO ANSWER	Queue	1790954694.26508	1790954694.26508
2026-10-02 12:27:40	998900199	1457	PJSIP/1457-00004c47		7	0	ANSWERED	Dial	1790954860.26532	1790954694.26508
2026-10-02 12:27:40	998900199	1500	Local/1457@from-queue-00000dae;1	8335121500	80	80	ANSWERED	Queue	1790954694.26508	1790954694.26508
2026-10-02 12:27:48	998900199	1457	PJSIP/1456-00004c48		72	72	ANSWERED	Dial	1790954860.26532	1790954694.26508
2026-10-02 12:36:00	83988935775	1291	PJSIP/1291-00004c77		2	0	BUSY	Dial	1790955360.26582	1790955360.26580
2026-10-02 12:36:00	83988935775	1500	Local/1291@from-queue-00000daf;1	8335121500	2	2	BUSY	Queue	1790955360.26580	1790955360.26580
2026-10-02 12:36:03	83988935775	1286	PJSIP/1286-00004c78		17	0	NO ANSWER	Dial	1790955363.26585	1790955360.26580
2026-10-02 12:36:03	83988935775	1500	Local/1286@from-queue-00000db0;1	8335121500	17	17	NO ANSWER	Queue	1790955360.26580	1790955360.26580
2026-10-02 12:36:33	83988935775	1456	PJSIP/1456-00004c7b		20	0	NO ANSWER	Dial	1790955393.26590	1790955360.26580
2026-10-02 12:36:33	83988935775	1500	Local/1456@from-queue-00000db1;1	8335121500	20	20	NO ANSWER	Queue	1790955360.26580	1790955360.26580
2026-10-02 12:37:06	83988935775	1287	PJSIP/1287-00004c7d		20	0	NO ANSWER	Dial	1790955426.26594	1790955360.26580
2026-10-02 12:37:06	83988935775	1500	Local/1287@from-queue-00000db2;1	8335121500	20	20	NO ANSWER	Queue	1790955360.26580	1790955360.26580
2026-10-02 12:37:39	83988935775	1323	PJSIP/1323-00004c82		76	71	ANSWERED	Dial	1790955459.26601	1790955360.26580
2026-10-02 12:37:39	83988935775	1500	Local/1323@from-queue-00000db3;1	8335121500	76	76	ANSWERED	Queue	1790955360.26580	1790955360.26580
2026-10-02 12:49:32	83987907106	1454	PJSIP/1454-00004cc1		15	0	ANSWERED	Dial	1790956172.26668	1790956172.26666
2026-10-02 12:49:32	83987907106	1500	Local/1454@from-queue-00000db5;1	8335121500	267	267	ANSWERED	Queue	1790956172.26666	1790956172.26666
2026-10-02 12:49:48	83987907106	1454	PJSIP/1456-00004cc2		251	251	ANSWERED	Dial	1790956172.26668	1790956172.26666
2026-10-02 13:06:03	83991411483	1500	Local/1426@from-queue-00000db7;1	8335121500	133	133	ANSWERED	Queue	1790957163.26765	1790957163.26765
2026-10-02 13:06:04	83991411483	1426	PJSIP/1426-00004d20		132	128	ANSWERED	Dial	1790957164.26767	1790957163.26765
2026-10-02 13:10:14	31992196913	1455	PJSIP/1455-00004d4e		20	0	NO ANSWER	Dial	1790957414.26819	1790957414.26817
2026-10-02 13:10:14	31992196913	1500	Local/1455@from-queue-00000dba;1	8335121500	20	20	NO ANSWER	Queue	1790957414.26817	1790957414.26817
2026-10-02 13:10:47	31992196913	1326	PJSIP/1326-00004d51		20	0	NO ANSWER	Dial	1790957447.26824	1790957414.26817
2026-10-02 13:10:47	31992196913	1500	Local/1326@from-queue-00000dbb;1	8335121500	20	20	NO ANSWER	Queue	1790957414.26817	1790957414.26817
2026-10-02 13:11:20	31992196913	1425	PJSIP/1425-00004d54		84	75	ANSWERED	Dial	1790957480.26829	1790957414.26817
2026-10-02 13:11:20	31992196913	1500	Local/1425@from-queue-00000dbc;1	8335121500	84	84	ANSWERED	Queue	1790957414.26817	1790957414.26817
2026-10-02 13:23:52	83921594685	1290	PJSIP/1290-00004da7		20	0	NO ANSWER	Dial	1790958232.27084	1790958232.27082
2026-10-02 13:23:52	83921594685	1500	Local/1290@from-queue-00000e12;1	8335121500	20	20	NO ANSWER	Queue	1790958232.27082	1790958232.27082
2026-10-02 13:24:25	83921594685	1457	PJSIP/1457-00004dae		225	218	ANSWERED	Dial	1790958265.27092	1790958232.27082
2026-10-02 13:24:25	83921594685	1500	Local/1457@from-queue-00000e13;1	8335121500	225	225	ANSWERED	Queue	1790958232.27082	1790958232.27082
2026-10-02 13:30:36	83987295721	1291	PJSIP/1291-00004dd0		6	0	BUSY	Dial	1790958636.27187	1790958636.27185
2026-10-02 13:30:36	83987295721	1500	Local/1291@from-queue-00000e31;1	8335121500	6	6	BUSY	Queue	1790958636.27185	1790958636.27185
2026-10-02 13:30:42	83987295721	1286	PJSIP/1286-00004dd1		13	0	NO ANSWER	Dial	1790958642.27190	1790958636.27185
2026-10-02 13:30:42	83987295721	1500	Local/1286@from-queue-00000e32;1	8335121500	13	13	NO ANSWER	Queue	1790958636.27185	1790958636.27185
2026-10-02 13:31:09	83987295721	1456	PJSIP/1456-00004dd6		20	0	NO ANSWER	Dial	1790958669.27197	1790958636.27185
2026-10-02 13:31:09	83987295721	1500	Local/1456@from-queue-00000e33;1	8335121500	20	20	NO ANSWER	Queue	1790958636.27185	1790958636.27185
2026-10-02 13:31:42	83987295721	1287	PJSIP/1287-00004dd7		177	165	ANSWERED	Dial	1790958702.27200	1790958636.27185
2026-10-02 13:31:42	83987295721	1500	Local/1287@from-queue-00000e34;1	8335121500	177	177	ANSWERED	Queue	1790958636.27185	1790958636.27185
2026-10-02 13:36:19	83988422234	1500	Local/1323@from-queue-00000e35;1	8335121500	159	159	ANSWERED	Queue	1790958979.27210	1790958979.27210
2026-10-02 13:36:20	83988422234	1323	PJSIP/1323-00004de1		17	0	ANSWERED	Dial	1790958980.27212	1790958979.27210
2026-10-02 13:36:38	83988422234	1323	PJSIP/1454-00004de2		140	140	ANSWERED	Dial	1790958980.27212	1790958979.27210
2026-10-02 13:46:07	83986398652	1454	PJSIP/1454-00004e38		121	116	ANSWERED	Dial	1790959567.27357	1790959567.27355
2026-10-02 13:46:07	83986398652	1500	Local/1454@from-queue-00000e52;1	8335121500	121	121	ANSWERED	Queue	1790959567.27355	1790959567.27355
2026-10-02 13:50:54	83996623674	1426	PJSIP/1426-00004e59		46	43	ANSWERED	Dial	1790959854.27392	1790959854.27390
2026-10-02 13:50:54	83996623674	1500	Local/1426@from-queue-00000e53;1	8335121500	46	46	ANSWERED	Queue	1790959854.27390	1790959854.27390
2026-10-02 13:59:47	83986844973	1500	Local/1455@from-queue-00000e54;1	8335121500	20	20	NO ANSWER	Queue	1790960387.27440	1790960387.27440
2026-10-02 13:59:48	83986844973	1455	PJSIP/1455-00004e89		20	0	NO ANSWER	Dial	1790960388.27442	1790960387.27440
2026-10-02 14:00:20	83986844973	1326	PJSIP/1326-00004e8f		20	0	NO ANSWER	Dial	1790960420.27450	1790960387.27440
2026-10-02 14:00:20	83986844973	1500	Local/1326@from-queue-00000e55;1	8335121500	20	20	NO ANSWER	Queue	1790960387.27440	1790960387.27440
2026-10-02 14:00:53	83986844973	1425	PJSIP/1425-00004e91		10	0	ANSWERED	Dial	1790960453.27454	1790960387.27440
2026-10-02 14:00:53	83986844973	1500	Local/1425@from-queue-00000e56;1	8335121500	143	143	ANSWERED	Queue	1790960387.27440	1790960387.27440
2026-10-02 14:01:03	83986844973	1425	PJSIP/1426-00004e92		133	133	ANSWERED	Dial	1790960453.27454	1790960387.27440
2026-10-02 14:08:39	83991149823	1500	Local/1290@from-queue-00000e74;1	8335121500	20	20	NO ANSWER	Queue	1790960919.27573	1790960919.27573
2026-10-02 14:08:40	83991149823	1290	PJSIP/1290-00004ece		20	0	NO ANSWER	Dial	1790960920.27575	1790960919.27573
2026-10-02 14:09:13	83991149823	1457	PJSIP/1457-00004ed2		34	29	ANSWERED	Dial	1790960953.27581	1790960919.27573
2026-10-02 14:09:13	83991149823	1500	Local/1457@from-queue-00000e75;1	8335121500	34	34	ANSWERED	Queue	1790960919.27573	1790960919.27573
2026-10-02 14:20:59	83991149823	1291	PJSIP/1291-00004f28		15	0	NO ANSWER	Dial	1790961659.27669	1790961659.27667
2026-10-02 14:20:59	83991149823	1500	Local/1291@from-queue-00000e76;1	8335121500	16	15	NO ANSWER	Queue	1790961659.27667	1790961659.27667
2026-10-02 14:36:45	83988592913	1287	PJSIP/1287-00004f95		5	0	ANSWERED	Dial	1790962605.27840	1790962605.27838
2026-10-02 14:36:45	83988592913	1500	Local/1287@from-queue-00000e95;1	8335121500	70	70	ANSWERED	Queue	1790962605.27838	1790962605.27838
2026-10-02 14:36:51	83988592913	1287	PJSIP/1456-00004f96		64	64	ANSWERED	Dial	1790962605.27840	1790962605.27838
2026-10-02 14:38:51	83988585096	1500	Local/1323@from-queue-00000e96;1	8335121500	73	73	ANSWERED	Queue	1790962731.27859	1790962731.27859
2026-10-02 14:38:52	83988585096	1323	PJSIP/1323-00004fa8		10	0	ANSWERED	Dial	1790962732.27861	1790962731.27859
2026-10-02 14:39:02	83988585096	1323	PJSIP/1456-00004fa9		62	62	ANSWERED	Dial	1790962732.27861	1790962731.27859
2026-10-02 14:58:19	83993940974	1500	Local/1454@from-queue-00000f07;1	8335121500	141	141	ANSWERED	Queue	1790963899.28186	1790963899.28186
2026-10-02 14:58:20	83993940974	1454	PJSIP/1454-0000500d		6	0	ANSWERED	Dial	1790963900.28188	1790963899.28186
2026-10-02 14:58:26	83993940974	1454	PJSIP/1456-0000500e		134	134	ANSWERED	Dial	1790963900.28188	1790963899.28186
2026-10-02 15:05:00	83998259067	1426	PJSIP/1426-00005031		20	0	NO ANSWER	Dial	1790964300.28282	1790964300.28280
2026-10-02 15:05:00	83998259067	1500	Local/1426@from-queue-00000f24;1	8335121500	20	20	NO ANSWER	Queue	1790964300.28280	1790964300.28280
2026-10-02 15:05:33	83998259067	1455	PJSIP/1455-00005034		20	0	NO ANSWER	Dial	1790964333.28287	1790964300.28280
2026-10-02 15:05:33	83998259067	1500	Local/1455@from-queue-00000f25;1	8335121500	20	20	NO ANSWER	Queue	1790964300.28280	1790964300.28280
2026-10-02 15:06:06	83998259067	1326	PJSIP/1326-00005039		20	0	NO ANSWER	Dial	1790964366.28294	1790964300.28280
2026-10-02 15:06:06	83998259067	1500	Local/1326@from-queue-00000f26;1	8335121500	20	20	NO ANSWER	Queue	1790964300.28280	1790964300.28280
2026-10-02 15:06:39	83998259067	1425	PJSIP/1425-00005047		20	0	NO ANSWER	Dial	1790964399.28366	1790964300.28280
2026-10-02 15:06:39	83998259067	1500	Local/1425@from-queue-00000f43;1	8335121500	20	20	NO ANSWER	Queue	1790964300.28280	1790964300.28280
2026-10-02 15:07:12	83998259067	1290	PJSIP/1290-00005048		20	0	NO ANSWER	Dial	1790964432.28369	1790964300.28280
2026-10-02 15:07:12	83998259067	1500	Local/1290@from-queue-00000f44;1	8335121500	20	20	NO ANSWER	Queue	1790964300.28280	1790964300.28280
2026-10-02 15:12:16	83993857395	1500	Local/1457@from-queue-00000f45;1	8335121500	69	69	ANSWERED	Queue	1790964736.28402	1790964736.28402
2026-10-02 15:12:17	83993857395	1457	PJSIP/1457-00005069		69	56	ANSWERED	Dial	1790964737.28404	1790964736.28402
2026-10-02 15:16:32	83991485194	1291	PJSIP/1291-00005092		20	0	NO ANSWER	Dial	1790964992.28559	1790964992.28557
2026-10-02 15:16:32	83991485194	1500	Local/1291@from-queue-00000f7e;1	8335121500	20	20	NO ANSWER	Queue	1790964992.28557	1790964992.28557
2026-10-02 15:17:05	83991485194	1286	PJSIP/1286-00005097		20	0	NO ANSWER	Dial	1790965025.28566	1790964992.28557
2026-10-02 15:17:05	83991485194	1500	Local/1286@from-queue-00000f7f;1	8335121500	20	20	NO ANSWER	Queue	1790964992.28557	1790964992.28557
2026-10-02 15:17:38	83991485194	1456	PJSIP/1456-0000509d		426	413	ANSWERED	Dial	1790965058.28574	1790964992.28557
2026-10-02 15:17:38	83991485194	1500	Local/1456@from-queue-00000f80;1	8335121500	426	426	ANSWERED	Queue	1790964992.28557	1790964992.28557
2026-10-02 15:49:41	83987056728	1287	PJSIP/1287-00005125		8	0	NO ANSWER	Dial	1790966981.28768	1790966981.28766
2026-10-02 15:49:41	83987056728	1500	Local/1287@from-queue-00000f9d;1	8335121500	8	8	NO ANSWER	Queue	1790966981.28766	1790966981.28766
2026-10-02 16:15:05	83996539674	1500	Local/1323@from-queue-00001010;1	8335121500	16	16	NO ANSWER	Queue	1790968505.29175	1790968505.29175
2026-10-02 16:15:06	83996539674	1323	PJSIP/1323-000051d8		15	0	NO ANSWER	Dial	1790968506.29177	1790968505.29175
2026-10-02 16:15:35	996539674	1454	PJSIP/1454-000051db		14	0	ANSWERED	Dial	1790968535.29182	1790968535.29180
2026-10-02 16:15:35	996539674	1500	Local/1454@from-queue-00001011;1	8335121500	192	192	ANSWERED	Queue	1790968535.29180	1790968535.29180
2026-10-02 16:15:50	996539674	1454	PJSIP/1456-000051dc		176	176	ANSWERED	Dial	1790968535.29182	1790968535.29180
2026-10-02 16:25:48	83988999159	1426	PJSIP/1426-00005214		5	0	ANSWERED	Dial	1790969148.29245	1790969148.29243
2026-10-02 16:25:48	83988999159	1500	Local/1426@from-queue-00001014;1	8335121500	116	116	ANSWERED	Queue	1790969148.29243	1790969148.29243
2026-10-02 16:25:53	83988999159	1426	PJSIP/1326-00005216		111	111	ANSWERED	Dial	1790969148.29245	1790969148.29243
2026-10-02 16:30:03	83988068589	1455	PJSIP/1455-00005227		20	0	NO ANSWER	Dial	1790969403.29266	1790969403.29264
2026-10-02 16:30:03	83988068589	1500	Local/1455@from-queue-00001015;1	8335121500	20	20	NO ANSWER	Queue	1790969403.29264	1790969403.29264
2026-10-02 16:30:36	83988068589	1326	PJSIP/1326-00005228		131	129	ANSWERED	Dial	1790969436.29269	1790969403.29264
2026-10-02 16:30:36	83988068589	1500	Local/1326@from-queue-00001016;1	8335121500	131	131	ANSWERED	Queue	1790969403.29264	1790969403.29264
2026-10-02 16:38:13	83988209942	1425	PJSIP/1425-00005240		4	0	ANSWERED	Dial	1790969893.29295	1790969893.29293
2026-10-02 16:38:13	83988209942	1500	Local/1425@from-queue-00001017;1	8335121500	140	140	ANSWERED	Queue	1790969893.29293	1790969893.29293
2026-10-02 16:38:18	83988209942	1425	PJSIP/1326-00005241		135	135	ANSWERED	Dial	1790969893.29295	1790969893.29293
2026-10-02 16:53:05	83996554810	1290	PJSIP/1290-00005298		20	0	NO ANSWER	Dial	1790970785.29387	1790970785.29385
2026-10-02 16:53:05	83996554810	1500	Local/1290@from-queue-00001019;1	8335121500	20	20	NO ANSWER	Queue	1790970785.29385	1790970785.29385
2026-10-02 16:53:38	83996554810	1457	PJSIP/1457-0000529f		113	110	ANSWERED	Dial	1790970818.29398	1790970785.29385
2026-10-02 16:53:38	83996554810	1500	Local/1457@from-queue-0000101b;1	8335121500	113	113	ANSWERED	Queue	1790970785.29385	1790970785.29385
2026-10-02 17:07:35	998018992	1500	Local/1291@from-queue-00001054;1	8335121500	3	3	BUSY	Queue	1790971655.29573	1790971655.29573
2026-10-02 17:07:36	998018992	1291	PJSIP/1291-000052de		2	0	BUSY	Dial	1790971656.29575	1790971655.29573
2026-10-02 17:07:39	998018992	1286	PJSIP/1286-000052df		17	0	NO ANSWER	Dial	1790971659.29578	1790971655.29573
2026-10-02 17:07:39	998018992	1500	Local/1286@from-queue-00001055;1	8335121500	17	17	NO ANSWER	Queue	1790971655.29573	1790971655.29573
2026-10-02 17:08:09	998018992	1456	PJSIP/1456-000052e2		126	123	ANSWERED	Dial	1790971689.29583	1790971655.29573
2026-10-02 17:08:09	998018992	1500	Local/1456@from-queue-00001056;1	8335121500	126	126	ANSWERED	Queue	1790971655.29573	1790971655.29573
2026-10-02 17:16:20	83986348398	1287	PJSIP/1287-000052f9		11	0	ANSWERED	Dial	1790972180.29608	1790972180.29606
2026-10-02 17:16:20	83986348398	1500	Local/1287@from-queue-00001057;1	8335121500	176	176	ANSWERED	Queue	1790972180.29606	1790972180.29606
2026-10-02 17:16:32	83986348398	1287	PJSIP/1456-000052fa		164	164	ANSWERED	Dial	1790972180.29608	1790972180.29606
2026-10-02 17:40:49	83999499959	1500	Local/1323@from-queue-00001058;1	8335121500	79	79	ANSWERED	Queue	1790973649.29665	1790973649.29665
2026-10-02 17:40:50	83999499959	1323	PJSIP/1323-00005334		12	0	ANSWERED	Dial	1790973650.29669	1790973649.29665
2026-10-02 17:41:02	83999499959	1323	PJSIP/1456-0000533c		66	66	ANSWERED	Dial	1790973650.29669	1790973649.29665
2026-10-02 19:15:27	83986026072	1454	PJSIP/1454-000053c3		20	0	NO ANSWER	Dial	1790979327.30104	1790979327.30102
2026-10-02 19:15:27	83986026072	1500	Local/1454@from-queue-000010ea;1	8335121500	20	20	NO ANSWER	Queue	1790979327.30102	1790979327.30102
2026-10-02 19:16:00	83986026072	1426	PJSIP/1426-000053c5		20	0	NO ANSWER	Dial	1790979360.30164	1790979327.30102
2026-10-02 19:16:00	83986026072	1500	Local/1426@from-queue-00001107;1	8335121500	20	20	NO ANSWER	Queue	1790979327.30102	1790979327.30102
2026-10-02 19:16:33	83986026072	1455	PJSIP/1455-000053c7		20	0	NO ANSWER	Dial	1790979393.30224	1790979327.30102
2026-10-02 19:16:33	83986026072	1500	Local/1455@from-queue-00001124;1	8335121500	20	20	NO ANSWER	Queue	1790979327.30102	1790979327.30102
2026-10-02 19:17:06	83986026072	1326	PJSIP/1326-000053c9		20	0	NO ANSWER	Dial	1790979426.30284	1790979327.30102
2026-10-02 19:17:06	83986026072	1500	Local/1326@from-queue-00001141;1	8335121500	20	20	NO ANSWER	Queue	1790979327.30102	1790979327.30102
2026-10-02 19:17:39	83986026072	1425	PJSIP/1425-000053cc		20	0	NO ANSWER	Dial	1790979459.30401	1790979327.30102
2026-10-02 19:17:39	83986026072	1500	Local/1425@from-queue-0000117a;1	8335121500	20	20	NO ANSWER	Queue	1790979327.30102	1790979327.30102
2026-10-02 19:18:12	83986026072	1290	PJSIP/1290-000053ce		20	0	NO ANSWER	Dial	1790979492.30461	1790979327.30102
2026-10-02 19:18:12	83986026072	1500	Local/1290@from-queue-00001197;1	8335121500	20	20	NO ANSWER	Queue	1790979327.30102	1790979327.30102
2026-10-02 19:18:45	83986026072	1457	PJSIP/1457-000053d0		20	0	NO ANSWER	Dial	1790979525.30521	1790979327.30102
2026-10-02 19:18:45	83986026072	1500	Local/1457@from-queue-000011b4;1	8335121500	20	20	NO ANSWER	Queue	1790979327.30102	1790979327.30102
2026-10-02 19:19:18	83986026072	1291	PJSIP/1291-000053d2		20	0	NO ANSWER	Dial	1790979558.30581	1790979327.30102
2026-10-02 19:19:18	83986026072	1500	Local/1291@from-queue-000011d1;1	8335121500	20	20	NO ANSWER	Queue	1790979327.30102	1790979327.30102
2026-10-02 19:19:51	83986026072	1286	PJSIP/1286-000053d4		20	0	NO ANSWER	Dial	1790979591.30641	1790979327.30102
2026-10-02 19:19:51	83986026072	1500	Local/1286@from-queue-000011ee;1	8335121500	20	20	NO ANSWER	Queue	1790979327.30102	1790979327.30102
2026-10-02 19:20:24	83986026072	1456	PJSIP/1456-000053d7		20	0	NO ANSWER	Dial	1790979624.30758	1790979327.30102
2026-10-02 19:20:24	83986026072	1500	Local/1456@from-queue-00001227;1	8335121500	20	20	NO ANSWER	Queue	1790979327.30102	1790979327.30102
2026-10-02 19:20:57	83986026072	1287	PJSIP/1287-000053d9		20	0	NO ANSWER	Dial	1790979657.30818	1790979327.30102
2026-10-02 19:20:57	83986026072	1500	Local/1287@from-queue-00001244;1	8335121500	20	20	NO ANSWER	Queue	1790979327.30102	1790979327.30102
2026-10-02 19:21:30	83986026072	1323	PJSIP/1323-000053db		20	0	NO ANSWER	Dial	1790979690.30878	1790979327.30102
2026-10-02 19:21:30	83986026072	1500	Local/1323@from-queue-00001261;1	8335121500	20	20	NO ANSWER	Queue	1790979327.30102	1790979327.30102
2026-10-02 19:22:03	83986026072	1454	PJSIP/1454-000053dd		20	0	NO ANSWER	Dial	1790979723.30938	1790979327.30102
2026-10-02 19:22:03	83986026072	1500	Local/1454@from-queue-0000127e;1	8335121500	20	20	NO ANSWER	Queue	1790979327.30102	1790979327.30102
2026-10-02 19:22:35	83986026072	1426	PJSIP/1426-000053df		20	0	NO ANSWER	Dial	1790979755.30998	1790979327.30102
2026-10-02 19:22:35	83986026072	1500	Local/1426@from-queue-0000129b;1	8335121500	20	20	NO ANSWER	Queue	1790979327.30102	1790979327.30102
2026-10-02 19:23:08	83986026072	1455	PJSIP/1455-000053e1		20	0	NO ANSWER	Dial	1790979788.31058	1790979327.30102
2026-10-02 19:23:08	83986026072	1500	Local/1455@from-queue-000012b8;1	8335121500	20	20	NO ANSWER	Queue	1790979327.30102	1790979327.30102
2026-10-02 19:23:41	83986026072	1326	PJSIP/1326-000053e4		20	0	NO ANSWER	Dial	1790979821.31175	1790979327.30102
2026-10-02 19:23:41	83986026072	1500	Local/1326@from-queue-000012f1;1	8335121500	20	20	NO ANSWER	Queue	1790979327.30102	1790979327.30102
2026-10-02 19:24:14	83986026072	1425	PJSIP/1425-000053e6		20	0	NO ANSWER	Dial	1790979854.31235	1790979327.30102
2026-10-02 19:24:14	83986026072	1500	Local/1425@from-queue-0000130e;1	8335121500	20	20	NO ANSWER	Queue	1790979327.30102	1790979327.30102
2026-10-02 19:24:47	83986026072	1290	PJSIP/1290-000053e8		20	0	NO ANSWER	Dial	1790979887.31295	1790979327.30102
2026-10-02 19:24:47	83986026072	1500	Local/1290@from-queue-0000132b;1	8335121500	20	20	NO ANSWER	Queue	1790979327.30102	1790979327.30102
2026-10-02 19:25:20	83986026072	1457	PJSIP/1457-000053ea		20	0	NO ANSWER	Dial	1790979920.31355	1790979327.30102
2026-10-02 19:25:20	83986026072	1500	Local/1457@from-queue-00001348;1	8335121500	20	20	NO ANSWER	Queue	1790979327.30102	1790979327.30102
2026-10-02 19:25:53	83986026072	1500	Local/1291@from-queue-00001365;1	8335121500	20	20	NO ANSWER	Queue	1790979327.30102	1790979327.30102
2026-10-02 19:26:26	83986026072	1286	PJSIP/1286-000053ec		20	0	NO ANSWER	Dial	1790979986.31473	1790979327.30102
2026-10-02 19:26:26	83986026072	1500	Local/1286@from-queue-00001382;1	8335121500	20	20	NO ANSWER	Queue	1790979327.30102	1790979327.30102
2026-10-02 19:26:59	83986026072	1456	PJSIP/1456-000053ef		20	0	NO ANSWER	Dial	1790980019.31590	1790979327.30102
2026-10-02 19:26:59	83986026072	1500	Local/1456@from-queue-000013bb;1	8335121500	20	20	NO ANSWER	Queue	1790979327.30102	1790979327.30102
2026-10-02 19:27:32	83986026072	1287	PJSIP/1287-000053f1		20	0	NO ANSWER	Dial	1790980052.31650	1790979327.30102
2026-10-02 19:27:32	83986026072	1500	Local/1287@from-queue-000013d8;1	8335121500	20	20	NO ANSWER	Queue	1790979327.30102	1790979327.30102
2026-10-02 19:28:05	83986026072	1323	PJSIP/1323-000053f3		20	0	NO ANSWER	Dial	1790980085.31710	1790979327.30102
2026-10-02 19:28:05	83986026072	1500	Local/1323@from-queue-000013f5;1	8335121500	20	20	NO ANSWER	Queue	1790979327.30102	1790979327.30102
2026-10-02 19:28:38	83986026072	1454	PJSIP/1454-000053f5		20	0	NO ANSWER	Dial	1790980118.31770	1790979327.30102
2026-10-02 19:28:38	83986026072	1500	Local/1454@from-queue-00001412;1	8335121500	20	20	NO ANSWER	Queue	1790979327.30102	1790979327.30102
2026-10-02 19:29:10	83986026072	1426	PJSIP/1426-000053f7		20	0	NO ANSWER	Dial	1790980150.31830	1790979327.30102
2026-10-02 19:29:10	83986026072	1500	Local/1426@from-queue-0000142f;1	8335121500	20	20	NO ANSWER	Queue	1790979327.30102	1790979327.30102
2026-10-02 19:29:43	83986026072	1455	PJSIP/1455-000053fa		20	0	NO ANSWER	Dial	1790980183.31947	1790979327.30102
2026-10-02 19:29:43	83986026072	1500	Local/1455@from-queue-00001468;1	8335121500	20	20	NO ANSWER	Queue	1790979327.30102	1790979327.30102
2026-10-02 19:30:16	83986026072	1326	PJSIP/1326-000053fc		20	0	NO ANSWER	Dial	1790980216.32007	1790979327.30102
2026-10-02 19:30:16	83986026072	1500	Local/1326@from-queue-00001485;1	8335121500	20	20	NO ANSWER	Queue	1790979327.30102	1790979327.30102
2026-10-02 19:30:49	83986026072	1425	PJSIP/1425-000053fe		20	0	NO ANSWER	Dial	1790980249.32067	1790979327.30102
2026-10-02 19:30:49	83986026072	1500	Local/1425@from-queue-000014a2;1	8335121500	20	20	NO ANSWER	Queue	1790979327.30102	1790979327.30102
2026-10-02 19:31:22	83986026072	1290	PJSIP/1290-00005400		20	0	NO ANSWER	Dial	1790980282.32127	1790979327.30102
2026-10-02 19:31:22	83986026072	1500	Local/1290@from-queue-000014bf;1	8335121500	20	20	NO ANSWER	Queue	1790979327.30102	1790979327.30102
2026-10-02 19:31:55	83986026072	1457	PJSIP/1457-00005402		20	0	NO ANSWER	Dial	1790980315.32187	1790979327.30102
2026-10-02 19:31:55	83986026072	1500	Local/1457@from-queue-000014dc;1	8335121500	20	20	NO ANSWER	Queue	1790979327.30102	1790979327.30102
2026-10-02 19:32:28	83986026072	1291	PJSIP/1291-00005404		20	0	NO ANSWER	Dial	1790980348.32247	1790979327.30102
2026-10-02 19:32:28	83986026072	1500	Local/1291@from-queue-000014f9;1	8335121500	20	20	NO ANSWER	Queue	1790979327.30102	1790979327.30102
2026-10-02 19:33:01	83986026072	1286	PJSIP/1286-00005407		20	0	NO ANSWER	Dial	1790980381.32364	1790979327.30102
2026-10-02 19:33:01	83986026072	1500	Local/1286@from-queue-00001532;1	8335121500	20	20	NO ANSWER	Queue	1790979327.30102	1790979327.30102
2026-10-02 19:33:34	83986026072	1456	PJSIP/1456-0000540a		18	0	NO ANSWER	Dial	1790980414.32425	1790979327.30102
2026-10-02 19:33:34	83986026072	1500	Local/1456@from-queue-0000154f;1	8335121500	18	18	NO ANSWER	Queue	1790979327.30102	1790979327.30102
2026-10-02 19:42:23	83996274567	1287	PJSIP/1287-0000541f		20	0	NO ANSWER	Dial	1790980943.33512	1790980943.33510
2026-10-02 19:42:23	83996274567	1500	Local/1287@from-queue-00001764;1	8335121500	20	20	NO ANSWER	Queue	1790980943.33510	1790980943.33510
2026-10-02 19:42:56	83996274567	1323	PJSIP/1323-00005421		20	0	NO ANSWER	Dial	1790980976.33572	1790980943.33510
2026-10-02 19:42:56	83996274567	1500	Local/1323@from-queue-00001781;1	8335121500	20	20	NO ANSWER	Queue	1790980943.33510	1790980943.33510
2026-10-02 19:43:29	83996274567	1454	PJSIP/1454-00005423		20	0	NO ANSWER	Dial	1790981009.33632	1790980943.33510
2026-10-02 19:43:29	83996274567	1500	Local/1454@from-queue-0000179e;1	8335121500	20	20	NO ANSWER	Queue	1790980943.33510	1790980943.33510
2026-10-02 19:44:02	83996274567	1426	PJSIP/1426-00005425		20	0	NO ANSWER	Dial	1790981042.33692	1790980943.33510
2026-10-02 19:44:02	83996274567	1500	Local/1426@from-queue-000017bb;1	8335121500	20	20	NO ANSWER	Queue	1790980943.33510	1790980943.33510
2026-10-02 19:44:34	83996274567	1455	PJSIP/1455-00005427		20	0	NO ANSWER	Dial	1790981074.33752	1790980943.33510
2026-10-02 19:44:34	83996274567	1500	Local/1455@from-queue-000017d8;1	8335121500	20	20	NO ANSWER	Queue	1790980943.33510	1790980943.33510
2026-10-02 19:45:07	83996274567	1326	PJSIP/1326-0000542a		20	0	NO ANSWER	Dial	1790981107.33869	1790980943.33510
2026-10-02 19:45:07	83996274567	1500	Local/1326@from-queue-00001811;1	8335121500	20	20	NO ANSWER	Queue	1790980943.33510	1790980943.33510
2026-10-02 19:45:40	83996274567	1425	PJSIP/1425-0000542c		20	0	NO ANSWER	Dial	1790981140.33929	1790980943.33510
2026-10-02 19:45:40	83996274567	1500	Local/1425@from-queue-0000182e;1	8335121500	20	20	NO ANSWER	Queue	1790980943.33510	1790980943.33510
2026-10-02 19:46:13	83996274567	1290	PJSIP/1290-0000542e		20	0	NO ANSWER	Dial	1790981173.33989	1790980943.33510
2026-10-02 19:46:13	83996274567	1500	Local/1290@from-queue-0000184b;1	8335121500	20	20	NO ANSWER	Queue	1790980943.33510	1790980943.33510
2026-10-02 19:46:46	83996274567	1457	PJSIP/1457-00005430		20	0	NO ANSWER	Dial	1790981206.34049	1790980943.33510
2026-10-02 19:46:46	83996274567	1500	Local/1457@from-queue-00001868;1	8335121500	20	20	NO ANSWER	Queue	1790980943.33510	1790980943.33510
2026-10-02 19:47:19	83996274567	1291	PJSIP/1291-00005432		20	0	NO ANSWER	Dial	1790981239.34109	1790980943.33510
2026-10-02 19:47:19	83996274567	1500	Local/1291@from-queue-00001885;1	8335121500	20	20	NO ANSWER	Queue	1790980943.33510	1790980943.33510
2026-10-02 19:47:52	83996274567	1286	PJSIP/1286-00005434		20	0	NO ANSWER	Dial	1790981272.34169	1790980943.33510
2026-10-02 19:47:52	83996274567	1500	Local/1286@from-queue-000018a2;1	8335121500	20	20	NO ANSWER	Queue	1790980943.33510	1790980943.33510
2026-10-02 19:48:25	83996274567	1456	PJSIP/1456-00005437		20	0	NO ANSWER	Dial	1790981305.34286	1790980943.33510
2026-10-02 19:48:25	83996274567	1500	Local/1456@from-queue-000018db;1	8335121500	20	20	NO ANSWER	Queue	1790980943.33510	1790980943.33510
2026-10-02 19:48:58	83996274567	1287	PJSIP/1287-00005439		20	0	NO ANSWER	Dial	1790981338.34346	1790980943.33510
2026-10-02 19:48:58	83996274567	1500	Local/1287@from-queue-000018f8;1	8335121500	20	20	NO ANSWER	Queue	1790980943.33510	1790980943.33510
2026-10-02 19:49:31	83996274567	1323	PJSIP/1323-0000543d		20	0	NO ANSWER	Dial	1790981371.34408	1790980943.33510
2026-10-02 19:49:31	83996274567	1500	Local/1323@from-queue-00001915;1	8335121500	20	20	NO ANSWER	Queue	1790980943.33510	1790980943.33510
2026-10-02 19:50:04	83996274567	1454	PJSIP/1454-00005443		20	0	NO ANSWER	Dial	1790981404.34472	1790980943.33510
2026-10-02 19:50:04	83996274567	1500	Local/1454@from-queue-00001932;1	8335121500	20	20	NO ANSWER	Queue	1790980943.33510	1790980943.33510
2026-10-02 19:50:37	83996274567	1426	PJSIP/1426-00005448		20	0	NO ANSWER	Dial	1790981437.34535	1790980943.33510
2026-10-02 19:50:37	83996274567	1500	Local/1426@from-queue-0000194f;1	8335121500	20	20	NO ANSWER	Queue	1790980943.33510	1790980943.33510
2026-10-02 19:51:09	83996274567	1455	PJSIP/1455-0000544b		20	0	NO ANSWER	Dial	1790981469.34652	1790980943.33510
2026-10-02 19:51:09	83996274567	1500	Local/1455@from-queue-00001988;1	8335121500	20	20	NO ANSWER	Queue	1790980943.33510	1790980943.33510
2026-10-02 19:51:42	83996274567	1326	PJSIP/1326-0000544d		20	0	NO ANSWER	Dial	1790981502.34712	1790980943.33510
2026-10-02 19:51:42	83996274567	1500	Local/1326@from-queue-000019a5;1	8335121500	20	20	NO ANSWER	Queue	1790980943.33510	1790980943.33510
2026-10-02 19:52:15	83996274567	1425	PJSIP/1425-0000544f		20	0	NO ANSWER	Dial	1790981535.34772	1790980943.33510
2026-10-02 19:52:15	83996274567	1500	Local/1425@from-queue-000019c2;1	8335121500	20	20	NO ANSWER	Queue	1790980943.33510	1790980943.33510
2026-10-02 19:52:48	83996274567	1290	PJSIP/1290-00005451		20	0	NO ANSWER	Dial	1790981568.34832	1790980943.33510
2026-10-02 19:52:48	83996274567	1500	Local/1290@from-queue-000019df;1	8335121500	20	20	NO ANSWER	Queue	1790980943.33510	1790980943.33510
2026-10-02 20:00:56	83993813375	1457	PJSIP/1457-0000545e		2	0	NO ANSWER	Dial	1790982056.35463	1790982056.35461
2026-10-02 20:00:56	83993813375	1500	Local/1457@from-queue-00001b14;1	8335121500	3	3	NO ANSWER	Queue	1790982056.35461	1790982056.35461
2026-10-02 20:14:46	83994080966	1500	Local/1291@from-queue-00001b15;1	8335121500	20	20	NO ANSWER	Queue	1790982886.35473	1790982886.35473
2026-10-02 20:14:47	83994080966	1291	PJSIP/1291-00005468		20	0	NO ANSWER	Dial	1790982887.35475	1790982886.35473
2026-10-02 20:15:20	83994080966	1286	PJSIP/1286-00005469		20	0	NO ANSWER	Dial	1790982920.35478	1790982886.35473
2026-10-02 20:15:20	83994080966	1500	Local/1286@from-queue-00001b16;1	8335121500	20	20	NO ANSWER	Queue	1790982886.35473	1790982886.35473
2026-10-02 20:15:53	83994080966	1456	PJSIP/1456-0000546a		20	0	NO ANSWER	Dial	1790982953.35481	1790982886.35473
2026-10-02 20:15:53	83994080966	1500	Local/1456@from-queue-00001b17;1	8335121500	20	20	NO ANSWER	Queue	1790982886.35473	1790982886.35473
2026-10-02 20:16:26	83994080966	1287	PJSIP/1287-0000546b		20	0	NO ANSWER	Dial	1790982986.35484	1790982886.35473
2026-10-02 20:16:26	83994080966	1500	Local/1287@from-queue-00001b18;1	8335121500	20	20	NO ANSWER	Queue	1790982886.35473	1790982886.35473
2026-10-02 20:16:58	83994080966	1323	PJSIP/1323-0000546c		20	0	NO ANSWER	Dial	1790983018.35487	1790982886.35473
2026-10-02 20:16:58	83994080966	1500	Local/1323@from-queue-00001b19;1	8335121500	20	20	NO ANSWER	Queue	1790982886.35473	1790982886.35473
2026-10-02 20:17:31	83994080966	1454	PJSIP/1454-0000546d		20	0	NO ANSWER	Dial	1790983051.35490	1790982886.35473
2026-10-02 20:17:31	83994080966	1500	Local/1454@from-queue-00001b1a;1	8335121500	20	20	NO ANSWER	Queue	1790982886.35473	1790982886.35473
2026-10-02 20:18:04	83994080966	1426	PJSIP/1426-0000546e		20	0	NO ANSWER	Dial	1790983084.35493	1790982886.35473
2026-10-02 20:18:04	83994080966	1500	Local/1426@from-queue-00001b1b;1	8335121500	20	20	NO ANSWER	Queue	1790982886.35473	1790982886.35473
2026-10-02 20:18:37	83994080966	1455	PJSIP/1455-0000546f		20	0	NO ANSWER	Dial	1790983117.35496	1790982886.35473
2026-10-02 20:18:37	83994080966	1500	Local/1455@from-queue-00001b1c;1	8335121500	20	20	NO ANSWER	Queue	1790982886.35473	1790982886.35473
2026-10-02 20:19:10	83994080966	1326	PJSIP/1326-00005470		20	0	NO ANSWER	Dial	1790983150.35499	1790982886.35473
2026-10-02 20:19:10	83994080966	1500	Local/1326@from-queue-00001b1d;1	8335121500	20	20	NO ANSWER	Queue	1790982886.35473	1790982886.35473
2026-10-02 20:19:43	83994080966	1425	PJSIP/1425-00005471		20	0	NO ANSWER	Dial	1790983183.35502	1790982886.35473
2026-10-02 20:19:43	83994080966	1500	Local/1425@from-queue-00001b1e;1	8335121500	20	20	NO ANSWER	Queue	1790982886.35473	1790982886.35473
2026-10-02 20:20:16	83994080966	1290	PJSIP/1290-00005472		20	0	NO ANSWER	Dial	1790983216.35505	1790982886.35473
2026-10-02 20:20:16	83994080966	1500	Local/1290@from-queue-00001b1f;1	8335121500	20	20	NO ANSWER	Queue	1790982886.35473	1790982886.35473
2026-10-02 20:20:49	83994080966	1457	PJSIP/1457-00005473		20	0	NO ANSWER	Dial	1790983249.35508	1790982886.35473
2026-10-02 20:20:49	83994080966	1500	Local/1457@from-queue-00001b20;1	8335121500	20	20	NO ANSWER	Queue	1790982886.35473	1790982886.35473
2026-10-02 20:21:22	83994080966	1291	PJSIP/1291-00005474		20	0	NO ANSWER	Dial	1790983282.35511	1790982886.35473
2026-10-02 20:21:22	83994080966	1500	Local/1291@from-queue-00001b21;1	8335121500	20	20	NO ANSWER	Queue	1790982886.35473	1790982886.35473
2026-10-02 20:21:55	83994080966	1286	PJSIP/1286-00005475		20	0	NO ANSWER	Dial	1790983315.35514	1790982886.35473
2026-10-02 20:21:55	83994080966	1500	Local/1286@from-queue-00001b22;1	8335121500	20	20	NO ANSWER	Queue	1790982886.35473	1790982886.35473
2026-10-02 20:22:28	83994080966	1456	PJSIP/1456-00005476		20	0	NO ANSWER	Dial	1790983348.35517	1790982886.35473
2026-10-02 20:22:28	83994080966	1500	Local/1456@from-queue-00001b23;1	8335121500	20	20	NO ANSWER	Queue	1790982886.35473	1790982886.35473
2026-10-02 20:23:01	83994080966	1287	PJSIP/1287-00005477		20	0	NO ANSWER	Dial	1790983381.35520	1790982886.35473
2026-10-02 20:23:01	83994080966	1500	Local/1287@from-queue-00001b24;1	8335121500	20	20	NO ANSWER	Queue	1790982886.35473	1790982886.35473
2026-10-02 20:23:34	83994080966	1323	PJSIP/1323-00005478		20	0	NO ANSWER	Dial	1790983414.35523	1790982886.35473
2026-10-02 20:23:34	83994080966	1500	Local/1323@from-queue-00001b25;1	8335121500	20	20	NO ANSWER	Queue	1790982886.35473	1790982886.35473
2026-10-02 20:24:06	83994080966	1454	PJSIP/1454-00005479		20	0	NO ANSWER	Dial	1790983446.35526	1790982886.35473
2026-10-02 20:24:06	83994080966	1500	Local/1454@from-queue-00001b26;1	8335121500	20	20	NO ANSWER	Queue	1790982886.35473	1790982886.35473
2026-10-02 20:24:39	83994080966	1426	PJSIP/1426-0000547a		20	0	NO ANSWER	Dial	1790983479.35529	1790982886.35473
2026-10-02 20:24:39	83994080966	1500	Local/1426@from-queue-00001b27;1	8335121500	20	20	NO ANSWER	Queue	1790982886.35473	1790982886.35473
2026-10-02 20:25:12	83994080966	1455	PJSIP/1455-0000547b		20	0	NO ANSWER	Dial	1790983512.35532	1790982886.35473
2026-10-02 20:25:12	83994080966	1500	Local/1455@from-queue-00001b28;1	8335121500	20	20	NO ANSWER	Queue	1790982886.35473	1790982886.35473
2026-10-02 20:25:45	83994080966	1326	PJSIP/1326-0000547c		20	0	NO ANSWER	Dial	1790983545.35535	1790982886.35473
2026-10-02 20:25:45	83994080966	1500	Local/1326@from-queue-00001b29;1	8335121500	20	20	NO ANSWER	Queue	1790982886.35473	1790982886.35473
2026-10-02 20:26:18	83994080966	1425	PJSIP/1425-0000547d		20	0	NO ANSWER	Dial	1790983578.35538	1790982886.35473
2026-10-02 20:26:18	83994080966	1500	Local/1425@from-queue-00001b2a;1	8335121500	20	20	NO ANSWER	Queue	1790982886.35473	1790982886.35473
2026-10-02 20:26:51	83994080966	1290	PJSIP/1290-0000547e		20	0	NO ANSWER	Dial	1790983611.35541	1790982886.35473
2026-10-02 20:26:51	83994080966	1500	Local/1290@from-queue-00001b2b;1	8335121500	20	20	NO ANSWER	Queue	1790982886.35473	1790982886.35473
2026-10-02 20:27:24	83994080966	1457	PJSIP/1457-0000547f		20	0	NO ANSWER	Dial	1790983644.35544	1790982886.35473
2026-10-02 20:27:24	83994080966	1500	Local/1457@from-queue-00001b2c;1	8335121500	20	20	NO ANSWER	Queue	1790982886.35473	1790982886.35473
2026-10-02 20:27:57	83994080966	1291	PJSIP/1291-00005480		20	0	NO ANSWER	Dial	1790983677.35547	1790982886.35473
2026-10-02 20:27:57	83994080966	1500	Local/1291@from-queue-00001b2d;1	8335121500	20	20	NO ANSWER	Queue	1790982886.35473	1790982886.35473
2026-10-02 20:28:30	83994080966	1286	PJSIP/1286-00005481		20	0	NO ANSWER	Dial	1790983710.35550	1790982886.35473
2026-10-02 20:28:30	83994080966	1500	Local/1286@from-queue-00001b2e;1	8335121500	20	20	NO ANSWER	Queue	1790982886.35473	1790982886.35473
2026-10-02 20:29:03	83994080966	1456	PJSIP/1456-00005482		20	0	NO ANSWER	Dial	1790983743.35553	1790982886.35473
2026-10-02 20:29:03	83994080966	1500	Local/1456@from-queue-00001b2f;1	8335121500	20	20	NO ANSWER	Queue	1790982886.35473	1790982886.35473
2026-10-02 20:29:36	83994080966	1287	PJSIP/1287-00005487		20	0	NO ANSWER	Dial	1790983776.35560	1790982886.35473
2026-10-02 20:29:36	83994080966	1500	Local/1287@from-queue-00001b30;1	8335121500	20	20	NO ANSWER	Queue	1790982886.35473	1790982886.35473
2026-10-02 20:30:09	83994080966	1323	PJSIP/1323-00005488		20	0	NO ANSWER	Dial	1790983809.35563	1790982886.35473
2026-10-02 20:30:09	83994080966	1500	Local/1323@from-queue-00001b31;1	8335121500	20	20	NO ANSWER	Queue	1790982886.35473	1790982886.35473
2026-10-02 20:30:41	83994080966	1454	PJSIP/1454-00005489		20	0	NO ANSWER	Dial	1790983841.35566	1790982886.35473
2026-10-02 20:30:41	83994080966	1500	Local/1454@from-queue-00001b32;1	8335121500	20	20	NO ANSWER	Queue	1790982886.35473	1790982886.35473
2026-10-02 20:31:14	83994080966	1426	PJSIP/1426-0000548a		20	0	NO ANSWER	Dial	1790983874.35569	1790982886.35473
2026-10-02 20:31:14	83994080966	1500	Local/1426@from-queue-00001b33;1	8335121500	20	20	NO ANSWER	Queue	1790982886.35473	1790982886.35473
2026-10-02 20:31:47	83994080966	1455	PJSIP/1455-0000548b		20	0	NO ANSWER	Dial	1790983907.35572	1790982886.35473
2026-10-02 20:31:47	83994080966	1500	Local/1455@from-queue-00001b34;1	8335121500	20	20	NO ANSWER	Queue	1790982886.35473	1790982886.35473
2026-10-02 20:32:20	83994080966	1326	PJSIP/1326-0000548c		20	0	NO ANSWER	Dial	1790983940.35575	1790982886.35473
2026-10-02 20:32:20	83994080966	1500	Local/1326@from-queue-00001b35;1	8335121500	20	20	NO ANSWER	Queue	1790982886.35473	1790982886.35473
2026-10-02 20:32:53	83994080966	1425	PJSIP/1425-0000548d		20	0	NO ANSWER	Dial	1790983973.35578	1790982886.35473
2026-10-02 20:32:53	83994080966	1500	Local/1425@from-queue-00001b36;1	8335121500	20	20	NO ANSWER	Queue	1790982886.35473	1790982886.35473
2026-10-02 20:33:26	83994080966	1290	PJSIP/1290-0000548e		20	0	NO ANSWER	Dial	1790984006.35581	1790982886.35473
2026-10-02 20:33:26	83994080966	1500	Local/1290@from-queue-00001b37;1	8335121500	20	20	NO ANSWER	Queue	1790982886.35473	1790982886.35473
2026-10-02 20:33:59	83994080966	1457	PJSIP/1457-0000548f		20	0	NO ANSWER	Dial	1790984039.35584	1790982886.35473
2026-10-02 20:33:59	83994080966	1500	Local/1457@from-queue-00001b38;1	8335121500	20	20	NO ANSWER	Queue	1790982886.35473	1790982886.35473
2026-10-02 21:08:11	83998303205	1291	PJSIP/1291-0000549b		20	0	NO ANSWER	Dial	1790986091.35598	1790986091.35596
2026-10-02 21:08:11	83998303205	1500	Local/1291@from-queue-00001b39;1	8335121500	20	20	NO ANSWER	Queue	1790986091.35596	1790986091.35596
2026-10-02 21:08:44	83998303205	1286	PJSIP/1286-0000549c		20	0	NO ANSWER	Dial	1790986124.35601	1790986091.35596
2026-10-02 21:08:44	83998303205	1500	Local/1286@from-queue-00001b3a;1	8335121500	20	20	NO ANSWER	Queue	1790986091.35596	1790986091.35596
2026-10-02 21:09:17	83998303205	1456	PJSIP/1456-0000549d		20	0	NO ANSWER	Dial	1790986157.35604	1790986091.35596
2026-10-02 21:09:17	83998303205	1500	Local/1456@from-queue-00001b3b;1	8335121500	20	20	NO ANSWER	Queue	1790986091.35596	1790986091.35596
2026-10-02 21:09:50	83998303205	1287	PJSIP/1287-0000549e		20	0	NO ANSWER	Dial	1790986190.35607	1790986091.35596
2026-10-02 21:09:50	83998303205	1500	Local/1287@from-queue-00001b3c;1	8335121500	20	20	NO ANSWER	Queue	1790986091.35596	1790986091.35596
2026-10-02 21:10:23	83998303205	1323	PJSIP/1323-0000549f		20	0	NO ANSWER	Dial	1790986223.35610	1790986091.35596
2026-10-02 21:10:23	83998303205	1500	Local/1323@from-queue-00001b3d;1	8335121500	20	20	NO ANSWER	Queue	1790986091.35596	1790986091.35596
2026-10-02 22:10:10	83986232830	1500	Local/1454@from-queue-00001b3f;1	8335121500	20	20	NO ANSWER	Queue	1790989810.35640	1790989810.35640
2026-10-02 22:10:11	83986232830	1454	PJSIP/1454-000054bb		20	0	NO ANSWER	Dial	1790989811.35642	1790989810.35640
2026-10-02 22:10:44	83986232830	1426	PJSIP/1426-000054bc		20	0	NO ANSWER	Dial	1790989844.35645	1790989810.35640
2026-10-02 22:10:44	83986232830	1500	Local/1426@from-queue-00001b40;1	8335121500	20	20	NO ANSWER	Queue	1790989810.35640	1790989810.35640
2026-10-02 22:11:17	83986232830	1455	PJSIP/1455-000054bd		20	0	NO ANSWER	Dial	1790989877.35648	1790989810.35640
2026-10-02 22:11:17	83986232830	1500	Local/1455@from-queue-00001b41;1	8335121500	20	20	NO ANSWER	Queue	1790989810.35640	1790989810.35640
2026-10-02 22:11:49	83986232830	1326	PJSIP/1326-000054be		20	0	NO ANSWER	Dial	1790989909.35651	1790989810.35640
2026-10-02 22:11:49	83986232830	1500	Local/1326@from-queue-00001b42;1	8335121500	20	20	NO ANSWER	Queue	1790989810.35640	1790989810.35640
2026-10-02 22:12:22	83986232830	1425	PJSIP/1425-000054bf		20	0	NO ANSWER	Dial	1790989942.35654	1790989810.35640
2026-10-02 22:12:22	83986232830	1500	Local/1425@from-queue-00001b43;1	8335121500	20	20	NO ANSWER	Queue	1790989810.35640	1790989810.35640
2026-10-02 22:12:55	83986232830	1290	PJSIP/1290-000054c0		20	0	NO ANSWER	Dial	1790989975.35657	1790989810.35640
2026-10-02 22:12:55	83986232830	1500	Local/1290@from-queue-00001b44;1	8335121500	20	20	NO ANSWER	Queue	1790989810.35640	1790989810.35640
2026-10-02 22:13:28	83986232830	1457	PJSIP/1457-000054c1		20	0	NO ANSWER	Dial	1790990008.35660	1790989810.35640
2026-10-02 22:13:28	83986232830	1500	Local/1457@from-queue-00001b45;1	8335121500	20	20	NO ANSWER	Queue	1790989810.35640	1790989810.35640
2026-10-02 22:14:01	83986232830	1291	PJSIP/1291-000054c2		20	0	NO ANSWER	Dial	1790990041.35663	1790989810.35640
2026-10-02 22:14:01	83986232830	1500	Local/1291@from-queue-00001b46;1	8335121500	20	20	NO ANSWER	Queue	1790989810.35640	1790989810.35640
2026-10-02 22:14:34	83986232830	1286	PJSIP/1286-000054c3		20	0	NO ANSWER	Dial	1790990074.35666	1790989810.35640
2026-10-02 22:14:34	83986232830	1500	Local/1286@from-queue-00001b47;1	8335121500	20	20	NO ANSWER	Queue	1790989810.35640	1790989810.35640
2026-10-02 22:15:07	83986232830	1456	PJSIP/1456-000054c4		20	0	NO ANSWER	Dial	1790990107.35669	1790989810.35640
2026-10-02 22:15:07	83986232830	1500	Local/1456@from-queue-00001b48;1	8335121500	20	20	NO ANSWER	Queue	1790989810.35640	1790989810.35640
2026-10-02 22:15:40	83986232830	1287	PJSIP/1287-000054c5		20	0	NO ANSWER	Dial	1790990140.35672	1790989810.35640
2026-10-02 22:15:40	83986232830	1500	Local/1287@from-queue-00001b49;1	8335121500	20	20	NO ANSWER	Queue	1790989810.35640	1790989810.35640
2026-10-02 22:16:13	83986232830	1323	PJSIP/1323-000054c6		20	0	NO ANSWER	Dial	1790990173.35675	1790989810.35640
2026-10-02 22:16:13	83986232830	1500	Local/1323@from-queue-00001b4a;1	8335121500	20	20	NO ANSWER	Queue	1790989810.35640	1790989810.35640
2026-10-02 22:16:46	83986232830	1454	PJSIP/1454-000054c7		20	0	NO ANSWER	Dial	1790990206.35678	1790989810.35640
2026-10-02 22:16:46	83986232830	1500	Local/1454@from-queue-00001b4b;1	8335121500	20	20	NO ANSWER	Queue	1790989810.35640	1790989810.35640
2026-10-02 22:17:19	83986232830	1426	PJSIP/1426-000054c8		20	0	NO ANSWER	Dial	1790990239.35681	1790989810.35640
2026-10-02 22:17:19	83986232830	1500	Local/1426@from-queue-00001b4c;1	8335121500	20	20	NO ANSWER	Queue	1790989810.35640	1790989810.35640
2026-10-02 22:17:52	83986232830	1455	PJSIP/1455-000054c9		20	0	NO ANSWER	Dial	1790990272.35684	1790989810.35640
2026-10-02 22:17:52	83986232830	1500	Local/1455@from-queue-00001b4d;1	8335121500	20	20	NO ANSWER	Queue	1790989810.35640	1790989810.35640
2026-10-02 22:18:24	83986232830	1326	PJSIP/1326-000054ca		20	0	NO ANSWER	Dial	1790990304.35687	1790989810.35640
2026-10-02 22:18:24	83986232830	1500	Local/1326@from-queue-00001b4e;1	8335121500	20	20	NO ANSWER	Queue	1790989810.35640	1790989810.35640
2026-10-02 22:18:57	83986232830	1425	PJSIP/1425-000054cb		20	0	NO ANSWER	Dial	1790990337.35690	1790989810.35640
2026-10-02 22:18:57	83986232830	1500	Local/1425@from-queue-00001b4f;1	8335121500	20	20	NO ANSWER	Queue	1790989810.35640	1790989810.35640
2026-10-02 22:19:30	83986232830	1290	PJSIP/1290-000054cc		20	0	NO ANSWER	Dial	1790990370.35693	1790989810.35640
2026-10-02 22:19:30	83986232830	1500	Local/1290@from-queue-00001b50;1	8335121500	20	20	NO ANSWER	Queue	1790989810.35640	1790989810.35640
2026-10-02 22:20:03	83986232830	1457	PJSIP/1457-000054cd		20	0	NO ANSWER	Dial	1790990403.35696	1790989810.35640
2026-10-02 22:20:03	83986232830	1500	Local/1457@from-queue-00001b51;1	8335121500	20	20	NO ANSWER	Queue	1790989810.35640	1790989810.35640
2026-10-02 22:20:36	83986232830	1291	PJSIP/1291-000054ce		20	0	NO ANSWER	Dial	1790990436.35699	1790989810.35640
2026-10-02 22:20:36	83986232830	1500	Local/1291@from-queue-00001b52;1	8335121500	20	20	NO ANSWER	Queue	1790989810.35640	1790989810.35640
2026-10-02 22:21:09	83986232830	1286	PJSIP/1286-000054cf		20	0	NO ANSWER	Dial	1790990469.35702	1790989810.35640
2026-10-02 22:21:09	83986232830	1500	Local/1286@from-queue-00001b53;1	8335121500	20	20	NO ANSWER	Queue	1790989810.35640	1790989810.35640
2026-10-02 22:21:42	83986232830	1456	PJSIP/1456-000054d0		20	0	NO ANSWER	Dial	1790990502.35705	1790989810.35640
2026-10-02 22:21:42	83986232830	1500	Local/1456@from-queue-00001b54;1	8335121500	20	20	NO ANSWER	Queue	1790989810.35640	1790989810.35640
2026-10-02 22:22:15	83986232830	1287	PJSIP/1287-000054d1		20	0	NO ANSWER	Dial	1790990535.35708	1790989810.35640
2026-10-02 22:22:15	83986232830	1500	Local/1287@from-queue-00001b55;1	8335121500	20	20	NO ANSWER	Queue	1790989810.35640	1790989810.35640
2026-10-02 22:22:48	83986232830	1323	PJSIP/1323-000054d2		20	0	NO ANSWER	Dial	1790990568.35711	1790989810.35640
2026-10-02 22:22:48	83986232830	1500	Local/1323@from-queue-00001b56;1	8335121500	20	20	NO ANSWER	Queue	1790989810.35640	1790989810.35640
2026-10-02 22:23:21	83986232830	1454	PJSIP/1454-000054d3		20	0	NO ANSWER	Dial	1790990601.35714	1790989810.35640
2026-10-02 22:23:21	83986232830	1500	Local/1454@from-queue-00001b57;1	8335121500	20	20	NO ANSWER	Queue	1790989810.35640	1790989810.35640
2026-10-02 22:23:54	83986232830	1426	PJSIP/1426-000054d4		20	0	NO ANSWER	Dial	1790990634.35717	1790989810.35640
2026-10-02 22:23:54	83986232830	1500	Local/1426@from-queue-00001b58;1	8335121500	20	20	NO ANSWER	Queue	1790989810.35640	1790989810.35640
2026-10-02 22:24:27	83986232830	1455	PJSIP/1455-000054d5		20	0	NO ANSWER	Dial	1790990667.35720	1790989810.35640
2026-10-02 22:24:27	83986232830	1500	Local/1455@from-queue-00001b59;1	8335121500	20	20	NO ANSWER	Queue	1790989810.35640	1790989810.35640
2026-10-02 22:25:00	83986232830	1326	PJSIP/1326-000054d6		20	0	NO ANSWER	Dial	1790990700.35723	1790989810.35640
2026-10-02 22:25:00	83986232830	1500	Local/1326@from-queue-00001b5a;1	8335121500	20	20	NO ANSWER	Queue	1790989810.35640	1790989810.35640
2026-10-02 22:25:32	83986232830	1425	PJSIP/1425-000054d7		20	0	NO ANSWER	Dial	1790990732.35726	1790989810.35640
2026-10-02 22:25:32	83986232830	1500	Local/1425@from-queue-00001b5b;1	8335121500	20	20	NO ANSWER	Queue	1790989810.35640	1790989810.35640
2026-10-02 22:26:05	83986232830	1290	PJSIP/1290-000054d8		20	0	NO ANSWER	Dial	1790990765.35729	1790989810.35640
2026-10-02 22:26:05	83986232830	1500	Local/1290@from-queue-00001b5c;1	8335121500	20	20	NO ANSWER	Queue	1790989810.35640	1790989810.35640
2026-10-02 22:26:38	83986232830	1457	PJSIP/1457-000054d9		20	0	NO ANSWER	Dial	1790990798.35732	1790989810.35640
2026-10-02 22:26:38	83986232830	1500	Local/1457@from-queue-00001b5d;1	8335121500	20	20	NO ANSWER	Queue	1790989810.35640	1790989810.35640
2026-10-02 22:27:11	83986232830	1291	PJSIP/1291-000054da		20	0	NO ANSWER	Dial	1790990831.35735	1790989810.35640
2026-10-02 22:27:11	83986232830	1500	Local/1291@from-queue-00001b5e;1	8335121500	20	20	NO ANSWER	Queue	1790989810.35640	1790989810.35640
2026-10-02 22:27:44	83986232830	1286	PJSIP/1286-000054db		20	0	NO ANSWER	Dial	1790990864.35738	1790989810.35640
2026-10-02 22:27:44	83986232830	1500	Local/1286@from-queue-00001b5f;1	8335121500	20	20	NO ANSWER	Queue	1790989810.35640	1790989810.35640
2026-10-02 22:28:17	83986232830	1456	PJSIP/1456-000054dc		20	0	NO ANSWER	Dial	1790990897.35741	1790989810.35640
2026-10-02 22:28:17	83986232830	1500	Local/1456@from-queue-00001b60;1	8335121500	20	20	NO ANSWER	Queue	1790989810.35640	1790989810.35640
2026-10-02 22:28:50	83986232830	1287	PJSIP/1287-000054dd		20	0	NO ANSWER	Dial	1790990930.35744	1790989810.35640
2026-10-02 22:28:50	83986232830	1500	Local/1287@from-queue-00001b61;1	8335121500	20	20	NO ANSWER	Queue	1790989810.35640	1790989810.35640
2026-10-02 22:29:23	83986232830	1323	PJSIP/1323-000054de		20	0	NO ANSWER	Dial	1790990963.35747	1790989810.35640
2026-10-02 22:29:23	83986232830	1500	Local/1323@from-queue-00001b62;1	8335121500	20	20	NO ANSWER	Queue	1790989810.35640	1790989810.35640
2026-10-02 22:29:56	83986232830	1454	PJSIP/1454-000054df		20	0	NO ANSWER	Dial	1790990996.35750	1790989810.35640
2026-10-02 22:29:56	83986232830	1500	Local/1454@from-queue-00001b63;1	8335121500	20	20	NO ANSWER	Queue	1790989810.35640	1790989810.35640
2026-10-02 22:30:29	83986232830	1426	PJSIP/1426-000054e0		20	0	NO ANSWER	Dial	1790991029.35753	1790989810.35640
2026-10-02 22:30:29	83986232830	1500	Local/1426@from-queue-00001b64;1	8335121500	20	20	NO ANSWER	Queue	1790989810.35640	1790989810.35640
2026-10-02 22:31:02	83986232830	1455	PJSIP/1455-000054e1		20	0	NO ANSWER	Dial	1790991062.35756	1790989810.35640
2026-10-02 22:31:02	83986232830	1500	Local/1455@from-queue-00001b65;1	8335121500	20	20	NO ANSWER	Queue	1790989810.35640	1790989810.35640
2026-10-02 22:31:35	83986232830	1326	PJSIP/1326-000054e2		20	0	NO ANSWER	Dial	1790991095.35759	1790989810.35640
2026-10-02 22:31:35	83986232830	1500	Local/1326@from-queue-00001b66;1	8335121500	20	20	NO ANSWER	Queue	1790989810.35640	1790989810.35640
2026-10-02 22:32:07	83986232830	1425	PJSIP/1425-000054e3		20	0	NO ANSWER	Dial	1790991127.35762	1790989810.35640
2026-10-02 22:32:07	83986232830	1500	Local/1425@from-queue-00001b67;1	8335121500	20	20	NO ANSWER	Queue	1790989810.35640	1790989810.35640
2026-10-02 22:32:40	83986232830	1290	PJSIP/1290-000054e4		20	0	NO ANSWER	Dial	1790991160.35765	1790989810.35640
2026-10-02 22:32:40	83986232830	1500	Local/1290@from-queue-00001b68;1	8335121500	20	20	NO ANSWER	Queue	1790989810.35640	1790989810.35640
2026-10-02 22:33:13	83986232830	1457	PJSIP/1457-000054e5		20	0	NO ANSWER	Dial	1790991193.35768	1790989810.35640
2026-10-02 22:33:13	83986232830	1500	Local/1457@from-queue-00001b69;1	8335121500	20	20	NO ANSWER	Queue	1790989810.35640	1790989810.35640
2026-10-02 22:33:46	83986232830	1291	PJSIP/1291-000054e6		20	0	NO ANSWER	Dial	1790991226.35771	1790989810.35640
2026-10-02 22:33:46	83986232830	1500	Local/1291@from-queue-00001b6a;1	8335121500	20	20	NO ANSWER	Queue	1790989810.35640	1790989810.35640
2026-10-02 22:34:19	83986232830	1286	PJSIP/1286-000054e7		20	0	NO ANSWER	Dial	1790991259.35774	1790989810.35640
2026-10-02 22:34:19	83986232830	1500	Local/1286@from-queue-00001b6b;1	8335121500	20	20	NO ANSWER	Queue	1790989810.35640	1790989810.35640
2026-10-02 22:34:52	83986232830	1456	PJSIP/1456-000054e8		20	0	NO ANSWER	Dial	1790991292.35777	1790989810.35640
2026-10-02 22:34:52	83986232830	1500	Local/1456@from-queue-00001b6c;1	8335121500	20	20	NO ANSWER	Queue	1790989810.35640	1790989810.35640
2026-10-02 22:35:25	83986232830	1287	PJSIP/1287-000054e9		20	0	NO ANSWER	Dial	1790991325.35780	1790989810.35640
2026-10-02 22:35:25	83986232830	1500	Local/1287@from-queue-00001b6d;1	8335121500	20	20	NO ANSWER	Queue	1790989810.35640	1790989810.35640
2026-10-02 22:35:58	83986232830	1323	PJSIP/1323-000054ea		20	0	NO ANSWER	Dial	1790991358.35783	1790989810.35640
2026-10-02 22:35:58	83986232830	1500	Local/1323@from-queue-00001b6e;1	8335121500	20	20	NO ANSWER	Queue	1790989810.35640	1790989810.35640
2026-10-02 22:36:31	83986232830	1454	PJSIP/1454-000054eb		20	0	NO ANSWER	Dial	1790991391.35786	1790989810.35640
2026-10-02 22:36:31	83986232830	1500	Local/1454@from-queue-00001b6f;1	8335121500	20	20	NO ANSWER	Queue	1790989810.35640	1790989810.35640
2026-10-02 22:37:04	83986232830	1426	PJSIP/1426-000054ec		20	0	NO ANSWER	Dial	1790991424.35789	1790989810.35640
2026-10-02 22:37:04	83986232830	1500	Local/1426@from-queue-00001b70;1	8335121500	20	20	NO ANSWER	Queue	1790989810.35640	1790989810.35640
2026-10-03 07:40:46	83988507044	1455	PJSIP/1455-00005570		16	0	NO ANSWER	Dial	1791024046.36093	1791024046.36091
2026-10-03 07:40:46	83988507044	1500	Local/1455@from-queue-00001bc6;1	8335121500	16	16	NO ANSWER	Queue	1791024046.36091	1791024046.36091
2026-10-03 07:49:14	83993813375	1326	PJSIP/1326-0000558a		298	295	ANSWERED	Dial	1791024554.36177	1791024554.36175
2026-10-03 07:49:14	83993813375	1500	Local/1326@from-queue-00001be3;1	8335121500	298	298	ANSWERED	Queue	1791024554.36175	1791024554.36175
2026-10-03 07:59:14	83986848433	1425	PJSIP/1425-000055b4		184	181	ANSWERED	Dial	1791025154.36277	1791025154.36275
2026-10-03 07:59:14	83986848433	1500	Local/1425@from-queue-00001c00;1	8335121500	184	184	ANSWERED	Queue	1791025154.36275	1791025154.36275
2026-10-03 08:16:31	8332241283	1290	PJSIP/1290-000055dd		20	0	NO ANSWER	Dial	1791026191.36320	1791026191.36318
2026-10-03 08:16:31	8332241283	1500	Local/1290@from-queue-00001c01;1	8335121500	20	20	NO ANSWER	Queue	1791026191.36318	1791026191.36318
2026-10-03 08:17:04	8332241283	1457	PJSIP/1457-000055de		109	107	ANSWERED	Dial	1791026224.36323	1791026191.36318
2026-10-03 08:17:04	8332241283	1500	Local/1457@from-queue-00001c02;1	8335121500	109	109	ANSWERED	Queue	1791026191.36318	1791026191.36318
2026-10-03 08:23:14	83999006848	1500	Local/1291@from-queue-00001c03;1	8335121500	27	27	ANSWERED	Queue	1791026594.36349	1791026594.36349
2026-10-03 08:23:15	83999006848	1291	PJSIP/1291-000055f8		26	24	ANSWERED	Dial	1791026595.36351	1791026594.36349
2026-10-03 08:31:49	81996743952	1286	PJSIP/1286-00005638		20	0	NO ANSWER	Dial	1791027109.36529	1791027109.36527
2026-10-03 08:31:49	81996743952	1500	Local/1286@from-queue-00001c3c;1	8335121500	20	20	NO ANSWER	Queue	1791027109.36527	1791027109.36527
2026-10-03 08:32:22	81996743952	1456	PJSIP/1456-0000563a		59	55	ANSWERED	Dial	1791027142.36533	1791027109.36527
2026-10-03 08:32:22	81996743952	1500	Local/1456@from-queue-00001c3d;1	8335121500	59	59	ANSWERED	Queue	1791027109.36527	1791027109.36527
2026-10-03 08:34:19	83993628249	1500	Local/1287@from-queue-00001c76;1	8335121500	20	20	NO ANSWER	Queue	1791027259.36687	1791027259.36687
2026-10-03 08:34:20	83993628249	1287	PJSIP/1287-00005664		20	0	NO ANSWER	Dial	1791027260.36689	1791027259.36687
2026-10-03 08:34:53	83993628249	1323	PJSIP/1323-00005669		7	0	ANSWERED	Dial	1791027293.36698	1791027259.36687
2026-10-03 08:34:53	83993628249	1500	Local/1323@from-queue-00001c78;1	8335121500	135	135	ANSWERED	Queue	1791027259.36687	1791027259.36687
2026-10-03 08:35:00	83993628249	1323	PJSIP/1454-0000566a		127	127	ANSWERED	Dial	1791027293.36698	1791027259.36687
2026-10-03 08:43:15	83998000994	1454	PJSIP/1454-000056ae		57	55	ANSWERED	Dial	1791027795.36773	1791027795.36771
2026-10-03 08:43:15	83998000994	1500	Local/1454@from-queue-00001c7b;1	8335121500	58	57	ANSWERED	Queue	1791027795.36771	1791027795.36771
2026-10-03 08:44:45	83998000994	1426	PJSIP/1426-000056b6		16	13	ANSWERED	Dial	1791027885.36783	1791027885.36781
2026-10-03 08:44:45	83998000994	1500	Local/1426@from-queue-00001c7c;1	8335121500	17	16	ANSWERED	Queue	1791027885.36781	1791027885.36781
2026-10-03 08:45:57	11962148096	1455	PJSIP/1455-000056ce		20	0	NO ANSWER	Dial	1791027957.36865	1791027957.36863
2026-10-03 08:45:57	11962148096	1500	Local/1455@from-queue-00001c99;1	8335121500	20	20	NO ANSWER	Queue	1791027957.36863	1791027957.36863
2026-10-03 08:46:30	11962148096	1326	PJSIP/1326-000056d3		325	321	ANSWERED	Dial	1791027990.36872	1791027957.36863
2026-10-03 08:46:30	11962148096	1500	Local/1326@from-queue-00001c9a;1	8335121500	325	325	ANSWERED	Queue	1791027957.36863	1791027957.36863
2026-10-03 08:54:45	83999201111	1500	Local/1425@from-queue-00001d0b;1	8335121500	264	264	ANSWERED	Queue	1791028485.37206	1791028485.37206
2026-10-03 08:54:46	83999201111	1425	PJSIP/1425-00005741		2	0	ANSWERED	Dial	1791028486.37208	1791028485.37206
2026-10-03 08:54:49	83999201111	1425	PJSIP/1426-00005742		261	261	ANSWERED	Dial	1791028486.37208	1791028485.37206
2026-10-03 09:01:41	83996048680	1290	PJSIP/1290-00005765		20	0	NO ANSWER	Dial	1791028901.37246	1791028901.37244
2026-10-03 09:01:41	83996048680	1500	Local/1290@from-queue-00001d0c;1	8335121500	20	20	NO ANSWER	Queue	1791028901.37244	1791028901.37244
2026-10-03 09:02:14	83996048680	1457	PJSIP/1457-00005766		57	54	ANSWERED	Dial	1791028934.37249	1791028901.37244
2026-10-03 09:02:14	83996048680	1500	Local/1457@from-queue-00001d0d;1	8335121500	57	57	ANSWERED	Queue	1791028901.37244	1791028901.37244
2026-10-03 09:03:53	83981017091	1291	PJSIP/1291-00005790		16	0	ANSWERED	Dial	1791029033.37405	1791029033.37403
2026-10-03 09:03:53	83981017091	1500	Local/1291@from-queue-00001d46;1	8335121500	248	248	ANSWERED	Queue	1791029033.37403	1791029033.37403
2026-10-03 09:04:09	83981017091	1291	PJSIP/1456-00005796		232	232	ANSWERED	Dial	1791029033.37405	1791029033.37403
2026-10-03 09:13:09	83993434106	1500	Local/1286@from-queue-00001db8;1	8335121500	39	39	ANSWERED	Queue	1791029589.37761	1791029589.37761
2026-10-03 09:13:10	83993434106	1286	PJSIP/1286-00005812		6	0	ANSWERED	Dial	1791029590.37763	1791029589.37761
2026-10-03 09:13:16	83993434106	1286	PJSIP/1425-00005813		32	32	ANSWERED	Dial	1791029590.37763	1791029589.37761
2026-10-03 09:18:53	83991211370	1500	Local/1456@from-queue-00001dd5;1	8335121500	39	39	ANSWERED	Queue	1791029933.37886	1791029933.37886
2026-10-03 09:18:54	83991211370	1456	PJSIP/1456-00005855		39	33	ANSWERED	Dial	1791029934.37888	1791029933.37886
2026-10-03 09:22:55	83991211370	1500	Local/1287@from-queue-00001e0e;1	8335121500	31	31	ANSWERED	Queue	1791030175.38057	1791030175.38057
2026-10-03 09:22:56	83991211370	1287	PJSIP/1287-0000588e		5	0	ANSWERED	Dial	1791030176.38059	1791030175.38057
2026-10-03 09:23:02	83991211370	1287	PJSIP/1456-0000588f		25	25	ANSWERED	Dial	1791030176.38059	1791030175.38057
2026-10-03 09:25:24	1716	1323	PJSIP/1323-000058bb		43	39	ANSWERED	Dial	1791030324.38218	1791030324.38216
2026-10-03 09:25:24	83981867132	1500	Local/1323@from-queue-00001e47;1	8335121500	34	34	ANSWERED	Queue	1791030324.38216	1791030324.38216
2026-10-03 09:25:59	8335121500	1724	PJSIP/1724-000058c1		2	0	NO ANSWER	Dial	1791030359.38231	1791030324.38216
2026-10-03 09:25:59	8335121500	1701	PJSIP/1701-000058c9		2	0	NO ANSWER	Dial	1791030359.38271	1791030324.38216
2026-10-03 09:25:59	8335121500	1709	PJSIP/1709-000058c4		2	0	NO ANSWER	Dial	1791030359.38261	1791030324.38216
2026-10-03 09:25:59	8335121500	1710	PJSIP/1710-000058ca		2	0	NO ANSWER	Dial	1791030359.38233	1791030324.38216
2026-10-03 09:25:59	8335121500	1702	PJSIP/1702-000058c8		2	0	NO ANSWER	Dial	1791030359.38255	1791030324.38216
2026-10-03 09:25:59	8335121500	1717	PJSIP/1717-000058c7		2	0	NO ANSWER	Dial	1791030359.38239	1791030324.38216
2026-10-03 09:25:59	8335121500	1722	PJSIP/1722-000058c5		2	0	NO ANSWER	Dial	1791030359.38259	1791030324.38216
2026-10-03 09:25:59	8335121500	1711	PJSIP/1711-000058cb		2	0	NO ANSWER	Dial	1791030359.38273	1791030324.38216
2026-10-03 09:25:59	8335121500	1706	PJSIP/1706-000058c0		2	0	NO ANSWER	Dial	1791030359.38249	1791030324.38216
2026-10-03 09:25:59	8335121500	1703	PJSIP/1703-000058bf		2	0	NO ANSWER	Dial	1791030359.38243	1791030324.38216
2026-10-03 09:25:59	8335121500	1725	PJSIP/1725-000058c2		2	0	NO ANSWER	Dial	1791030359.38269	1791030324.38216
2026-10-03 09:25:59	8335121500	1715	PJSIP/1715-000058c3		2	0	NO ANSWER	Dial	1791030359.38267	1791030324.38216
2026-10-03 09:25:59	8335121500	1704	PJSIP/1704-000058be		2	0	NO ANSWER	Dial	1791030359.38227	1791030324.38216
2026-10-03 09:25:59	8335121500	1500	Local/1600@from-internal-xfer-00001e48;1		8	8	ANSWERED	AppQueue	1791030324.38217	1791030324.38216
2026-10-03 09:25:59	83981867132	1716	PJSIP/1716-000058c6		242	240	ANSWERED	Dial	1791030359.38251	1791030324.38216
2026-10-03 09:25:59	8335121500	1600	Local/1728@from-queue-00001e49;1		0	0	NO ANSWER	Queue	1791030359.38223	1791030324.38216
2026-10-03 09:25:59	8335121500	1600	Local/1704@from-queue-00001e4a;1		2	2	NO ANSWER	Queue	1791030359.38223	1791030324.38216
2026-10-03 09:25:59	8335121500	1600	Local/1714@from-queue-00001e4b;1		0	0	NO ANSWER	Queue	1791030359.38223	1791030324.38216
2026-10-03 09:25:59	8335121500	1600	Local/1724@from-queue-00001e4c;1		2	2	NO ANSWER	Queue	1791030359.38223	1791030324.38216
2026-10-03 09:25:59	8335121500	1600	Local/1710@from-queue-00001e4d;1		2	2	NO ANSWER	Queue	1791030359.38223	1791030324.38216
2026-10-03 09:25:59	8335121500	1600	Local/1720@from-queue-00001e4e;1		0	0	NO ANSWER	Queue	1791030359.38223	1791030324.38216
2026-10-03 09:25:59	8335121500	1600	Local/1707@from-queue-00001e4f;1		0	0	NO ANSWER	Queue	1791030359.38223	1791030324.38216
2026-10-03 09:25:59	8335121500	1600	Local/1717@from-queue-00001e50;1		2	2	NO ANSWER	Queue	1791030359.38223	1791030324.38216
2026-10-03 09:25:59	8335121500	1600	Local/1727@from-queue-00001e51;1		0	0	NO ANSWER	Queue	1791030359.38223	1791030324.38216
2026-10-03 09:25:59	8335121500	1600	Local/1703@from-queue-00001e52;1		2	2	NO ANSWER	Queue	1791030359.38223	1791030324.38216
2026-10-03 09:25:59	8335121500	1600	Local/1713@from-queue-00001e53;1		0	0	NO ANSWER	Queue	1791030359.38223	1791030324.38216
2026-10-03 09:25:59	8335121500	1600	Local/1723@from-queue-00001e54;1		0	0	NO ANSWER	Queue	1791030359.38223	1791030324.38216
2026-10-03 09:25:59	8335121500	1600	Local/1706@from-queue-00001e55;1		2	2	NO ANSWER	Queue	1791030359.38223	1791030324.38216
2026-10-03 09:25:59	83981867132	1600	Local/1716@from-queue-00001e56;1		242	242	ANSWERED	Queue	1791030359.38223	1791030324.38216
2026-10-03 09:25:59	8335121500	1600	Local/1726@from-queue-00001e57;1		0	0	NO ANSWER	Queue	1791030359.38223	1791030324.38216
2026-10-03 09:25:59	8335121500	1600	Local/1702@from-queue-00001e58;1		2	2	NO ANSWER	Queue	1791030359.38223	1791030324.38216
2026-10-03 09:25:59	8335121500	1600	Local/1712@from-queue-00001e59;1		0	0	NO ANSWER	Queue	1791030359.38223	1791030324.38216
2026-10-03 09:25:59	8335121500	1600	Local/1722@from-queue-00001e5a;1		2	2	NO ANSWER	Queue	1791030359.38223	1791030324.38216
2026-10-03 09:25:59	8335121500	1600	Local/1709@from-queue-00001e5b;1		2	2	NO ANSWER	Queue	1791030359.38223	1791030324.38216
2026-10-03 09:25:59	8335121500	1600	Local/1719@from-queue-00001e5c;1		0	0	NO ANSWER	Queue	1791030359.38223	1791030324.38216
2026-10-03 09:25:59	8335121500	1600	Local/1705@from-queue-00001e5d;1		0	0	NO ANSWER	Queue	1791030359.38223	1791030324.38216
2026-10-03 09:25:59	8335121500	1600	Local/1715@from-queue-00001e5e;1		2	2	NO ANSWER	Queue	1791030359.38223	1791030324.38216
2026-10-03 09:25:59	8335121500	1600	Local/1725@from-queue-00001e5f;1		2	2	NO ANSWER	Queue	1791030359.38223	1791030324.38216
2026-10-03 09:25:59	8335121500	1600	Local/1701@from-queue-00001e60;1		2	2	NO ANSWER	Queue	1791030359.38223	1791030324.38216
2026-10-03 09:25:59	8335121500	1600	Local/1711@from-queue-00001e61;1		2	2	NO ANSWER	Queue	1791030359.38223	1791030324.38216
2026-10-03 09:25:59	8335121500	1600	Local/1721@from-queue-00001e62;1		0	0	NO ANSWER	Queue	1791030359.38223	1791030324.38216
2026-10-03 09:25:59	8335121500	1600	Local/1708@from-queue-00001e63;1		0	0	NO ANSWER	Queue	1791030359.38223	1791030324.38216
2026-10-03 09:25:59	8335121500	1600	Local/1718@from-queue-00001e64;1		0	0	NO ANSWER	Queue	1791030359.38223	1791030324.38216
2026-10-03 09:25:59	83981867132	1500	Local/1600@from-internal-xfer-00001e48;1	8335121500	242	242	ANSWERED	Queue	1791030324.38216	1791030324.38216
2026-10-03 09:26:07	1716	1600			234	234	ANSWERED		1791030359.38222	1791030324.38216
2026-10-03 09:27:13	8335121227	35121500	PJSIP/Brisa-000058d6		11	8	ANSWERED	Dial	1791030433.38303	1791030433.38303
2026-10-03 09:31:48	83996514231	1454	PJSIP/1454-00005911		33	29	ANSWERED	Dial	1791030708.38478	1791030708.38476
2026-10-03 09:31:48	83996514231	1500	Local/1454@from-queue-00001e9e;1	8335121500	34	34	ANSWERED	Queue	1791030708.38476	1791030708.38476
2026-10-03 09:35:36	83986927639	1500	Local/1426@from-queue-00001e9f;1	8335121500	20	20	NO ANSWER	Queue	1791030936.38507	1791030936.38507
2026-10-03 09:35:37	83986927639	1426	PJSIP/1426-0000592e		20	0	NO ANSWER	Dial	1791030937.38509	1791030936.38507
2026-10-03 09:36:09	83986927639	1455	PJSIP/1455-0000592f		20	0	NO ANSWER	Dial	1791030969.38512	1791030936.38507
2026-10-03 09:36:09	83986927639	1500	Local/1455@from-queue-00001ea0;1	8335121500	20	20	NO ANSWER	Queue	1791030936.38507	1791030936.38507
2026-10-03 09:36:42	83986927639	1326	PJSIP/1326-00005930		119	116	ANSWERED	Dial	1791031002.38515	1791030936.38507
2026-10-03 09:36:42	83986927639	1500	Local/1326@from-queue-00001ea1;1	8335121500	119	119	ANSWERED	Queue	1791030936.38507	1791030936.38507
2026-10-03 09:43:19	83999948869	1425	PJSIP/1425-00005981		5	0	ANSWERED	Dial	1791031399.38766	1791031399.38764
2026-10-03 09:43:19	83999948869	1500	Local/1425@from-queue-00001ef6;1	8335121500	57	57	ANSWERED	Queue	1791031399.38764	1791031399.38764
2026-10-03 09:43:25	83999948869	1425	PJSIP/1326-00005982		50	50	ANSWERED	Dial	1791031399.38766	1791031399.38764
2026-10-03 10:02:52	83998858478	1291	PJSIP/1291-00005a28		20	0	NO ANSWER	Dial	1791032572.39223	1791032572.39221
2026-10-03 10:02:52	83998858478	1500	Local/1291@from-queue-00001f87;1	8335121500	20	20	NO ANSWER	Queue	1791032572.39221	1791032572.39221
2026-10-03 10:03:25	83998858478	1286	PJSIP/1286-00005a29		10	0	ANSWERED	Dial	1791032605.39226	1791032572.39221
2026-10-03 10:03:25	83998858478	1500	Local/1286@from-queue-00001f88;1	8335121500	223	223	ANSWERED	Queue	1791032572.39221	1791032572.39221
2026-10-03 10:03:36	83998858478	1286	PJSIP/1426-00005a2a		212	212	ANSWERED	Dial	1791032605.39226	1791032572.39221
2026-10-03 10:07:43	986030043	1456	PJSIP/1456-00005a50		48	45	ANSWERED	Dial	1791032863.39323	1791032863.39320
2026-10-03 10:07:43	986030043	1500	Local/1456@from-queue-00001fa5;1	8335121500	48	48	ANSWERED	Queue	1791032863.39320	1791032863.39320
2026-10-03 10:14:32	83999993326	1287	PJSIP/1287-00005ab1		6	0	ANSWERED	Dial	1791033272.39594	1791033272.39592
2026-10-03 10:14:32	83999993326	1500	Local/1287@from-queue-00001ffc;1	8335121500	23	23	ANSWERED	Queue	1791033272.39592	1791033272.39592
2026-10-03 10:14:38	83999993326	1287	PJSIP/1456-00005ab2		16	16	ANSWERED	Dial	1791033272.39594	1791033272.39592
2026-10-03 10:15:23	81991468104	1323	PJSIP/1323-00005abb		17	0	ANSWERED	Dial	1791033323.39606	1791033323.39604
2026-10-03 10:15:23	81991468104	1500	Local/1323@from-queue-00001ffd;1	8335121500	43	43	ANSWERED	Queue	1791033323.39604	1791033323.39604
2026-10-03 10:15:41	81991468104	1323	PJSIP/1454-00005ac3		25	25	ANSWERED	Dial	1791033323.39606	1791033323.39604
2026-10-03 10:30:36	83986743558	1454	PJSIP/1454-00005b49		117	112	ANSWERED	Dial	1791034236.39864	1791034236.39862
2026-10-03 10:30:36	83986743558	1500	Local/1454@from-queue-00002037;1	8335121500	117	117	ANSWERED	Queue	1791034236.39862	1791034236.39862
2026-10-03 10:32:39	83921498300	1426	PJSIP/1426-00005b68		33	30	ANSWERED	Dial	1791034359.39897	1791034359.39895
2026-10-03 10:32:39	83921498300	1500	Local/1426@from-queue-00002038;1	8335121500	34	34	ANSWERED	Queue	1791034359.39895	1791034359.39895
2026-10-03 10:34:36	996584081	1500	Local/1455@from-queue-00002055;1	8335121500	20	20	NO ANSWER	Queue	1791034476.39984	1791034476.39984
2026-10-03 10:34:37	996584081	1455	PJSIP/1455-00005b87		20	0	NO ANSWER	Dial	1791034477.39986	1791034476.39984
2026-10-03 10:35:10	996584081	1326	PJSIP/1326-00005b9a		5	0	ANSWERED	Dial	1791034510.40063	1791034476.39984
2026-10-03 10:35:10	996584081	1500	Local/1326@from-queue-00002072;1	8335121500	100	100	ANSWERED	Queue	1791034476.39984	1791034476.39984
2026-10-03 10:35:15	996584081	1326	PJSIP/1425-00005b9d		95	95	ANSWERED	Dial	1791034510.40063	1791034476.39984
2026-10-03 10:38:50	83991971173	1425	PJSIP/1425-00005bc7		3	0	ANSWERED	Dial	1791034730.40166	1791034730.40164
2026-10-03 10:38:50	83991971173	1500	Local/1425@from-queue-0000208f;1	8335121500	3	3	ANSWERED	Queue	1791034730.40164	1791034730.40164
2026-10-03 10:39:08	83988273646	1290	PJSIP/1290-00005bc9		6	0	NO ANSWER	Dial	1791034748.40170	1791034748.40168
2026-10-03 10:39:08	83988273646	1500	Local/1290@from-queue-00002090;1	8335121500	7	7	NO ANSWER	Queue	1791034748.40168	1791034748.40168
2026-10-03 10:40:24	83988273646	1500	Local/1457@from-queue-00002091;1	8335121500	13	13	ANSWERED	Queue	1791034824.40182	1791034824.40182
2026-10-03 10:40:25	83988273646	1457	PJSIP/1457-00005bd5		9	0	ANSWERED	Dial	1791034825.40184	1791034824.40182
2026-10-03 10:40:34	83988273646	1457	PJSIP/1425-00005bd8		4	4	ANSWERED	Dial	1791034825.40184	1791034824.40182
2026-10-03 10:41:04	83991971173	1500	Local/1291@from-queue-00002092;1	8335121500	20	20	NO ANSWER	Queue	1791034864.40190	1791034864.40190
2026-10-03 10:41:05	83991971173	1291	PJSIP/1291-00005bdb		20	0	NO ANSWER	Dial	1791034865.40192	1791034864.40190
2026-10-03 10:41:39	83991971173	1286	PJSIP/1286-00005bdd		5	0	ANSWERED	Dial	1791034899.40196	1791034899.40194
2026-10-03 10:41:39	83991971173	1500	Local/1286@from-queue-00002093;1	8335121500	327	327	ANSWERED	Queue	1791034899.40194	1791034899.40194
2026-10-03 10:41:45	83991971173	1286	PJSIP/1425-00005bde		321	321	ANSWERED	Dial	1791034899.40196	1791034899.40194
2026-10-03 10:47:17	83987150274	1500	Local/1456@from-queue-000020cd;1	8335121500	130	129	ANSWERED	Queue	1791035237.40384	1791035237.40384
2026-10-03 10:47:18	83987150274	1456	PJSIP/1456-00005c27		129	125	ANSWERED	Dial	1791035238.40386	1791035237.40384
2026-10-03 11:07:59	83999529410	1500	Local/1287@from-queue-00002177;1	8335121500	43	43	ANSWERED	Queue	1791036479.40930	1791036479.40930
2026-10-03 11:08:00	83999529410	1287	PJSIP/1287-00005cf5		12	0	ANSWERED	Dial	1791036480.40932	1791036479.40930
2026-10-03 11:08:12	83999529410	1287	PJSIP/1456-00005cfa		31	31	ANSWERED	Dial	1791036480.40932	1791036479.40930
2026-10-03 11:13:13	83921594685	1323	PJSIP/1323-00005d33		114	111	ANSWERED	Dial	1791036793.41052	1791036793.41050
2026-10-03 11:13:13	83921594685	1500	Local/1323@from-queue-00002194;1	8335121500	114	114	ANSWERED	Queue	1791036793.41050	1791036793.41050
2026-10-03 11:37:59	965712780	1500		8335121500	6	6	ANSWERED	Queue	1791038279.41569	1791038279.41569
2026-10-03 11:39:35	83988386857	1500	Local/1426@from-queue-0000223f;1	8335121500	513	513	ANSWERED	Queue	1791038375.41573	1791038375.41573
2026-10-03 11:39:36	83988386857	1426	PJSIP/1426-00005de8		513	510	ANSWERED	Dial	1791038376.41575	1791038375.41573
2026-10-03 11:42:44	1619	1455	PJSIP/1455-00005e05		20	0	NO ANSWER	Dial	1791038564.41606	1791038564.41604
2026-10-03 11:42:44	1619	1500	Local/1455@from-queue-00002240;1		20	20	NO ANSWER	Queue	1791038564.41604	1791038564.41604
2026-10-03 11:43:17	1619	1326	PJSIP/1326-00005e08		23	17	ANSWERED	Dial	1791038597.41611	1791038564.41604
2026-10-03 11:43:17	1619	1500	Local/1326@from-queue-00002241;1		23	23	ANSWERED	Queue	1791038564.41604	1791038564.41604
2026-10-03 12:01:00	83996143431	1500	Local/1291@from-queue-00002280;1	8335121500	44	44	NO ANSWER	Queue	1791039660.41867	1791039660.41867
2026-10-03 12:01:25	83996143431	1291	PJSIP/1291-00005e90		20	0	NO ANSWER	Dial	1791039685.41873	1791039660.41867
2026-10-03 12:01:58	83996143431	1286	PJSIP/1286-00005e93		20	0	NO ANSWER	Dial	1791039718.41878	1791039660.41867
2026-10-03 12:01:58	83996143431	1500	Local/1286@from-queue-00002281;1	8335121500	20	20	NO ANSWER	Queue	1791039660.41867	1791039660.41867
2026-10-03 12:02:31	83996143431	1456	PJSIP/1456-00005e96		20	0	NO ANSWER	Dial	1791039751.41883	1791039660.41867
2026-10-03 12:02:31	83996143431	1500	Local/1456@from-queue-00002282;1	8335121500	20	20	NO ANSWER	Queue	1791039660.41867	1791039660.41867
2026-10-03 12:03:04	83996143431	1287	PJSIP/1287-00005e99		20	0	NO ANSWER	Dial	1791039784.41888	1791039660.41867
2026-10-03 12:03:04	83996143431	1500	Local/1287@from-queue-00002283;1	8335121500	20	20	NO ANSWER	Queue	1791039660.41867	1791039660.41867
2026-10-03 12:03:37	83996143431	1323	PJSIP/1323-00005ea1		117	106	ANSWERED	Dial	1791039817.41898	1791039660.41867
2026-10-03 12:03:37	83996143431	1500	Local/1323@from-queue-00002284;1	8335121500	117	117	ANSWERED	Queue	1791039660.41867	1791039660.41867
2026-10-03 12:23:31	83987066332	1426	PJSIP/1426-00005f20		20	0	NO ANSWER	Dial	1791041011.42093	1791041011.42091
2026-10-03 12:23:31	83987066332	1500	Local/1426@from-queue-000022a6;1	8335121500	20	20	NO ANSWER	Queue	1791041011.42091	1791041011.42091
2026-10-03 12:24:04	83987066332	1455	PJSIP/1455-00005f35		20	0	NO ANSWER	Dial	1791041044.42172	1791041011.42091
2026-10-03 12:24:04	83987066332	1500	Local/1455@from-queue-000022c3;1	8335121500	20	20	NO ANSWER	Queue	1791041011.42091	1791041011.42091
2026-10-03 12:24:37	83987066332	1326	PJSIP/1326-00005f36		20	0	NO ANSWER	Dial	1791041077.42175	1791041011.42091
2026-10-03 12:24:37	83987066332	1500	Local/1326@from-queue-000022c4;1	8335121500	20	20	NO ANSWER	Queue	1791041011.42091	1791041011.42091
2026-10-03 12:25:10	83987066332	1425	PJSIP/1425-00005f39		198	195	ANSWERED	Dial	1791041110.42180	1791041011.42091
2026-10-03 12:25:10	83987066332	1500	Local/1425@from-queue-000022c5;1	8335121500	198	198	ANSWERED	Queue	1791041011.42091	1791041011.42091
2026-10-03 12:44:11	83988115650	1290	PJSIP/1290-00005f83		5	0	NO ANSWER	Dial	1791042251.42256	1791042251.42254
2026-10-03 12:44:11	83988115650	1500	Local/1290@from-queue-000022c6;1	8335121500	6	6	NO ANSWER	Queue	1791042251.42254	1791042251.42254
2026-10-03 12:44:20	996658330	1457	PJSIP/1457-00005f85		16	0	NO ANSWER	Dial	1791042260.42260	1791042260.42258
2026-10-03 12:44:20	996658330	1500	Local/1457@from-queue-000022c7;1	8335121500	17	16	NO ANSWER	Queue	1791042260.42258	1791042260.42258
2026-10-03 12:44:51	91993158666	1291	PJSIP/1291-00005f87		20	0	NO ANSWER	Dial	1791042291.42264	1791042291.42262
2026-10-03 12:44:51	91993158666	1500	Local/1291@from-queue-000022c8;1	8335121500	20	20	NO ANSWER	Queue	1791042291.42262	1791042291.42262
2026-10-03 12:45:24	91993158666	1286	PJSIP/1286-00005f8a		20	0	NO ANSWER	Dial	1791042324.42269	1791042291.42262
2026-10-03 12:45:24	91993158666	1500	Local/1286@from-queue-000022c9;1	8335121500	20	20	NO ANSWER	Queue	1791042291.42262	1791042291.42262
2026-10-03 12:45:57	91993158666	1456	PJSIP/1456-00005f8e		65	62	ANSWERED	Dial	1791042357.42275	1791042291.42262
2026-10-03 12:45:57	91993158666	1500	Local/1456@from-queue-000022ca;1	8335121500	65	65	ANSWERED	Queue	1791042291.42262	1791042291.42262
2026-10-03 12:56:47	8335121560	35121500	PJSIP/Brisa-00005fc2		4	3	ANSWERED	Dial	1791043007.42383	1791043007.42383
2026-10-03 12:56:48	8335121560	1287	PJSIP/1287-00005fc4		3	0	NO ANSWER	Dial	1791043008.42387	1791043008.42385
2026-10-03 12:56:48	8335121560	1500	Local/1287@from-queue-000022e7;1	8335121500	3	3	NO ANSWER	Queue	1791043008.42385	1791043008.42385
2026-10-03 12:59:43	83996928875	1323	PJSIP/1323-00005fce		19	0	ANSWERED	Dial	1791043183.42399	1791043183.42397
2026-10-03 12:59:43	83996928875	1500	Local/1323@from-queue-000022e8;1	8335121500	130	130	ANSWERED	Queue	1791043183.42397	1791043183.42397
2026-10-03 13:00:03	83996928875	1323	PJSIP/1456-00005fcf		111	111	ANSWERED	Dial	1791043183.42399	1791043183.42397
2026-10-03 13:03:56	83991552309	1500	Local/1454@from-queue-00002305;1	8335121500	17	16	ANSWERED	Queue	1791043436.42507	1791043436.42507
2026-10-03 13:03:57	83991552309	1454	PJSIP/1454-00006002		9	0	ANSWERED	Dial	1791043437.42509	1791043436.42507
2026-10-03 13:04:06	83991552309	1454	PJSIP/1456-00006003		7	7	ANSWERED	Dial	1791043437.42509	1791043436.42507
2026-10-03 13:04:14	83987302991	1426	PJSIP/1426-00006005		18	0	ANSWERED	Dial	1791043454.42514	1791043454.42512
2026-10-03 13:04:14	83987302991	1500	Local/1426@from-queue-00002306;1	8335121500	107	107	ANSWERED	Queue	1791043454.42512	1791043454.42512
2026-10-03 13:04:33	83987302991	1426	PJSIP/1326-00006009		88	88	ANSWERED	Dial	1791043454.42514	1791043454.42512
2026-10-03 13:06:04	83988720670	1500	Local/1455@from-queue-00002307;1	8335121500	20	20	NO ANSWER	Queue	1791043564.42526	1791043564.42526
2026-10-03 13:06:05	83988720670	1455	PJSIP/1455-00006011		20	0	NO ANSWER	Dial	1791043565.42528	1791043564.42526
2026-10-03 13:06:37	83988720670	1326	PJSIP/1326-0000601f		3	0	ANSWERED	Dial	1791043597.42550	1791043564.42526
2026-10-03 13:06:37	83988720670	1500	Local/1326@from-queue-0000230b;1	8335121500	106	106	ANSWERED	Queue	1791043564.42526	1791043564.42526
2026-10-03 13:06:41	83988720670	1326	PJSIP/1426-00006020		102	102	ANSWERED	Dial	1791043597.42550	1791043564.42526
2026-10-03 13:08:29	988186615	1500	Local/1425@from-queue-00002312;1	8335121500	110	110	ANSWERED	Queue	1791043709.42599	1791043709.42599
2026-10-03 13:08:30	988186615	1425	PJSIP/1425-00006044		3	0	ANSWERED	Dial	1791043710.42601	1791043709.42599
2026-10-03 13:08:33	988186615	1425	PJSIP/1426-00006045		107	107	ANSWERED	Dial	1791043710.42601	1791043709.42599
2026-10-03 13:10:35	83998128303	1290	PJSIP/1290-00006058		20	0	NO ANSWER	Dial	1791043835.42623	1791043835.42621
2026-10-03 13:10:35	83998128303	1500	Local/1290@from-queue-00002313;1	8335121500	20	20	NO ANSWER	Queue	1791043835.42621	1791043835.42621
2026-10-03 13:11:08	83998128303	1457	PJSIP/1457-0000605c		8	0	ANSWERED	Dial	1791043868.42629	1791043835.42621
2026-10-03 13:11:08	83998128303	1500	Local/1457@from-queue-00002314;1	8335121500	108	108	ANSWERED	Queue	1791043835.42621	1791043835.42621
2026-10-03 13:11:17	83998128303	1457	PJSIP/1454-0000605e		99	99	ANSWERED	Dial	1791043868.42629	1791043835.42621
2026-10-03 13:13:11	83988292288	1291	PJSIP/1291-0000606a		20	0	NO ANSWER	Dial	1791043991.42645	1791043991.42643
2026-10-03 13:13:11	83988292288	1500	Local/1291@from-queue-00002315;1	8335121500	20	20	NO ANSWER	Queue	1791043991.42643	1791043991.42643
2026-10-03 13:13:44	83988292288	1286	PJSIP/1286-0000606c		20	0	NO ANSWER	Dial	1791044024.42649	1791043991.42643
2026-10-03 13:13:44	83988292288	1500	Local/1286@from-queue-00002316;1	8335121500	20	20	NO ANSWER	Queue	1791043991.42643	1791043991.42643
2026-10-03 13:14:17	83988292288	1456	PJSIP/1456-00006071		20	0	NO ANSWER	Dial	1791044057.42656	1791043991.42643
2026-10-03 13:14:17	83988292288	1500	Local/1456@from-queue-00002317;1	8335121500	20	20	NO ANSWER	Queue	1791043991.42643	1791043991.42643
2026-10-03 13:14:50	83988292288	1287	PJSIP/1287-00006075		20	0	NO ANSWER	Dial	1791044090.42662	1791043991.42643
2026-10-03 13:14:50	83988292288	1500	Local/1287@from-queue-00002318;1	8335121500	20	20	NO ANSWER	Queue	1791043991.42643	1791043991.42643
2026-10-03 13:15:23	83988292288	1323	PJSIP/1323-00006078		20	0	NO ANSWER	Dial	1791044123.42667	1791043991.42643
2026-10-03 13:15:23	83988292288	1500	Local/1323@from-queue-00002319;1	8335121500	20	20	NO ANSWER	Queue	1791043991.42643	1791043991.42643
2026-10-03 13:15:56	83988292288	1454	PJSIP/1454-00006079		97	92	ANSWERED	Dial	1791044156.42670	1791043991.42643
2026-10-03 13:15:56	83988292288	1500	Local/1454@from-queue-0000231a;1	8335121500	97	97	ANSWERED	Queue	1791043991.42643	1791043991.42643
2026-10-03 13:20:50	83998375874	1500	Local/1426@from-queue-0000231b;1	8335121500	68	68	ANSWERED	Queue	1791044450.42686	1791044450.42686
2026-10-03 13:20:51	83998375874	1426	PJSIP/1426-00006089		68	64	ANSWERED	Dial	1791044451.42688	1791044450.42686
2026-10-03 13:22:37	998214054	1455	PJSIP/1455-000060a1		20	0	NO ANSWER	Dial	1791044557.42714	1791044557.42712
2026-10-03 13:22:37	998214054	1500	Local/1455@from-queue-0000231c;1	8335121500	20	20	NO ANSWER	Queue	1791044557.42712	1791044557.42712
2026-10-03 13:23:10	998214054	1326	PJSIP/1326-000060a2		62	60	ANSWERED	Dial	1791044590.42717	1791044557.42712
2026-10-03 13:23:10	998214054	1500	Local/1326@from-queue-0000231d;1	8335121500	62	62	ANSWERED	Queue	1791044557.42712	1791044557.42712
2026-10-03 13:24:42	83988360806	1500	Local/1425@from-queue-0000231e;1	8335121500	1	1	NO ANSWER	Queue	1791044682.42724	1791044682.42724
2026-10-03 13:24:43	83988360806	1425	PJSIP/1425-000060a9		1	0	NO ANSWER	Dial	1791044683.42726	1791044682.42724
2026-10-03 13:24:48	83988070158	1500	Local/1290@from-queue-0000231f;1	8335121500	235	235	ANSWERED	Queue	1791044688.42728	1791044688.42728
2026-10-03 13:24:49	83988070158	1290	PJSIP/1290-000060ab		3	0	ANSWERED	Dial	1791044689.42730	1791044688.42728
2026-10-03 13:24:52	83988070158	1290	PJSIP/1426-000060ac		232	232	ANSWERED	Dial	1791044689.42730	1791044688.42728
2026-10-03 13:29:00	996056021	1457	PJSIP/1457-000060bc		93	88	ANSWERED	Dial	1791044940.42751	1791044940.42749
2026-10-03 13:29:00	996056021	1500	Local/1457@from-queue-00002321;1	8335121500	94	94	ANSWERED	Queue	1791044940.42749	1791044940.42749
2026-10-03 13:31:15	83999835285	1291	PJSIP/1291-000060c5		20	0	NO ANSWER	Dial	1791045075.42762	1791045075.42760
2026-10-03 13:31:15	83999835285	1500	Local/1291@from-queue-00002322;1	8335121500	20	20	NO ANSWER	Queue	1791045075.42760	1791045075.42760
2026-10-03 13:31:48	83999835285	1286	PJSIP/1286-000060cb		20	0	NO ANSWER	Dial	1791045108.42770	1791045075.42760
2026-10-03 13:31:48	83999835285	1500	Local/1286@from-queue-00002323;1	8335121500	20	20	NO ANSWER	Queue	1791045075.42760	1791045075.42760
2026-10-03 13:32:21	83999835285	1456	PJSIP/1456-000060cc		18	0	ANSWERED	Dial	1791045141.42773	1791045075.42760
2026-10-03 13:32:21	83999835285	1500	Local/1456@from-queue-00002324;1	8335121500	126	126	ANSWERED	Queue	1791045075.42760	1791045075.42760
2026-10-03 13:32:40	83999835285	1456	PJSIP/1326-000060cd		107	107	ANSWERED	Dial	1791045141.42773	1791045075.42760
2026-10-03 13:35:14	998301877	1500	Local/1287@from-queue-00002325;1	8335121500	19	19	NO ANSWER	Queue	1791045314.42790	1791045314.42790
2026-10-03 13:35:15	998301877	1287	PJSIP/1287-000060dd		19	0	NO ANSWER	Dial	1791045315.42792	1791045314.42790
2026-10-03 13:35:56	999663033	1323	PJSIP/1323-000060e3		128	122	ANSWERED	Dial	1791045356.42800	1791045356.42796
2026-10-03 13:35:56	999663033	1500	Local/1323@from-queue-00002326;1	8335121500	128	128	ANSWERED	Queue	1791045356.42796	1791045356.42796
2026-10-03 13:38:46	83993939779	1454	PJSIP/1454-000060e8		211	205	ANSWERED	Dial	1791045526.42807	1791045526.42805
2026-10-03 13:38:46	83993939779	1500	Local/1454@from-queue-00002327;1	8335121500	211	211	ANSWERED	Queue	1791045526.42805	1791045526.42805
2026-10-03 13:44:12	83987137489	1426	PJSIP/1426-00006104		149	147	ANSWERED	Dial	1791045852.42837	1791045852.42835
2026-10-03 13:44:12	83987137489	1500	Local/1426@from-queue-00002328;1	8335121500	149	149	ANSWERED	Queue	1791045852.42835	1791045852.42835
2026-10-03 13:50:19	83988899990	1455	PJSIP/1455-00006122		20	0	NO ANSWER	Dial	1791046219.42869	1791046219.42867
2026-10-03 13:50:19	83988899990	1500	Local/1455@from-queue-00002329;1	8335121500	20	20	NO ANSWER	Queue	1791046219.42867	1791046219.42867
2026-10-03 13:50:52	83988899990	1326	PJSIP/1326-00006125		97	93	ANSWERED	Dial	1791046252.42874	1791046219.42867
2026-10-03 13:50:52	83988899990	1500	Local/1326@from-queue-0000232a;1	8335121500	97	97	ANSWERED	Queue	1791046219.42867	1791046219.42867
2026-10-03 13:52:42	83987137489	1425	PJSIP/1425-0000613d		106	104	ANSWERED	Dial	1791046362.42900	1791046362.42898
2026-10-03 13:52:42	83987137489	1500	Local/1425@from-queue-0000232b;1	8335121500	106	106	ANSWERED	Queue	1791046362.42898	1791046362.42898
2026-10-03 13:54:40	83986615490	1500	Local/1290@from-queue-0000232c;1	8335121500	20	20	NO ANSWER	Queue	1791046480.42909	1791046480.42909
2026-10-03 13:54:41	83986615490	1290	PJSIP/1290-00006146		20	0	NO ANSWER	Dial	1791046481.42911	1791046480.42909
2026-10-03 13:55:14	83986615490	1457	PJSIP/1457-00006149		96	94	ANSWERED	Dial	1791046514.42916	1791046480.42909
2026-10-03 13:55:14	83986615490	1500	Local/1457@from-queue-0000232d;1	8335121500	96	96	ANSWERED	Queue	1791046480.42909	1791046480.42909
2026-10-03 14:00:48	83986787009	1291	PJSIP/1291-0000617a		8	0	NO ANSWER	Dial	1791046848.43023	1791046848.43021
2026-10-03 14:00:48	83986787009	1500	Local/1291@from-queue-0000234a;1	8335121500	9	9	NO ANSWER	Queue	1791046848.43021	1791046848.43021
2026-10-03 14:02:04	83988556569	1500	Local/1286@from-queue-0000234b;1	8335121500	20	20	NO ANSWER	Queue	1791046924.43035	1791046924.43035
2026-10-03 14:02:05	83988556569	1286	PJSIP/1286-00006186		20	0	NO ANSWER	Dial	1791046925.43037	1791046924.43035
2026-10-03 14:02:38	83988556569	1456	PJSIP/1456-0000618f		128	119	ANSWERED	Dial	1791046958.43048	1791046924.43035
2026-10-03 14:02:38	83988556569	1500	Local/1456@from-queue-0000234c;1	8335121500	128	128	ANSWERED	Queue	1791046924.43035	1791046924.43035
2026-10-03 14:05:20	83999879538	1287	PJSIP/1287-000061a7		11	0	ANSWERED	Dial	1791047120.43074	1791047120.43072
2026-10-03 14:05:20	83999879538	1500	Local/1287@from-queue-0000234d;1	8335121500	167	167	ANSWERED	Queue	1791047120.43072	1791047120.43072
2026-10-03 14:05:31	83999879538	1287	PJSIP/1456-000061a8		156	156	ANSWERED	Dial	1791047120.43074	1791047120.43072
2026-10-03 14:09:56	83986298076	1500	Local/1323@from-queue-0000234e;1	8335121500	10	10	ANSWERED	Queue	1791047396.43088	1791047396.43088
2026-10-03 14:09:57	83986298076	1323	PJSIP/1323-000061b5		9	3	ANSWERED	Dial	1791047397.43090	1791047396.43088
2026-10-03 14:27:47	83988038449	1454	PJSIP/1454-00006237		160	157	ANSWERED	Dial	1791048467.43390	1791048467.43388
2026-10-03 14:27:47	83988038449	1500	Local/1454@from-queue-000023a3;1	8335121500	161	160	ANSWERED	Queue	1791048467.43388	1791048467.43388
2026-10-03 14:33:16	83987460549	1426	PJSIP/1426-00006258		20	0	NO ANSWER	Dial	1791048796.43425	1791048796.43423
2026-10-03 14:33:16	83987460549	1500	Local/1426@from-queue-000023a4;1	8335121500	20	20	NO ANSWER	Queue	1791048796.43423	1791048796.43423
2026-10-03 14:33:49	83987460549	1455	PJSIP/1455-0000625d		20	0	NO ANSWER	Dial	1791048829.43432	1791048796.43423
2026-10-03 14:33:49	83987460549	1500	Local/1455@from-queue-000023a5;1	8335121500	20	20	NO ANSWER	Queue	1791048796.43423	1791048796.43423
2026-10-03 14:34:22	83987460549	1326	PJSIP/1326-0000625e		188	185	ANSWERED	Dial	1791048862.43435	1791048796.43423
2026-10-03 14:34:22	83987460549	1500	Local/1326@from-queue-000023a6;1	8335121500	188	188	ANSWERED	Queue	1791048796.43423	1791048796.43423
2026-10-03 14:43:28	999121251	1500	Local/1425@from-queue-000023df;1	8335121500	31	31	ANSWERED	Queue	1791049408.43610	1791049408.43610
2026-10-03 14:43:29	999121251	1425	PJSIP/1425-0000629d		3	0	ANSWERED	Dial	1791049409.43612	1791049408.43610
2026-10-03 14:43:32	999121251	1425	PJSIP/1426-000062a0		27	27	ANSWERED	Dial	1791049409.43612	1791049408.43610
2026-10-03 14:44:42	982867779	1290	PJSIP/1290-000062a2		20	0	NO ANSWER	Dial	1791049482.43619	1791049482.43617
2026-10-03 14:44:42	982867779	1500	Local/1290@from-queue-000023e0;1	8335121500	20	20	NO ANSWER	Queue	1791049482.43617	1791049482.43617
2026-10-03 14:45:15	982867779	1457	PJSIP/1457-000062a5		79	77	ANSWERED	Dial	1791049515.43624	1791049482.43617
2026-10-03 14:45:15	982867779	1500	Local/1457@from-queue-000023e1;1	8335121500	79	79	ANSWERED	Queue	1791049482.43617	1791049482.43617
2026-10-03 14:51:18	83998218000	1291	PJSIP/1291-000062c8		4	0	NO ANSWER	Dial	1791049878.43665	1791049878.43663
2026-10-03 14:51:18	83998218000	1500	Local/1291@from-queue-000023e4;1	8335121500	4	4	NO ANSWER	Queue	1791049878.43663	1791049878.43663
2026-10-03 14:56:48	1573	1287	PJSIP/1287-000062f7		20	0	NO ANSWER	Dial	1791050208.43782	1791050208.43780
2026-10-03 14:56:48	1573	1500	Local/1287@from-queue-00002407;1		20	20	NO ANSWER	Queue	1791050208.43780	1791050208.43780
2026-10-03 15:02:50	83988439248	1500	Local/1323@from-queue-00002440;1	8335121500	85	85	ANSWERED	Queue	1791050570.43958	1791050570.43958
2026-10-03 15:02:51	83988439248	1323	PJSIP/1323-00006337		85	80	ANSWERED	Dial	1791050571.43960	1791050570.43958
2026-10-03 15:05:00	83999560983	1454	PJSIP/1454-00006344		9	0	ANSWERED	Dial	1791050700.43975	1791050700.43973
2026-10-03 15:05:00	83999560983	1500	Local/1454@from-queue-00002441;1	8335121500	63	63	ANSWERED	Queue	1791050700.43973	1791050700.43973
2026-10-03 15:05:09	83999560983	1454	PJSIP/1456-00006345		54	54	ANSWERED	Dial	1791050700.43975	1791050700.43973
2026-10-03 15:07:28	83988300094	1426	PJSIP/1426-0000634f		90	88	ANSWERED	Dial	1791050848.43988	1791050848.43986
2026-10-03 15:07:28	83988300094	1500	Local/1426@from-queue-00002442;1	8335121500	90	90	ANSWERED	Queue	1791050848.43986	1791050848.43986
2026-10-03 15:09:28	8331856925	1425	PJSIP/1425-00006365		20	0	NO ANSWER	Dial	1791050968.44072	1791050968.44070
2026-10-03 15:09:28	8331856925	1500	Local/1425@from-queue-00002461;1	8335121500	20	20	NO ANSWER	Queue	1791050968.44070	1791050968.44070
2026-10-03 15:10:01	8331856925	1290	PJSIP/1290-00006366		20	0	NO ANSWER	Dial	1791051001.44075	1791050968.44070
2026-10-03 15:10:01	8331856925	1500	Local/1290@from-queue-00002462;1	8335121500	20	20	NO ANSWER	Queue	1791050968.44070	1791050968.44070
2026-10-03 15:10:34	8331856925	1457	PJSIP/1457-00006367		20	0	NO ANSWER	Dial	1791051034.44078	1791050968.44070
2026-10-03 15:10:34	8331856925	1500	Local/1457@from-queue-00002463;1	8335121500	20	20	NO ANSWER	Queue	1791050968.44070	1791050968.44070
2026-10-03 15:11:07	8331856925	1291	PJSIP/1291-0000636e		20	0	NO ANSWER	Dial	1791051067.44087	1791050968.44070
2026-10-03 15:11:07	8331856925	1500	Local/1291@from-queue-00002464;1	8335121500	20	20	NO ANSWER	Queue	1791050968.44070	1791050968.44070
2026-10-03 15:11:40	8331856925	1286	PJSIP/1286-00006371		20	0	NO ANSWER	Dial	1791051100.44092	1791050968.44070
2026-10-03 15:11:40	8331856925	1500	Local/1286@from-queue-00002465;1	8335121500	20	20	NO ANSWER	Queue	1791050968.44070	1791050968.44070
2026-10-03 15:12:13	8331856925	1456	PJSIP/1456-00006376		165	162	ANSWERED	Dial	1791051133.44099	1791050968.44070
2026-10-03 15:12:13	8331856925	1500	Local/1456@from-queue-00002466;1	8335121500	165	165	ANSWERED	Queue	1791050968.44070	1791050968.44070
2026-10-03 15:17:59	83982312030	1287	PJSIP/1287-00006385		8	0	ANSWERED	Dial	1791051479.44116	1791051479.44114
2026-10-03 15:17:59	83982312030	1500	Local/1287@from-queue-00002467;1	8335121500	118	118	ANSWERED	Queue	1791051479.44114	1791051479.44114
2026-10-03 15:18:08	83982312030	1287	PJSIP/1456-00006386		109	109	ANSWERED	Dial	1791051479.44116	1791051479.44114
2026-10-03 15:20:11	83982331634	1323	PJSIP/1323-00006391		358	349	ANSWERED	Dial	1791051611.44132	1791051611.44130
2026-10-03 15:20:11	83982331634	1500	Local/1323@from-queue-00002469;1	8335121500	358	358	ANSWERED	Queue	1791051611.44130	1791051611.44130
2026-10-03 15:41:06	83996190148	1500	Local/1454@from-queue-00002486;1	8335121500	116	116	ANSWERED	Queue	1791052866.44276	1791052866.44276
2026-10-03 15:41:07	83996190148	1454	PJSIP/1454-000063e9		116	113	ANSWERED	Dial	1791052867.44278	1791052866.44276
2026-10-03 15:47:53	83988726572	1500	Local/1426@from-queue-00002487;1	8335121500	51	50	ANSWERED	Queue	1791053273.44292	1791053273.44292
2026-10-03 15:47:54	83988726572	1426	PJSIP/1426-000063f7		50	48	ANSWERED	Dial	1791053274.44294	1791053273.44292
2026-10-03 15:54:54	999846158	1500	Local/1455@from-queue-000024f8;1	8335121500	18	17	NO ANSWER	Queue	1791053694.44604	1791053694.44604
2026-10-03 15:54:55	999846158	1455	PJSIP/1455-0000644d		17	0	NO ANSWER	Dial	1791053695.44606	1791053694.44604
2026-10-03 16:01:47	83991666453	1326	PJSIP/1326-00006467		130	120	ANSWERED	Dial	1791054107.44636	1791054107.44634
2026-10-03 16:01:47	83991666453	1500	Local/1326@from-queue-000024fa;1	8335121500	131	131	ANSWERED	Queue	1791054107.44634	1791054107.44634
2026-10-03 16:09:43	88988258482	1500	Local/1425@from-queue-000024fb;1	8335121500	197	197	ANSWERED	Queue	1791054583.44671	1791054583.44671
2026-10-03 16:09:44	88988258482	1425	PJSIP/1425-0000648a		197	193	ANSWERED	Dial	1791054584.44673	1791054583.44671
2026-10-03 16:25:30	83991666453	1290	PJSIP/1290-000064c0		20	0	NO ANSWER	Dial	1791055530.44785	1791055530.44783
2026-10-03 16:25:30	83991666453	1500	Local/1290@from-queue-00002518;1	8335121500	20	20	NO ANSWER	Queue	1791055530.44783	1791055530.44783
2026-10-03 16:26:03	83991666453	1457	PJSIP/1457-000064c1		79	74	ANSWERED	Dial	1791055563.44788	1791055530.44783
2026-10-03 16:26:03	83991666453	1500	Local/1457@from-queue-00002519;1	8335121500	79	79	ANSWERED	Queue	1791055530.44783	1791055530.44783
2026-10-03 16:29:23	999916625	1291	PJSIP/1291-000064d2		2	0	BUSY	Dial	1791055763.44863	1791055763.44861
2026-10-03 16:29:23	999916625	1500	Local/1291@from-queue-00002536;1	8335121500	3	3	BUSY	Queue	1791055763.44861	1791055763.44861
2026-10-03 16:29:26	999916625	1286	PJSIP/1286-000064d3		6	0	NO ANSWER	Dial	1791055766.44866	1791055763.44861
2026-10-03 16:29:26	999916625	1500	Local/1286@from-queue-00002537;1	8335121500	6	6	NO ANSWER	Queue	1791055763.44861	1791055763.44861
2026-10-03 16:35:52	83988111709	1456	PJSIP/1456-000064f8		81	72	ANSWERED	Dial	1791056152.44961	1791056152.44959
2026-10-03 16:35:52	83988111709	1500	Local/1456@from-queue-00002554;1	8335121500	81	81	ANSWERED	Queue	1791056152.44959	1791056152.44959
2026-10-03 16:46:08	83998016966	1500	Local/1287@from-queue-00002555;1	8335121500	209	208	ANSWERED	Queue	1791056768.45045	1791056768.45045
2026-10-03 16:46:09	83998016966	1287	PJSIP/1287-0000654c		19	0	ANSWERED	Dial	1791056769.45047	1791056768.45045
2026-10-03 16:46:28	83998016966	1287	PJSIP/1454-0000654f		189	189	ANSWERED	Dial	1791056769.45047	1791056768.45045
2026-10-03 16:50:31	83986934140	1323	PJSIP/1323-0000655d		7	0	ANSWERED	Dial	1791057031.45066	1791057031.45064
2026-10-03 16:50:31	83986934140	1500	Local/1323@from-queue-00002556;1	8335121500	30	30	ANSWERED	Queue	1791057031.45064	1791057031.45064
2026-10-03 16:50:39	83986934140	1323	PJSIP/1454-0000655e		22	22	ANSWERED	Dial	1791057031.45066	1791057031.45064
2026-10-03 17:09:46	83987062025	1454	PJSIP/1454-000065a0		20	0	NO ANSWER	Dial	1791058186.45135	1791058186.45133
2026-10-03 17:09:46	83987062025	1500	Local/1454@from-queue-00002557;1	8335121500	20	20	NO ANSWER	Queue	1791058186.45133	1791058186.45133
2026-10-03 17:10:19	83987062025	1426	PJSIP/1426-000065a7		86	83	ANSWERED	Dial	1791058219.45144	1791058186.45133
2026-10-03 17:10:19	83987062025	1500	Local/1426@from-queue-00002558;1	8335121500	86	86	ANSWERED	Queue	1791058186.45133	1791058186.45133
2026-10-03 17:12:00	83988925789	1455	PJSIP/1455-000065ad		20	0	NO ANSWER	Dial	1791058320.45152	1791058320.45150
2026-10-03 17:12:00	83988925789	1500	Local/1455@from-queue-00002559;1	8335121500	20	20	NO ANSWER	Queue	1791058320.45150	1791058320.45150
2026-10-03 17:12:33	83988925789	1326	PJSIP/1326-000065ae		64	61	ANSWERED	Dial	1791058353.45155	1791058320.45150
2026-10-03 17:12:33	83988925789	1500	Local/1326@from-queue-0000255a;1	8335121500	64	64	ANSWERED	Queue	1791058320.45150	1791058320.45150
2026-10-03 17:29:20	83988920775	1425	PJSIP/1425-00006614		112	109	ANSWERED	Dial	1791059360.45371	1791059360.45369
2026-10-03 17:29:20	83988920775	1500	Local/1425@from-queue-00002593;1	8335121500	112	112	ANSWERED	Queue	1791059360.45369	1791059360.45369
2026-10-03 17:34:44	83988978973	1290	PJSIP/1290-0000662f		20	0	NO ANSWER	Dial	1791059684.45456	1791059684.45454
2026-10-03 17:34:44	83988978973	1500	Local/1290@from-queue-000025b0;1	8335121500	20	20	NO ANSWER	Queue	1791059684.45454	1791059684.45454
2026-10-03 17:35:17	83988978973	1457	PJSIP/1457-00006630		17	0	ANSWERED	Dial	1791059717.45459	1791059684.45454
2026-10-03 17:35:17	83988978973	1500	Local/1457@from-queue-000025b1;1	8335121500	114	114	ANSWERED	Queue	1791059684.45454	1791059684.45454
2026-10-03 17:35:34	83988978973	1457	PJSIP/1325-00006631		97	97	ANSWERED	Dial	1791059717.45459	1791059684.45454
2026-10-03 17:42:48	83998274526	1291	PJSIP/1291-0000663b		4	0	BUSY	Dial	1791060168.45472	1791060168.45470
2026-10-03 17:42:48	83998274526	1500	Local/1291@from-queue-000025b2;1	8335121500	4	4	BUSY	Queue	1791060168.45470	1791060168.45470
2026-10-03 17:42:53	83998274526	1286	PJSIP/1286-0000663c		6	0	NO ANSWER	Dial	1791060173.45475	1791060168.45470
2026-10-03 17:42:53	83998274526	1500	Local/1286@from-queue-000025b3;1	8335121500	6	6	NO ANSWER	Queue	1791060168.45470	1791060168.45470
2026-10-03 19:00:06	999524253	1456	PJSIP/1456-000066da		4	0	NO ANSWER	Dial	1791064806.45807	1791064806.45805
2026-10-03 19:00:06	999524253	1500	Local/1456@from-queue-0000260a;1	8335121500	5	5	NO ANSWER	Queue	1791064806.45805	1791064806.45805
2026-10-03 19:02:21	83993055515	1287	PJSIP/1287-000066de		140	134	ANSWERED	Dial	1791064941.45813	1791064941.45811
2026-10-03 19:02:21	83993055515	1500	Local/1287@from-queue-0000260b;1	8335121500	141	140	ANSWERED	Queue	1791064941.45811	1791064941.45811
2026-10-03 19:06:55	83988765715	1323	PJSIP/1323-000066ef		5	0	ANSWERED	Dial	1791065215.45834	1791065215.45832
2026-10-03 19:06:55	83988765715	1500	Local/1323@from-queue-0000260d;1	8335121500	109	109	ANSWERED	Queue	1791065215.45832	1791065215.45832
2026-10-03 19:07:01	83988765715	1323	PJSIP/1456-000066f0		104	104	ANSWERED	Dial	1791065215.45834	1791065215.45832
2026-10-03 19:39:11	83994119282	1454	PJSIP/1454-000066ff		20	0	NO ANSWER	Dial	1791067151.45852	1791067151.45850
2026-10-03 19:39:11	83994119282	1500	Local/1454@from-queue-0000260e;1	8335121500	20	20	NO ANSWER	Queue	1791067151.45850	1791067151.45850
2026-10-03 19:39:44	83994119282	1426	PJSIP/1426-00006700		20	0	NO ANSWER	Dial	1791067184.45855	1791067151.45850
2026-10-03 19:39:44	83994119282	1500	Local/1426@from-queue-0000260f;1	8335121500	20	20	NO ANSWER	Queue	1791067151.45850	1791067151.45850
2026-10-03 19:40:17	83994119282	1455	PJSIP/1455-00006701		20	0	NO ANSWER	Dial	1791067217.45858	1791067151.45850
2026-10-03 19:40:17	83994119282	1500	Local/1455@from-queue-00002610;1	8335121500	20	20	NO ANSWER	Queue	1791067151.45850	1791067151.45850
2026-10-03 19:40:50	83994119282	1326	PJSIP/1326-00006702		20	0	NO ANSWER	Dial	1791067250.45861	1791067151.45850
2026-10-03 19:40:50	83994119282	1500	Local/1326@from-queue-00002611;1	8335121500	20	20	NO ANSWER	Queue	1791067151.45850	1791067151.45850
2026-10-03 19:41:22	83994119282	1425	PJSIP/1425-00006703		4	0	ANSWERED	Dial	1791067282.45864	1791067151.45850
2026-10-03 19:41:22	83994119282	1500	Local/1425@from-queue-00002612;1	8335121500	75	75	ANSWERED	Queue	1791067151.45850	1791067151.45850
2026-10-03 19:41:27	83994119282	1425	PJSIP/1456-00006704		71	71	ANSWERED	Dial	1791067282.45864	1791067151.45850
2026-10-03 20:06:14	83991758788	1290	PJSIP/1290-0000670e		12	0	NO ANSWER	Dial	1791068774.45877	1791068774.45875
2026-10-03 20:06:14	83991758788	1500	Local/1290@from-queue-00002613;1	8335121500	13	12	NO ANSWER	Queue	1791068774.45875	1791068774.45875
2026-10-03 20:35:22	83998570443	1500	Local/1457@from-queue-00002614;1	8335121500	20	20	NO ANSWER	Queue	1791070522.45903	1791070522.45903
2026-10-03 20:35:23	83998570443	1457	PJSIP/1457-00006728		20	0	NO ANSWER	Dial	1791070523.45905	1791070522.45903
2026-10-03 21:21:16	83988904458	1291	PJSIP/1291-0000672f		20	0	NO ANSWER	Dial	1791073276.45914	1791073276.45912
2026-10-03 21:21:16	83988904458	1500	Local/1291@from-queue-00002615;1	8335121500	20	20	NO ANSWER	Queue	1791073276.45912	1791073276.45912
2026-10-04 06:07:48	83988219095	1500	Local/1286@from-queue-00002632;1	8335121500	3	3	NO ANSWER	Queue	1791104868.46018	1791104868.46018
2026-10-04 06:07:49	83988219095	1286	PJSIP/1286-0000675f		3	0	NO ANSWER	Dial	1791104869.46020	1791104868.46018
2026-10-04 06:37:08	83999979835	1500	Local/1456@from-queue-00002633;1	8335121500	8	8	ANSWERED	Queue	1791106628.46069	1791106628.46069
2026-10-04 06:37:09	83999979835	1456	PJSIP/1456-00006790		7	5	ANSWERED	Dial	1791106629.46071	1791106628.46069
2026-10-04 06:38:14	83988689794	1287	PJSIP/1287-00006792		68	63	ANSWERED	Dial	1791106694.46075	1791106694.46073
2026-10-04 06:38:14	83988689794	1500	Local/1287@from-queue-00002634;1	8335121500	68	68	ANSWERED	Queue	1791106694.46073	1791106694.46073
2026-10-04 06:39:30	83998287515	1323	PJSIP/1323-00006794		154	149	ANSWERED	Dial	1791106770.46079	1791106770.46077
2026-10-04 06:39:30	83998287515	1500	Local/1323@from-queue-00002635;1	8335121500	154	154	ANSWERED	Queue	1791106770.46077	1791106770.46077
2026-10-04 06:49:02	83988526194	1454	PJSIP/1454-000067b7		8	0	ANSWERED	Dial	1791107342.46172	1791107342.46170
2026-10-04 06:49:02	83988526194	1500	Local/1454@from-queue-00002652;1	8335121500	68	68	ANSWERED	Queue	1791107342.46170	1791107342.46170
2026-10-04 06:49:10	83988526194	1454	PJSIP/1456-000067b8		59	59	ANSWERED	Dial	1791107342.46172	1791107342.46170
2026-10-04 06:50:23	83988113934	1500	Local/1426@from-queue-00002653;1	8335121500	20	20	NO ANSWER	Queue	1791107423.46177	1791107423.46177
2026-10-04 06:50:24	83988113934	1426	PJSIP/1426-000067bc		20	0	NO ANSWER	Dial	1791107424.46179	1791107423.46177
2026-10-04 06:50:57	83988113934	1455	PJSIP/1455-000067bd		20	0	NO ANSWER	Dial	1791107457.46182	1791107423.46177
2026-10-04 06:50:57	83988113934	1500	Local/1455@from-queue-00002654;1	8335121500	20	20	NO ANSWER	Queue	1791107423.46177	1791107423.46177
2026-10-04 06:51:30	83988113934	1326	PJSIP/1326-000067be		20	0	NO ANSWER	Dial	1791107490.46185	1791107423.46177
2026-10-04 06:51:30	83988113934	1500	Local/1326@from-queue-00002655;1	8335121500	20	20	NO ANSWER	Queue	1791107423.46177	1791107423.46177
2026-10-04 06:52:03	83988113934	1425	PJSIP/1425-000067bf		3	0	NO ANSWER	Dial	1791107523.46188	1791107423.46177
2026-10-04 06:52:03	83988113934	1500	Local/1425@from-queue-00002656;1	8335121500	3	3	NO ANSWER	Queue	1791107423.46177	1791107423.46177
2026-10-04 06:53:50	83987070628	1290	PJSIP/1290-000067c3		20	0	NO ANSWER	Dial	1791107630.46194	1791107630.46192
2026-10-04 06:53:50	83987070628	1500	Local/1290@from-queue-00002657;1	8335121500	20	20	NO ANSWER	Queue	1791107630.46192	1791107630.46192
2026-10-04 06:54:23	83987070628	1457	PJSIP/1457-000067c6		18	0	ANSWERED	Dial	1791107663.46199	1791107630.46192
2026-10-04 06:54:23	83987070628	1500	Local/1457@from-queue-00002658;1	8335121500	139	139	ANSWERED	Queue	1791107630.46192	1791107630.46192
2026-10-04 06:54:41	83987070628	1457	PJSIP/1456-000067c8		121	121	ANSWERED	Dial	1791107663.46199	1791107630.46192
2026-10-04 06:58:12	83988113934	1291	PJSIP/1291-000067d8		68	62	ANSWERED	Dial	1791107892.46219	1791107892.46217
2026-10-04 06:58:12	83988113934	1500	Local/1291@from-queue-00002659;1	8335121500	140	140	ANSWERED	Queue	1791107892.46217	1791107892.46217
2026-10-04 06:59:21	1291	s	Local/1507@from-internal-xfer-0000265a;1		4	4	ANSWERED	ExecIf	1791107892.46220	1791107892.46217
2026-10-04 06:59:21	1291	1507	PJSIP/1507-000067e1		3	0	NO ANSWER	Dial	1791107961.46230	1791107892.46217
2026-10-04 06:59:21	83988113934	1507	PJSIP/1507-000067e2		4	1	ANSWERED	Dial	1791107961.46230	1791107892.46217
2026-10-04 06:59:21	1291	1507	PJSIP/1507-000067e3		0	0	NO ANSWER	Dial	1791107961.46230	1791107892.46217
2026-10-04 06:59:21	83988113934	1291	Local/1507@from-internal-xfer-0000265a;1		4	4	ANSWERED	Dial	1791107892.46219	1791107892.46217
2026-10-04 06:59:26	1507	1507			0	0	ANSWERED		1791107961.46229	1791107892.46217
2026-10-04 06:59:26	83988113934	1291	PJSIP/1507-000067e2		65	65	ANSWERED	Dial	1791107892.46219	1791107892.46217
2026-10-04 07:00:38	83988113934	1286	PJSIP/1286-000067e5		20	0	NO ANSWER	Dial	1791108038.46236	1791108038.46234
2026-10-04 07:00:38	83988113934	1500	Local/1286@from-queue-0000265b;1	8335121500	20	20	NO ANSWER	Queue	1791108038.46234	1791108038.46234
2026-10-04 07:01:11	83988113934	1456	PJSIP/1456-000067e6		121	119	ANSWERED	Dial	1791108071.46239	1791108038.46234
2026-10-04 07:01:11	83988113934	1500	Local/1456@from-queue-0000265c;1	8335121500	121	121	ANSWERED	Queue	1791108038.46234	1791108038.46234
2026-10-04 07:06:00	83993995850	1500	Local/1287@from-queue-0000265d;1	8335121500	179	179	ANSWERED	Queue	1791108360.46249	1791108360.46249
2026-10-04 07:06:01	83993995850	1287	PJSIP/1287-000067f0		10	0	ANSWERED	Dial	1791108361.46251	1791108360.46249
2026-10-04 07:06:11	83993995850	1287	PJSIP/1456-000067f6		168	168	ANSWERED	Dial	1791108361.46251	1791108360.46249
2026-10-04 07:21:04	83981742657	1500	Local/1323@from-queue-0000267a;1	8335121500	109	109	ANSWERED	Queue	1791109264.46426	1791109264.46426
2026-10-04 07:21:05	83981742657	1323	PJSIP/1323-00006867		5	0	ANSWERED	Dial	1791109265.46428	1791109264.46426
2026-10-04 07:21:10	83981742657	1323	PJSIP/1454-00006868		103	103	ANSWERED	Dial	1791109265.46428	1791109264.46426
2026-10-04 07:23:21	83999710068	1454	PJSIP/1454-0000687b		159	154	ANSWERED	Dial	1791109401.46450	1791109401.46448
2026-10-04 07:23:21	83999710068	1500	Local/1454@from-queue-0000267b;1	8335121500	159	159	ANSWERED	Queue	1791109401.46448	1791109401.46448
2026-10-04 07:27:24	83999191180	1426	PJSIP/1426-000068e7		57	49	ANSWERED	Dial	1791109644.46784	1791109644.46782
2026-10-04 07:27:24	83999191180	1500	Local/1426@from-queue-000026ec;1	8335121500	58	57	ANSWERED	Queue	1791109644.46782	1791109644.46782
2026-10-04 07:28:25	83998223336	1500	Local/1455@from-queue-00002709;1	8335121500	20	20	NO ANSWER	Queue	1791109705.46872	1791109705.46872
2026-10-04 07:28:26	83998223336	1455	PJSIP/1455-00006907		20	0	NO ANSWER	Dial	1791109706.46874	1791109705.46872
2026-10-04 07:28:59	83998223336	1326	PJSIP/1326-0000690b		101	98	ANSWERED	Dial	1791109739.46880	1791109705.46872
2026-10-04 07:28:59	83998223336	1500	Local/1326@from-queue-0000270a;1	8335121500	101	101	ANSWERED	Queue	1791109705.46872	1791109705.46872
2026-10-04 07:31:23	83988340196	1425	PJSIP/1425-00006916		20	0	NO ANSWER	Dial	1791109883.46893	1791109883.46891
2026-10-04 07:31:23	83988340196	1500	Local/1425@from-queue-0000270b;1	8335121500	20	20	NO ANSWER	Queue	1791109883.46891	1791109883.46891
2026-10-04 07:31:56	83988340196	1290	PJSIP/1290-00006919		20	0	NO ANSWER	Dial	1791109916.46898	1791109883.46891
2026-10-04 07:31:56	83988340196	1500	Local/1290@from-queue-0000270c;1	8335121500	20	20	NO ANSWER	Queue	1791109883.46891	1791109883.46891
2026-10-04 07:32:29	83988340196	1457	PJSIP/1457-0000691f		20	0	NO ANSWER	Dial	1791109949.46906	1791109883.46891
2026-10-04 07:32:29	83988340196	1500	Local/1457@from-queue-0000270d;1	8335121500	20	20	NO ANSWER	Queue	1791109883.46891	1791109883.46891
2026-10-04 07:33:02	83988340196	1291	PJSIP/1291-00006924		95	92	ANSWERED	Dial	1791109982.46913	1791109883.46891
2026-10-04 07:33:02	83988340196	1500	Local/1291@from-queue-0000270e;1	8335121500	95	95	ANSWERED	Queue	1791109883.46891	1791109883.46891
2026-10-04 07:37:37	81992245449	1286	PJSIP/1286-00006998		20	0	NO ANSWER	Dial	1791110257.47255	1791110257.47253
2026-10-04 07:37:37	81992245449	1500	Local/1286@from-queue-0000277f;1	8335121500	20	20	NO ANSWER	Queue	1791110257.47253	1791110257.47253
2026-10-04 07:38:10	81992245449	1456	PJSIP/1456-0000699c		83	81	ANSWERED	Dial	1791110290.47261	1791110257.47253
2026-10-04 07:38:10	81992245449	1500	Local/1456@from-queue-00002780;1	8335121500	83	83	ANSWERED	Queue	1791110257.47253	1791110257.47253
2026-10-04 07:41:30	83991053860	1287	PJSIP/1287-000069da		9	0	ANSWERED	Dial	1791110490.47383	1791110490.47381
2026-10-04 07:41:30	83991053860	1500	Local/1287@from-queue-0000279e;1	8335121500	35	35	ANSWERED	Queue	1791110490.47381	1791110490.47381
2026-10-04 07:41:39	1715	1287	PJSIP/1456-000069de		28	28	ANSWERED	Dial	1791110490.47383	1791110490.47381
2026-10-04 07:42:06	1456	1728	PJSIP/1728-000069f1		0	0	NO ANSWER	Dial	1791110526.47409	1791110490.47381
2026-10-04 07:42:06	1456	1704	PJSIP/1704-000069f6		0	0	NO ANSWER	Dial	1791110526.47411	1791110490.47381
2026-10-04 07:42:06	1456	1717	PJSIP/1717-000069f9		0	0	NO ANSWER	Dial	1791110526.47423	1791110490.47381
2026-10-04 07:42:06	1456	1710	PJSIP/1710-000069f2		0	0	NO ANSWER	Dial	1791110526.47417	1791110490.47381
2026-10-04 07:42:06	1456	1711	PJSIP/1711-000069f5		0	0	NO ANSWER	Dial	1791110526.47457	1791110490.47381
2026-10-04 07:42:06	1456	1703	PJSIP/1703-000069fb		0	0	NO ANSWER	Dial	1791110526.47427	1791110490.47381
2026-10-04 07:42:06	1456	1706	PJSIP/1706-000069ff		0	0	NO ANSWER	Dial	1791110526.47433	1791110490.47381
2026-10-04 07:42:06	1456	1702	PJSIP/1702-000069f3		0	0	NO ANSWER	Dial	1791110526.47439	1791110490.47381
2026-10-04 07:42:06	1456	1709	PJSIP/1709-000069fd		0	0	NO ANSWER	Dial	1791110526.47445	1791110490.47381
2026-10-04 07:42:06	1456	1724	PJSIP/1724-000069f7		0	0	NO ANSWER	Dial	1791110526.47415	1791110490.47381
2026-10-04 07:42:06	1456	1722	PJSIP/1722-000069f4		0	0	NO ANSWER	Dial	1791110526.47443	1791110490.47381
2026-10-04 07:42:06	1456	1723	PJSIP/1723-00006a00		0	0	NO ANSWER	Dial	1791110526.47431	1791110490.47381
2026-10-04 07:42:06	1456	1707	PJSIP/1707-000069fe		0	0	NO ANSWER	Dial	1791110526.47421	1791110490.47381
2026-10-04 07:42:06	1456	1701	PJSIP/1701-00006a01		0	0	NO ANSWER	Dial	1791110526.47455	1791110490.47381
2026-10-04 07:42:06	1456	1725	PJSIP/1725-000069fa		0	0	NO ANSWER	Dial	1791110526.47453	1791110490.47381
2026-10-04 07:42:06	1456	1716	PJSIP/1716-000069fc		0	0	NO ANSWER	Dial	1791110526.47435	1791110490.47381
2026-10-04 07:42:06	1456	1500	Local/1600@from-internal-xfer-0000279f;1		2	2	ANSWERED	AppQueue	1791110490.47382	1791110490.47381
2026-10-04 07:42:06	83991053860	1715	PJSIP/1715-000069f8		243	242	ANSWERED	Dial	1791110526.47451	1791110490.47381
2026-10-04 07:42:06	1456	1600	Local/1728@from-queue-000027a0;1		1	1	NO ANSWER	Queue	1791110526.47407	1791110490.47381
2026-10-04 07:42:06	1456	1600	Local/1704@from-queue-000027a1;1		0	0	NO ANSWER	Queue	1791110526.47407	1791110490.47381
2026-10-04 07:42:06	1456	1600	Local/1714@from-queue-000027a2;1		0	0	NO ANSWER	Queue	1791110526.47407	1791110490.47381
2026-10-04 07:42:06	1456	1600	Local/1724@from-queue-000027a3;1		0	0	NO ANSWER	Queue	1791110526.47407	1791110490.47381
2026-10-04 07:42:06	1456	1600	Local/1710@from-queue-000027a4;1		0	0	NO ANSWER	Queue	1791110526.47407	1791110490.47381
2026-10-04 07:42:06	1456	1600	Local/1720@from-queue-000027a5;1		0	0	NO ANSWER	Queue	1791110526.47407	1791110490.47381
2026-10-04 07:42:06	1456	1600	Local/1707@from-queue-000027a6;1		0	0	NO ANSWER	Queue	1791110526.47407	1791110490.47381
2026-10-04 07:42:06	1456	1600	Local/1717@from-queue-000027a7;1		0	0	NO ANSWER	Queue	1791110526.47407	1791110490.47381
2026-10-04 07:42:06	1456	1600	Local/1727@from-queue-000027a8;1		0	0	NO ANSWER	Queue	1791110526.47407	1791110490.47381
2026-10-04 07:42:06	1456	1600	Local/1703@from-queue-000027a9;1		0	0	NO ANSWER	Queue	1791110526.47407	1791110490.47381
2026-10-04 07:42:06	1456	1600	Local/1713@from-queue-000027aa;1		0	0	NO ANSWER	Queue	1791110526.47407	1791110490.47381
2026-10-04 07:42:06	1456	1600	Local/1723@from-queue-000027ab;1		0	0	NO ANSWER	Queue	1791110526.47407	1791110490.47381
2026-10-04 07:42:06	1456	1600	Local/1706@from-queue-000027ac;1		0	0	NO ANSWER	Queue	1791110526.47407	1791110490.47381
2026-10-04 07:42:06	1456	1600	Local/1716@from-queue-000027ad;1		0	0	NO ANSWER	Queue	1791110526.47407	1791110490.47381
2026-10-04 07:42:06	1456	1600	Local/1726@from-queue-000027ae;1		0	0	NO ANSWER	Queue	1791110526.47407	1791110490.47381
2026-10-04 07:42:06	1456	1600	Local/1702@from-queue-000027af;1		0	0	NO ANSWER	Queue	1791110526.47407	1791110490.47381
2026-10-04 07:42:06	1456	1600	Local/1712@from-queue-000027b0;1		0	0	NO ANSWER	Queue	1791110526.47407	1791110490.47381
2026-10-04 07:42:06	1456	1600	Local/1722@from-queue-000027b1;1		0	0	NO ANSWER	Queue	1791110526.47407	1791110490.47381
2026-10-04 07:42:06	1456	1600	Local/1709@from-queue-000027b2;1		0	0	NO ANSWER	Queue	1791110526.47407	1791110490.47381
2026-10-04 07:42:06	1456	1600	Local/1719@from-queue-000027b3;1		0	0	NO ANSWER	Queue	1791110526.47407	1791110490.47381
2026-10-04 07:42:06	1456	1600	Local/1705@from-queue-000027b4;1		0	0	NO ANSWER	Queue	1791110526.47407	1791110490.47381
2026-10-04 07:42:06	83991053860	1600	Local/1715@from-queue-000027b5;1		243	243	ANSWERED	Queue	1791110526.47407	1791110490.47381
2026-10-04 07:42:06	1456	1600	Local/1725@from-queue-000027b6;1		0	0	NO ANSWER	Queue	1791110526.47407	1791110490.47381
2026-10-04 07:42:06	1456	1600	Local/1701@from-queue-000027b7;1		0	0	NO ANSWER	Queue	1791110526.47407	1791110490.47381
2026-10-04 07:42:06	1456	1600	Local/1711@from-queue-000027b8;1		0	0	NO ANSWER	Queue	1791110526.47407	1791110490.47381
2026-10-04 07:42:06	1456	1600	Local/1721@from-queue-000027b9;1		0	0	NO ANSWER	Queue	1791110526.47407	1791110490.47381
2026-10-04 07:42:06	1456	1600	Local/1708@from-queue-000027ba;1		0	0	NO ANSWER	Queue	1791110526.47407	1791110490.47381
2026-10-04 07:42:06	1456	1600	Local/1718@from-queue-000027bb;1		0	0	NO ANSWER	Queue	1791110526.47407	1791110490.47381
2026-10-04 07:42:06	83991053860	1500	Local/1600@from-internal-xfer-0000279f;1	8335121500	243	243	ANSWERED	Queue	1791110490.47381	1791110490.47381
2026-10-04 07:42:08	1715	1600			241	241	ANSWERED		1791110526.47406	1791110490.47381
2026-10-04 07:46:49	83988295277	1323	PJSIP/1323-00006a61		86	84	ANSWERED	Dial	1791110809.47692	1791110809.47690
2026-10-04 07:46:49	83988295277	1500	Local/1323@from-queue-000027f5;1	8335121500	86	86	ANSWERED	Queue	1791110809.47690	1791110809.47690
2026-10-04 07:48:30	83987889850	1454	PJSIP/1454-00006aaf		37	35	ANSWERED	Dial	1791110910.47940	1791110910.47938
2026-10-04 07:48:30	83987889850	1500	Local/1454@from-queue-0000284a;1	8335121500	37	37	ANSWERED	Queue	1791110910.47938	1791110910.47938
2026-10-04 07:49:12	83981742657	1426	PJSIP/1426-00006ac7		205	204	ANSWERED	Dial	1791110952.48022	1791110952.48020
2026-10-04 07:49:12	83981742657	1500	Local/1426@from-queue-00002867;1	8335121500	206	206	ANSWERED	Queue	1791110952.48020	1791110952.48020
2026-10-04 07:52:57	83987070628	1500	Local/1455@from-queue-000028a3;1	8335121500	20	20	NO ANSWER	Queue	1791111177.48229	1791111177.48229
2026-10-04 07:52:58	83987070628	1455	PJSIP/1455-00006b20		20	0	NO ANSWER	Dial	1791111178.48231	1791111177.48229
2026-10-04 07:53:31	83987070628	1326	PJSIP/1326-00006b27		64	62	ANSWERED	Dial	1791111211.48240	1791111177.48229
2026-10-04 07:53:31	83987070628	1500	Local/1326@from-queue-000028a4;1	8335121500	64	64	ANSWERED	Queue	1791111177.48229	1791111177.48229
2026-10-04 07:54:45	83996425866	1500	Local/1425@from-queue-000028de;1	8335121500	360	360	ANSWERED	Queue	1791111285.48404	1791111285.48404
2026-10-04 07:54:46	83996425866	1425	PJSIP/1425-00006b59		359	357	ANSWERED	Dial	1791111286.48406	1791111285.48404
2026-10-04 08:01:14	83991169046	1290	PJSIP/1290-00006bd9		20	0	NO ANSWER	Dial	1791111674.48762	1791111674.48760
2026-10-04 08:01:14	83991169046	1500	Local/1290@from-queue-00002950;1	8335121500	20	20	NO ANSWER	Queue	1791111674.48760	1791111674.48760
2026-10-04 08:01:47	83991169046	1457	PJSIP/1457-00006bdc		27	24	ANSWERED	Dial	1791111707.48767	1791111674.48760
2026-10-04 08:01:47	83991169046	1500	Local/1457@from-queue-00002951;1	8335121500	27	27	ANSWERED	Queue	1791111674.48760	1791111674.48760
2026-10-04 08:02:59	83988275201	1291	PJSIP/1291-00006bf9		8	0	NO ANSWER	Dial	1791111779.48856	1791111779.48854
2026-10-04 08:02:59	83988275201	1500	Local/1291@from-queue-0000296f;1	8335121500	8	8	NO ANSWER	Queue	1791111779.48854	1791111779.48854
2026-10-04 08:03:13	83987780202	1286	PJSIP/1286-00006bfb		5	0	ANSWERED	Dial	1791111793.48860	1791111793.48858
2026-10-04 08:03:13	83987780202	1500	Local/1286@from-queue-00002970;1	8335121500	6	6	ANSWERED	Queue	1791111793.48858	1791111793.48858
2026-10-04 08:03:19	83987780202	1286	PJSIP/1425-00006bfc		0	0	ANSWERED	Dial	1791111793.48860	1791111793.48858
2026-10-04 08:03:25	83996478808	1500	Local/1456@from-queue-00002971;1	8335121500	83	83	ANSWERED	Queue	1791111805.48863	1791111805.48863
2026-10-04 08:03:26	83996478808	1456	PJSIP/1456-00006bfe		83	76	ANSWERED	Dial	1791111806.48865	1791111805.48863
2026-10-04 08:04:53	83999956014	1500	Local/1287@from-queue-0000298e;1	8335121500	146	146	ANSWERED	Queue	1791111893.48961	1791111893.48961
2026-10-04 08:04:54	83999956014	1287	PJSIP/1287-00006c26		4	0	ANSWERED	Dial	1791111894.48963	1791111893.48961
2026-10-04 08:04:59	83999956014	1287	PJSIP/1456-00006c27		141	141	ANSWERED	Dial	1791111894.48963	1791111893.48961
2026-10-04 08:07:40	999390432	1323	PJSIP/1323-00006c66		20	0	NO ANSWER	Dial	1791112060.49141	1791112060.49139
2026-10-04 08:07:40	999390432	1500	Local/1323@from-queue-000029c7;1	8335121500	20	20	NO ANSWER	Queue	1791112060.49139	1791112060.49139
2026-10-04 08:08:13	999390432	1454	PJSIP/1454-00006c67		46	42	ANSWERED	Dial	1791112093.49144	1791112060.49139
2026-10-04 08:08:13	999390432	1500	Local/1454@from-queue-000029c8;1	8335121500	46	46	ANSWERED	Queue	1791112060.49139	1791112060.49139
2026-10-04 08:09:15	83988119917	1426	PJSIP/1426-00006c78		50	48	ANSWERED	Dial	1791112155.49163	1791112155.49161
2026-10-04 08:09:15	83988119917	1500	Local/1426@from-queue-000029c9;1	8335121500	51	50	ANSWERED	Queue	1791112155.49161	1791112155.49161
2026-10-04 08:10:10	83991326975	1500	Local/1455@from-queue-000029e6;1	8335121500	20	20	NO ANSWER	Queue	1791112210.49242	1791112210.49242
2026-10-04 08:10:11	83991326975	1455	PJSIP/1455-00006c8f		20	0	NO ANSWER	Dial	1791112211.49244	1791112210.49242
2026-10-04 08:10:44	83991326975	1326	PJSIP/1326-00006c94		19	16	ANSWERED	Dial	1791112244.49251	1791112210.49242
2026-10-04 08:10:44	83991326975	1500	Local/1326@from-queue-000029e7;1	8335121500	19	19	ANSWERED	Queue	1791112210.49242	1791112210.49242
2026-10-04 08:11:08	83921514395	1425	PJSIP/1425-00006c9d		122	117	ANSWERED	Dial	1791112268.49262	1791112268.49260
2026-10-04 08:11:08	83921514395	1500	Local/1425@from-queue-000029e8;1	8335121500	123	123	ANSWERED	Queue	1791112268.49260	1791112268.49260
2026-10-04 08:13:27	83993828398	1500	Local/1290@from-queue-00002a05;1	8335121500	20	20	NO ANSWER	Queue	1791112407.49358	1791112407.49358
2026-10-04 08:13:28	83993828398	1290	PJSIP/1290-00006cc5		20	0	NO ANSWER	Dial	1791112408.49360	1791112407.49358
2026-10-04 08:14:00	83993828398	1457	PJSIP/1457-00006cc9		106	104	ANSWERED	Dial	1791112440.49366	1791112407.49358
2026-10-04 08:14:00	83993828398	1500	Local/1457@from-queue-00002a06;1	8335121500	106	106	ANSWERED	Queue	1791112407.49358	1791112407.49358
2026-10-04 08:15:54	83921514395	1291	PJSIP/1291-00006d05		225	220	ANSWERED	Dial	1791112554.49540	1791112554.49538
2026-10-04 08:15:54	83921514395	1500	Local/1291@from-queue-00002a3f;1	8335121500	226	226	ANSWERED	Queue	1791112554.49538	1791112554.49538
2026-10-04 08:20:46	61981645430	1286	PJSIP/1286-00006d47		20	0	NO ANSWER	Dial	1791112846.49720	1791112846.49718
2026-10-04 08:20:46	61981645430	1500	Local/1286@from-queue-00002a78;1	8335121500	20	20	NO ANSWER	Queue	1791112846.49718	1791112846.49718
2026-10-04 08:21:19	61981645430	1456	PJSIP/1456-00006d4a		69	66	ANSWERED	Dial	1791112879.49725	1791112846.49718
2026-10-04 08:21:19	61981645430	1500	Local/1456@from-queue-00002a79;1	8335121500	69	69	ANSWERED	Queue	1791112846.49718	1791112846.49718
2026-10-04 08:23:58	83988119917	1500	Local/1287@from-queue-00002aea;1	8335121500	78	78	ANSWERED	Queue	1791113038.50028	1791113038.50028
2026-10-04 08:23:59	83988119917	1287	PJSIP/1287-00006d99		5	0	ANSWERED	Dial	1791113039.50030	1791113038.50028
2026-10-04 08:24:04	83988119917	1287	PJSIP/1456-00006d9f		72	72	ANSWERED	Dial	1791113039.50030	1791113038.50028
2026-10-04 08:26:40	83986753100	1323	PJSIP/1323-00006dca		135	133	ANSWERED	Dial	1791113200.50139	1791113200.50137
2026-10-04 08:26:40	83986753100	1500	Local/1323@from-queue-00002b08;1	8335121500	136	136	ANSWERED	Queue	1791113200.50137	1791113200.50137
2026-10-04 08:30:21	83988856636	1500	Local/1454@from-queue-00002b09;1	8335121500	20	20	NO ANSWER	Queue	1791113421.50156	1791113421.50156
2026-10-04 08:30:22	83988856636	1454	PJSIP/1454-00006ddb		20	0	NO ANSWER	Dial	1791113422.50158	1791113421.50156
2026-10-04 08:31:06	83988483753	1426	PJSIP/1426-00006de5		174	171	ANSWERED	Dial	1791113466.50170	1791113466.50168
2026-10-04 08:31:06	83988483753	1500	Local/1426@from-queue-00002b0a;1	8335121500	174	174	ANSWERED	Queue	1791113466.50168	1791113466.50168
2026-10-04 08:34:21	83991197958	1455	PJSIP/1455-00006e26		20	0	NO ANSWER	Dial	1791113661.50349	1791113661.50347
2026-10-04 08:34:21	83991197958	1500	Local/1455@from-queue-00002b43;1	8335121500	20	20	NO ANSWER	Queue	1791113661.50347	1791113661.50347
2026-10-04 08:34:54	83991197958	1326	PJSIP/1326-00006e34		61	56	ANSWERED	Dial	1791113694.50365	1791113661.50347
2026-10-04 08:34:54	83991197958	1500	Local/1326@from-queue-00002b44;1	8335121500	61	61	ANSWERED	Queue	1791113661.50347	1791113661.50347
2026-10-04 08:35:56	83982018325	1500	Local/1425@from-queue-00002b45;1	8335121500	20	20	NO ANSWER	Queue	1791113756.50372	1791113756.50372
2026-10-04 08:35:57	83982018325	1425	PJSIP/1425-00006e3b		20	0	NO ANSWER	Dial	1791113757.50374	1791113756.50372
2026-10-04 08:36:29	83982018325	1290	PJSIP/1290-00006e42		20	0	NO ANSWER	Dial	1791113789.50383	1791113756.50372
2026-10-04 08:36:29	83982018325	1500	Local/1290@from-queue-00002b46;1	8335121500	20	20	NO ANSWER	Queue	1791113756.50372	1791113756.50372
2026-10-04 08:37:02	83982018325	1457	PJSIP/1457-00006e43		23	20	ANSWERED	Dial	1791113822.50386	1791113756.50372
2026-10-04 08:37:02	83982018325	1500	Local/1457@from-queue-00002b47;1	8335121500	23	23	ANSWERED	Queue	1791113756.50372	1791113756.50372
2026-10-04 08:38:31	83999141193	1500	Local/1291@from-queue-00002b64;1	8335121500	37	37	ANSWERED	Queue	1791113911.50478	1791113911.50478
2026-10-04 08:38:32	83999141193	1291	PJSIP/1291-00006e67		37	33	ANSWERED	Dial	1791113912.50480	1791113911.50478
2026-10-04 08:39:41	83996714734	1286	PJSIP/1286-00006e6f		20	0	NO ANSWER	Dial	1791113981.50490	1791113981.50488
2026-10-04 08:39:41	83996714734	1500	Local/1286@from-queue-00002b65;1	8335121500	20	20	NO ANSWER	Queue	1791113981.50488	1791113981.50488
2026-10-04 08:40:08	83999141193	1500	Local/1456@from-queue-00002b82;1	8335121500	97	96	ANSWERED	Queue	1791114008.50565	1791114008.50565
2026-10-04 08:40:09		1456	PJSIP/1456-00006e82		98	94	ANSWERED	Dial	1791114009.50567	1791114008.50565
2026-10-04 08:41:45	8335121500	1706	PJSIP/1706-00006ea5		0	0	BUSY	Dial	1791114105.50684	1791114008.50565
2026-10-04 08:41:45	8335121500	1711	PJSIP/1711-00006eb1		0	0	BUSY	Dial	1791114105.50708	1791114008.50565
2026-10-04 08:41:45	8335121500	1500	Local/1600@from-internal-xfer-00002b9f;1		1	1	ANSWERED	AppQueue	1791114009.50566	1791114008.50565
2026-10-04 08:41:45	83999141193	1724	PJSIP/1724-00006ea9		14	0	NO ANSWER	Dial	1791114105.50666	1791114008.50565
2026-10-04 08:41:45	83999141193	1728	PJSIP/1728-00006ea3		14	0	NO ANSWER	Dial	1791114105.50660	1791114008.50565
2026-10-04 08:41:45	83999141193	1702	PJSIP/1702-00006ea7		14	0	NO ANSWER	Dial	1791114105.50690	1791114008.50565
2026-10-04 08:41:45	83999141193	1707	PJSIP/1707-00006ea4		14	0	NO ANSWER	Dial	1791114105.50672	1791114008.50565
2026-10-04 08:41:45	83999141193	1710	PJSIP/1710-00006eab		14	0	NO ANSWER	Dial	1791114105.50668	1791114008.50565
2026-10-04 08:41:45	83999141193	1716	PJSIP/1716-00006ead		14	0	NO ANSWER	Dial	1791114105.50686	1791114008.50565
2026-10-04 08:41:45	83999141193	1717	PJSIP/1717-00006ea8		14	0	NO ANSWER	Dial	1791114105.50674	1791114008.50565
2026-10-04 08:41:45	83999141193	1722	PJSIP/1722-00006ea6		14	0	NO ANSWER	Dial	1791114105.50694	1791114008.50565
2026-10-04 08:41:45	83999141193	1715	PJSIP/1715-00006eb0		14	0	NO ANSWER	Dial	1791114105.50702	1791114008.50565
2026-10-04 08:41:45	83999141193	1703	PJSIP/1703-00006eae		14	0	NO ANSWER	Dial	1791114105.50678	1791114008.50565
2026-10-04 08:41:45	83999141193	1725	PJSIP/1725-00006eac		14	0	NO ANSWER	Dial	1791114105.50704	1791114008.50565
2026-10-04 08:41:45	83999141193	1721	PJSIP/1721-00006eb2		14	0	NO ANSWER	Dial	1791114105.50710	1791114008.50565
2026-10-04 08:41:45	83999141193	1701	PJSIP/1701-00006eaf		14	0	NO ANSWER	Dial	1791114105.50706	1791114008.50565
2026-10-04 08:41:45	83999141193	1704	PJSIP/1704-00006eaa		511	497	ANSWERED	Dial	1791114105.50662	1791114008.50565
2026-10-04 08:41:45	83999141193	1600	Local/1728@from-queue-00002ba0;1		14	14	NO ANSWER	Queue	1791114105.50658	1791114008.50565
2026-10-04 08:41:45	83999141193	1600	Local/1704@from-queue-00002ba1;1		511	511	ANSWERED	Queue	1791114105.50658	1791114008.50565
2026-10-04 08:41:45	8335121500	1600	Local/1714@from-queue-00002ba2;1		0	0	NO ANSWER	Queue	1791114105.50658	1791114008.50565
2026-10-04 08:41:45	83999141193	1600	Local/1724@from-queue-00002ba3;1		14	14	NO ANSWER	Queue	1791114105.50658	1791114008.50565
2026-10-04 08:41:45	83999141193	1600	Local/1710@from-queue-00002ba4;1		14	14	NO ANSWER	Queue	1791114105.50658	1791114008.50565
2026-10-04 08:41:45	8335121500	1600	Local/1720@from-queue-00002ba5;1		0	0	NO ANSWER	Queue	1791114105.50658	1791114008.50565
2026-10-04 08:41:45	83999141193	1600	Local/1707@from-queue-00002ba6;1		14	14	NO ANSWER	Queue	1791114105.50658	1791114008.50565
2026-10-04 08:41:45	83999141193	1600	Local/1717@from-queue-00002ba7;1		14	14	NO ANSWER	Queue	1791114105.50658	1791114008.50565
2026-10-04 08:41:45	8335121500	1600	Local/1727@from-queue-00002ba8;1		0	0	NO ANSWER	Queue	1791114105.50658	1791114008.50565
2026-10-04 08:41:45	83999141193	1600	Local/1703@from-queue-00002ba9;1		14	14	NO ANSWER	Queue	1791114105.50658	1791114008.50565
2026-10-04 08:41:45	8335121500	1600	Local/1713@from-queue-00002baa;1		0	0	NO ANSWER	Queue	1791114105.50658	1791114008.50565
2026-10-04 08:41:45	8335121500	1600	Local/1723@from-queue-00002bab;1		0	0	NO ANSWER	Queue	1791114105.50658	1791114008.50565
2026-10-04 08:41:45	8335121500	1600	Local/1706@from-queue-00002bac;1		0	0	NO ANSWER	Queue	1791114105.50658	1791114008.50565
2026-10-04 08:41:45	83999141193	1600	Local/1716@from-queue-00002bad;1		14	14	NO ANSWER	Queue	1791114105.50658	1791114008.50565
2026-10-04 08:41:45	8335121500	1600	Local/1726@from-queue-00002bae;1		0	0	NO ANSWER	Queue	1791114105.50658	1791114008.50565
2026-10-04 08:41:45	83999141193	1600	Local/1702@from-queue-00002baf;1		14	14	NO ANSWER	Queue	1791114105.50658	1791114008.50565
2026-10-04 08:41:45	8335121500	1600	Local/1712@from-queue-00002bb0;1		0	0	NO ANSWER	Queue	1791114105.50658	1791114008.50565
2026-10-04 08:41:45	83999141193	1600	Local/1722@from-queue-00002bb1;1		14	14	NO ANSWER	Queue	1791114105.50658	1791114008.50565
2026-10-04 08:41:45	8335121500	1600	Local/1709@from-queue-00002bb2;1		0	0	NO ANSWER	Queue	1791114105.50658	1791114008.50565
2026-10-04 08:41:45	8335121500	1600	Local/1719@from-queue-00002bb3;1		0	0	NO ANSWER	Queue	1791114105.50658	1791114008.50565
2026-10-04 08:41:45	8335121500	1600	Local/1705@from-queue-00002bb4;1		0	0	NO ANSWER	Queue	1791114105.50658	1791114008.50565
2026-10-04 08:41:45	83999141193	1600	Local/1715@from-queue-00002bb5;1		14	14	NO ANSWER	Queue	1791114105.50658	1791114008.50565
2026-10-04 08:41:45	83999141193	1600	Local/1725@from-queue-00002bb6;1		14	14	NO ANSWER	Queue	1791114105.50658	1791114008.50565
2026-10-04 08:41:45	83999141193	1600	Local/1701@from-queue-00002bb7;1		14	14	NO ANSWER	Queue	1791114105.50658	1791114008.50565
2026-10-04 08:41:45	8335121500	1600	Local/1711@from-queue-00002bb8;1		0	0	NO ANSWER	Queue	1791114105.50658	1791114008.50565
2026-10-04 08:41:45	83999141193	1600	Local/1721@from-queue-00002bb9;1		14	14	NO ANSWER	Queue	1791114105.50658	1791114008.50565
2026-10-04 08:41:45	8335121500	1600	Local/1708@from-queue-00002bba;1		0	0	NO ANSWER	Queue	1791114105.50658	1791114008.50565
2026-10-04 08:41:45	8335121500	1600	Local/1718@from-queue-00002bbb;1		0	0	NO ANSWER	Queue	1791114105.50658	1791114008.50565
2026-10-04 08:41:45	83999141193	1500	Local/1600@from-internal-xfer-00002b9f;1	8335121500	511	511	ANSWERED	Queue	1791114008.50565	1791114008.50565
2026-10-04 08:41:47	1704	1600			509	509	ANSWERED		1791114105.50657	1791114008.50565
2026-10-04 08:50:24	83999152513	1287	PJSIP/1287-00006f66		160	146	ANSWERED	Dial	1791114624.51191	1791114624.51189
2026-10-04 08:50:24	83999152513	1500	Local/1287@from-queue-00002c48;1	8335121500	160	160	ANSWERED	Queue	1791114624.51189	1791114624.51189
2026-10-04 08:53:10	83993996654	1323	PJSIP/1323-00006f8a		14	11	ANSWERED	Dial	1791114790.51229	1791114790.51227
2026-10-04 08:53:10	83993996654	1500	Local/1323@from-queue-00002c49;1	8335121500	14	14	ANSWERED	Queue	1791114790.51227	1791114790.51227
2026-10-04 08:53:24	996658330	1500	Local/1454@from-queue-00002c4a;1	8335121500	4	4	NO ANSWER	Queue	1791114804.51234	1791114804.51234
2026-10-04 08:53:25	996658330	1454	PJSIP/1454-00006f8f		3	0	NO ANSWER	Dial	1791114805.51236	1791114804.51234
2026-10-04 08:53:34	83987983799	1426	PJSIP/1426-00006f91		191	189	ANSWERED	Dial	1791114814.51240	1791114814.51238
2026-10-04 08:53:34	83987983799	1500	Local/1426@from-queue-00002c4b;1	8335121500	192	192	ANSWERED	Queue	1791114814.51238	1791114814.51238
2026-10-04 08:56:47	83921514395	1455	PJSIP/1455-00006fc7		20	0	NO ANSWER	Dial	1791115007.51352	1791115007.51350
2026-10-04 08:56:47	83921514395	1500	Local/1455@from-queue-00002c68;1	8335121500	20	20	NO ANSWER	Queue	1791115007.51350	1791115007.51350
2026-10-04 08:57:20	83921514395	1326	PJSIP/1326-00006fd0		65	62	ANSWERED	Dial	1791115040.51363	1791115007.51350
2026-10-04 08:57:20	83921514395	1500	Local/1326@from-queue-00002c69;1	8335121500	65	65	ANSWERED	Queue	1791115007.51350	1791115007.51350
2026-10-04 08:59:07	998211284	1500	Local/1425@from-queue-00002c6a;1	8335121500	91	91	ANSWERED	Queue	1791115147.51375	1791115147.51375
2026-10-04 08:59:08	998211284	1425	PJSIP/1425-00006fdc		91	87	ANSWERED	Dial	1791115148.51377	1791115147.51375
2026-10-04 09:00:48	83991052558	1500	Local/1290@from-queue-00002c6b;1	8335121500	20	20	NO ANSWER	Queue	1791115248.51398	1791115248.51398
2026-10-04 09:00:49	83991052558	1290	PJSIP/1290-00006ff1		20	0	NO ANSWER	Dial	1791115249.51400	1791115248.51398
2026-10-04 09:01:22	83991052558	1457	PJSIP/1457-00006ff8		6	0	ANSWERED	Dial	1791115282.51409	1791115248.51398
2026-10-04 09:01:22	83991052558	1500	Local/1457@from-queue-00002c6c;1	8335121500	20	20	ANSWERED	Queue	1791115248.51398	1791115248.51398
2026-10-04 09:01:29	83991052558	1457	PJSIP/1454-00006ff9		14	14	ANSWERED	Dial	1791115282.51409	1791115248.51398
2026-10-04 09:01:49	83998287515	1500	Local/1291@from-queue-00002c89;1	8335121500	64	64	ANSWERED	Queue	1791115309.51488	1791115309.51488
2026-10-04 09:01:50	83998287515	1291	PJSIP/1291-0000700f		64	51	ANSWERED	Dial	1791115310.51490	1791115309.51488
2026-10-04 09:05:28	88988258482	1286	PJSIP/1286-00007073		20	0	NO ANSWER	Dial	1791115528.51760	1791115528.51758
2026-10-04 09:05:28	88988258482	1500	Local/1286@from-queue-00002cde;1	8335121500	20	20	NO ANSWER	Queue	1791115528.51758	1791115528.51758
2026-10-04 09:06:57	981980344	1500	Local/1456@from-queue-00002cdf;1	8335121500	75	75	ANSWERED	Queue	1791115617.51783	1791115617.51783
2026-10-04 09:06:58	981980344	1456	PJSIP/1456-0000708a		13	0	ANSWERED	Dial	1791115618.51785	1791115617.51783
2026-10-04 09:07:11	981980344	1456	PJSIP/1324-00007090		62	62	ANSWERED	Dial	1791115618.51785	1791115617.51783
2026-10-04 09:08:20	83999916433	1287	PJSIP/1287-000070a1		8	0	ANSWERED	Dial	1791115700.51810	1791115700.51808
2026-10-04 09:08:20	83999916433	1500	Local/1287@from-queue-00002ce0;1	8335121500	270	270	ANSWERED	Queue	1791115700.51808	1791115700.51808
2026-10-04 09:08:29	83999916433	1287	PJSIP/1324-000070a2		261	261	ANSWERED	Dial	1791115700.51810	1791115700.51808
2026-10-04 09:12:51	83921514395	1500	Local/1323@from-queue-00002d1a;1	8335121500	79	79	ANSWERED	Queue	1791115971.52010	1791115971.52010
2026-10-04 09:12:52	83921514395	1323	PJSIP/1323-000070f7		9	0	ANSWERED	Dial	1791115972.52012	1791115971.52010
2026-10-04 09:13:02	83921514395	1323	PJSIP/1454-000070fb		69	69	ANSWERED	Dial	1791115972.52012	1791115971.52010
2026-10-04 09:14:52	83993208228	1454	PJSIP/1454-00007114		59	57	ANSWERED	Dial	1791116092.52045	1791116092.52043
2026-10-04 09:14:52	83993208228	1500	Local/1454@from-queue-00002d1c;1	8335121500	59	59	ANSWERED	Queue	1791116092.52043	1791116092.52043
2026-10-04 09:17:03	83991312967	1455	PJSIP/1455-00007141		20	0	NO ANSWER	Dial	1791116223.52150	1791116223.52148
2026-10-04 09:17:03	83991312967	1500	Local/1455@from-queue-00002d3a;1	8335121500	20	20	NO ANSWER	Queue	1791116223.52148	1791116223.52148
2026-10-04 09:17:36	83991312967	1326	PJSIP/1326-00007145		93	90	ANSWERED	Dial	1791116256.52156	1791116223.52148
2026-10-04 09:17:36	83991312967	1500	Local/1326@from-queue-00002d3b;1	8335121500	93	93	ANSWERED	Queue	1791116223.52148	1791116223.52148
2026-10-04 09:21:27	83988065498	1425	PJSIP/1425-0000718b		86	83	ANSWERED	Dial	1791116487.52340	1791116487.52338
2026-10-04 09:21:27	83988065498	1500	Local/1425@from-queue-00002d74;1	8335121500	86	86	ANSWERED	Queue	1791116487.52338	1791116487.52338
2026-10-04 09:21:55	1022	1290	PJSIP/1290-00007193		20	0	NO ANSWER	Dial	1791116515.52350	1791116515.52348
2026-10-04 09:21:55	1022	1500	Local/1290@from-queue-00002d75;1		20	20	NO ANSWER	Queue	1791116515.52348	1791116515.52348
2026-10-04 09:22:28	1022	1457	PJSIP/1457-0000719c		5	0	ANSWERED	Dial	1791116548.52361	1791116515.52348
2026-10-04 09:22:28	1022	1500	Local/1457@from-queue-00002d76;1		201	201	ANSWERED	Queue	1791116515.52348	1791116515.52348
2026-10-04 09:22:33	1022	1457	PJSIP/1454-0000719d		195	195	ANSWERED	Dial	1791116548.52361	1791116515.52348
2026-10-04 09:23:25	83986723035	1291	PJSIP/1291-000071a9		7	0	ANSWERED	Dial	1791116605.52376	1791116605.52374
2026-10-04 09:23:25	83986723035	1500	Local/1291@from-queue-00002d77;1	8335121500	71	71	ANSWERED	Queue	1791116605.52374	1791116605.52374
2026-10-04 09:23:33	83986723035	1291	PJSIP/1425-000071aa		63	63	ANSWERED	Dial	1791116605.52376	1791116605.52374
2026-10-04 09:25:03	61981437049	1286	PJSIP/1286-000071ce		20	0	NO ANSWER	Dial	1791116703.52415	1791116703.52413
2026-10-04 09:25:03	61981437049	1500	Local/1286@from-queue-00002d78;1	8335121500	20	20	NO ANSWER	Queue	1791116703.52413	1791116703.52413
2026-10-04 09:25:36	61981437049	1456	PJSIP/1456-000071da		107	105	ANSWERED	Dial	1791116736.52429	1791116703.52413
2026-10-04 09:25:36	61981437049	1500	Local/1456@from-queue-00002d79;1	8335121500	107	107	ANSWERED	Queue	1791116703.52413	1791116703.52413
2026-10-04 09:27:29	83986101812	1500	Local/1287@from-queue-00002dea;1	8335121500	109	109	ANSWERED	Queue	1791116849.52733	1791116849.52733
2026-10-04 09:27:30	83986101812	1287	PJSIP/1287-0000722a		12	0	ANSWERED	Dial	1791116850.52735	1791116849.52733
2026-10-04 09:27:42	83986101812	1287	PJSIP/1456-0000723b		96	96	ANSWERED	Dial	1791116850.52735	1791116849.52733
2026-10-04 09:29:22	83921514395	1500	Local/1323@from-queue-00002e0d;1	8335121500	44	44	ANSWERED	Queue	1791116962.52849	1791116962.52849
2026-10-04 09:29:23	83921514395	1323	PJSIP/1323-00007258		44	41	ANSWERED	Dial	1791116963.52851	1791116962.52849
2026-10-04 09:30:17	83988283936	1454	PJSIP/1454-0000725e		53	51	ANSWERED	Dial	1791117017.52859	1791117017.52857
2026-10-04 09:30:17	83988283936	1500	Local/1454@from-queue-00002e0e;1	8335121500	53	53	ANSWERED	Queue	1791117017.52857	1791117017.52857
2026-10-04 09:31:23	83996106276	1426	PJSIP/1426-00007272		38	34	ANSWERED	Dial	1791117083.52883	1791117083.52881
2026-10-04 09:31:23	83996106276	1500	Local/1426@from-queue-00002e10;1	8335121500	38	38	ANSWERED	Queue	1791117083.52881	1791117083.52881
2026-10-04 09:32:05	83988060802	1455	PJSIP/1455-00007295		20	0	NO ANSWER	Dial	1791117125.52976	1791117125.52974
2026-10-04 09:32:05	83988060802	1500	Local/1455@from-queue-00002e2d;1	8335121500	20	20	NO ANSWER	Queue	1791117125.52974	1791117125.52974
2026-10-04 09:32:38	83988060802	1326	PJSIP/1326-000072a1		5	0	ANSWERED	Dial	1791117158.52990	1791117125.52974
2026-10-04 09:32:38	83988060802	1500	Local/1326@from-queue-00002e2e;1	8335121500	69	69	ANSWERED	Queue	1791117125.52974	1791117125.52974
2026-10-04 09:32:43	83988060802	1326	PJSIP/1425-000072a6		64	64	ANSWERED	Dial	1791117158.52990	1791117125.52974
2026-10-04 09:33:56	83988836435	1500	Local/1425@from-queue-00002e4b;1	8335121500	89	89	ANSWERED	Queue	1791117236.53101	1791117236.53101
2026-10-04 09:33:57	83988836435	1425	PJSIP/1425-000072d8		89	87	ANSWERED	Dial	1791117237.53103	1791117236.53101
2026-10-04 09:35:30	83987505168	1290	PJSIP/1290-00007305		20	0	NO ANSWER	Dial	1791117330.53174	1791117330.53172
2026-10-04 09:35:30	83987505168	1500	Local/1290@from-queue-00002e58;1	8335121500	20	20	NO ANSWER	Queue	1791117330.53172	1791117330.53172
2026-10-04 09:36:03	83987505168	1457	PJSIP/1457-0000730e		6	0	ANSWERED	Dial	1791117363.53185	1791117330.53172
2026-10-04 09:36:03	83987505168	1500	Local/1457@from-queue-00002e59;1	8335121500	60	60	ANSWERED	Queue	1791117330.53172	1791117330.53172
2026-10-04 09:36:09	83987505168	1457	PJSIP/1454-0000730f		54	54	ANSWERED	Dial	1791117363.53185	1791117330.53172
2026-10-04 09:38:04	996955801	1500	Local/1291@from-queue-00002e66;1	8335121500	6	6	NO ANSWER	Queue	1791117484.53256	1791117484.53256
2026-10-04 09:38:05	996955801	1291	PJSIP/1291-0000733d		5	0	NO ANSWER	Dial	1791117485.53258	1791117484.53256
2026-10-04 09:38:23	81996321846	1500	Local/1286@from-queue-00002e67;1	8335121500	11	11	ANSWERED	Queue	1791117503.53261	1791117503.53261
2026-10-04 09:38:24	81996321846	1286	PJSIP/1286-00007340		5	0	ANSWERED	Dial	1791117504.53263	1791117503.53261
2026-10-04 09:38:29	81996321846	1286	PJSIP/1425-00007341		5	5	ANSWERED	Dial	1791117504.53263	1791117503.53261
2026-10-04 09:38:45	81996321846	1500	Local/1456@from-queue-00002e68;1	8335121500	25	25	ANSWERED	Queue	1791117525.53269	1791117525.53269
2026-10-04 09:38:46	81996321846	1456	PJSIP/1456-00007346		25	18	ANSWERED	Dial	1791117526.53271	1791117525.53269
2026-10-04 09:41:14	83999296666	1287	PJSIP/1287-000073a2		4	0	NO ANSWER	Dial	1791117674.53545	1791117674.53543
2026-10-04 09:41:14	83999296666	1500	Local/1287@from-queue-00002ec3;1	8335121500	5	5	NO ANSWER	Queue	1791117674.53543	1791117674.53543
2026-10-04 09:41:42	999296666	1500	Local/1323@from-queue-00002ec4;1	8335121500	1	1	NO ANSWER	Queue	1791117702.53565	1791117702.53565
2026-10-04 09:41:43	999296666	1323	PJSIP/1323-000073b6		0	0	NO ANSWER	Dial	1791117703.53567	1791117702.53565
2026-10-04 09:42:05	83999296666	1454	PJSIP/1454-000073c4		3	0	NO ANSWER	Dial	1791117725.53583	1791117725.53581
2026-10-04 09:42:05	83999296666	1500	Local/1454@from-queue-00002ec5;1	8335121500	4	4	NO ANSWER	Queue	1791117725.53581	1791117725.53581
2026-10-04 09:42:14	996955801	1426	PJSIP/1426-000073c6		78	76	ANSWERED	Dial	1791117734.53587	1791117734.53585
2026-10-04 09:42:14	996955801	1500	Local/1426@from-queue-00002ec6;1	8335121500	78	78	ANSWERED	Queue	1791117734.53585	1791117734.53585
2026-10-04 09:44:03	83986346299	1455	PJSIP/1455-00007417		20	0	NO ANSWER	Dial	1791117843.53782	1791117843.53780
2026-10-04 09:44:03	83986346299	1500	Local/1455@from-queue-00002eff;1	8335121500	20	20	NO ANSWER	Queue	1791117843.53780	1791117843.53780
2026-10-04 09:44:36	83986346299	1326	PJSIP/1326-0000743a		197	194	ANSWERED	Dial	1791117876.53875	1791117843.53780
2026-10-04 09:44:36	83986346299	1500	Local/1326@from-queue-00002f1c;1	8335121500	197	197	ANSWERED	Queue	1791117843.53780	1791117843.53780
2026-10-04 09:48:44	83996955801	1500	Local/1425@from-queue-00002f5b;1	8335121500	110	110	ANSWERED	Queue	1791118124.54108	1791118124.54108
2026-10-04 09:48:45	83996955801	1425	PJSIP/1425-000074a7		109	108	ANSWERED	Dial	1791118125.54110	1791118124.54108
2026-10-04 09:51:09	83991793891	1290	PJSIP/1290-000074e6		20	0	NO ANSWER	Dial	1791118269.54267	1791118269.54265
2026-10-04 09:51:09	83991793891	1500	Local/1290@from-queue-00002f8a;1	8335121500	20	20	NO ANSWER	Queue	1791118269.54265	1791118269.54265
2026-10-04 09:51:42	83991793891	1457	PJSIP/1457-000074fb		104	102	ANSWERED	Dial	1791118302.54346	1791118269.54265
2026-10-04 09:51:42	83991793891	1500	Local/1457@from-queue-00002fa7;1	8335121500	104	104	ANSWERED	Queue	1791118269.54265	1791118269.54265
2026-10-04 09:53:31	83999224448	1500	Local/1291@from-queue-00002fae;1	8335121500	0	0	NO ANSWER	Queue	1791118411.54389	1791118411.54389
2026-10-04 09:53:32	83999224448	1291	PJSIP/1291-0000751a		0	0	NO ANSWER	Dial	1791118412.54391	1791118411.54389
2026-10-04 09:54:28	996664474	1286	PJSIP/1286-00007524		20	0	NO ANSWER	Dial	1791118468.54405	1791118468.54403
2026-10-04 09:54:28	996664474	1500	Local/1286@from-queue-00002fb0;1	8335121500	20	20	NO ANSWER	Queue	1791118468.54403	1791118468.54403
2026-10-04 09:55:01	996664474	1456	PJSIP/1456-0000752a		55	51	ANSWERED	Dial	1791118501.54413	1791118468.54403
2026-10-04 09:55:01	996664474	1500	Local/1456@from-queue-00002fb1;1	8335121500	55	55	ANSWERED	Queue	1791118468.54403	1791118468.54403
2026-10-04 09:56:19	83999121662	1287	PJSIP/1287-00007554		8	0	ANSWERED	Dial	1791118579.54569	1791118579.54567
2026-10-04 09:56:19	83999121662	1500	Local/1287@from-queue-00002fea;1	8335121500	63	62	ANSWERED	Queue	1791118579.54567	1791118579.54567
2026-10-04 09:56:28	83999121662	1287	PJSIP/1456-00007555		54	54	ANSWERED	Dial	1791118579.54569	1791118579.54567
2026-10-04 10:02:04	83999932299	1500	PJSIP/1286-000075ce	8335121500	20	0	NO ANSWER	Dial	1791118924.54839	1791118924.54839
2026-10-04 10:02:24	83999932299	1500	PJSIP/1456-000075da	8335121500	21	19	ANSWERED	Dial	1791118924.54839	1791118924.54839
2026-10-04 10:05:53	83988367173	1500	PJSIP/1456-00007618	8335121500	111	107	ANSWERED	Dial	1791119153.55049	1791119153.55049
2026-10-04 10:08:00	83996502301	1500	PJSIP/1456-000076a2	8335121500	62	58	ANSWERED	Dial	1791119280.55523	1791119280.55523
2026-10-04 10:10:21	83988453478	1500	PJSIP/1456-000076f9	8335121500	20	0	NO ANSWER	Dial	1791119421.55834	1791119421.55834
2026-10-04 10:10:41	83988453478	1500	PJSIP/1287-00007714	8335121500	2	0	ANSWERED	Dial	1791119421.55834	1791119421.55834
2026-10-04 10:10:44	83988453478	1500	PJSIP/1324-00007715	8335121500	72	72	ANSWERED	Dial	1791119421.55834	1791119421.55834
2026-10-04 10:13:54	83999079155	1500	PJSIP/1286-00007763	8335121500	20	0	NO ANSWER	Dial	1791119634.56062	1791119634.56062
2026-10-04 10:14:14	83999079155	1500	PJSIP/1291-00007765	8335121500	69	67	ANSWERED	Dial	1791119634.56062	1791119634.56062
2026-10-04 10:15:54	83921514395	1500	PJSIP/1290-00007789	8335121500	20	0	NO ANSWER	Dial	1791119754.56158	1791119754.56158
2026-10-04 10:16:14	83921514395	1500	PJSIP/1287-00007790	8335121500	11	0	ANSWERED	Dial	1791119754.56158	1791119754.56158
2026-10-04 10:16:26	83921514395	1500	PJSIP/1456-00007794	8335121500	50	50	ANSWERED	Dial	1791119754.56158	1791119754.56158
2026-10-04 10:17:58	83988201536	1500	PJSIP/1287-000077be	8335121500	5	0	ANSWERED	Dial	1791119878.56267	1791119878.56267
2026-10-04 10:18:04	83988201536	1500	PJSIP/1456-000077bf	8335121500	153	153	ANSWERED	Dial	1791119878.56267	1791119878.56267
2026-10-04 10:23:53	83921514395	1500	PJSIP/1290-0000787e	8335121500	20	0	NO ANSWER	Dial	1791120233.56851	1791120233.56851
2026-10-04 10:24:13	83921514395	1500	PJSIP/1291-00007886	8335121500	20	0	NO ANSWER	Dial	1791120233.56851	1791120233.56851
2026-10-04 10:24:33	83921514395	1500	PJSIP/1456-0000789b	8335121500	94	91	ANSWERED	Dial	1791120233.56851	1791120233.56851
2026-10-04 10:27:56	83986126781	1500	PJSIP/1457-000078e6	8335121500	6	0	ANSWERED	Dial	1791120476.57083	1791120476.57083
2026-10-04 10:28:03	83986126781	1500	PJSIP/1454-000078e7	8335121500	175	175	ANSWERED	Dial	1791120476.57083	1791120476.57083
2026-10-04 10:31:47	996664474	1500	PJSIP/1456-0000792b	8335121500	27	14	ANSWERED	Dial	1791120707.57164	1791120707.57164
2026-10-04 10:34:28	83998244125	1500	PJSIP/1287-00007962	8335121500	7	0	ANSWERED	Dial	1791120868.57245	1791120868.57245
2026-10-04 10:34:35	83998244125	1500	PJSIP/1456-00007965	8335121500	104	104	ANSWERED	Dial	1791120868.57245	1791120868.57245
2026-10-04 10:34:28	1267	1500	PJSIP/1457-00007964		32	25	ANSWERED	Dial	1791120868.57247	1791120868.57247
2026-10-04 10:37:35	83991645411	1500	PJSIP/1291-000079a0	8335121500	0	0	NO ANSWER	Dial	1791121055.57419	1791121055.57419
2026-10-04 10:37:51	83987010070	1500	PJSIP/1291-000079a5	8335121500	1	0	NO ANSWER	Dial	1791121071.57424	1791121071.57424
2026-10-04 10:38:11	948020817	1500	PJSIP/1287-000079ab	8335121500	11	0	ANSWERED	Dial	1791121091.57430	1791121091.57430
2026-10-04 10:38:22	948020817	1500	PJSIP/1456-000079af	8335121500	87	87	ANSWERED	Dial	1791121091.57430	1791121091.57430
2026-10-04 10:39:51	83999648080	1500	PJSIP/1290-000079f8	8335121500	19	0	NO ANSWER	Dial	1791121191.57675	1791121191.57675
2026-10-04 10:40:18	83981406850	1500	PJSIP/1290-00007a01	8335121500	20	0	NO ANSWER	Dial	1791121218.57684	1791121218.57684
2026-10-04 10:40:38	83981406850	1500	PJSIP/1456-00007a13	8335121500	3	0	ANSWERED	Dial	1791121218.57684	1791121218.57684
2026-10-04 10:40:51	83993309000	1500	PJSIP/1290-00007a2d	8335121500	20	0	NO ANSWER	Dial	1791121251.57840	1791121251.57840
2026-10-04 10:41:11	83993309000	1500	PJSIP/1286-00007a38	8335121500	19	0	ANSWERED	Dial	1791121251.57840	1791121251.57840
2026-10-04 10:41:31	83993309000	1500	PJSIP/1425-00007a3b	8335121500	72	72	ANSWERED	Dial	1791121251.57840	1791121251.57840
2026-10-04 10:43:22	83988371212	1500	PJSIP/1286-00007a6f	8335121500	20	0	NO ANSWER	Dial	1791121402.57964	1791121402.57964
2026-10-04 10:43:42	83988371212	1500	PJSIP/1287-00007a82	8335121500	20	0	NO ANSWER	Dial	1791121402.57964	1791121402.57964
2026-10-04 10:44:02	83988371212	1500	PJSIP/1457-00007a83	8335121500	137	132	ANSWERED	Dial	1791121402.57964	1791121402.57964
2026-10-04 10:47:15	83986780481	1500	PJSIP/1286-00007aab	8335121500	20	0	NO ANSWER	Dial	1791121635.58080	1791121635.58080
2026-10-04 10:47:35	83986780481	1500	PJSIP/1287-00007ab1	8335121500	7	0	ANSWERED	Dial	1791121635.58080	1791121635.58080
2026-10-04 10:47:42	83986780481	1500	PJSIP/1456-00007ab2	8335121500	52	52	ANSWERED	Dial	1791121635.58080	1791121635.58080
2026-10-04 10:49:02	83988686086	1500	PJSIP/1456-00007ae2	8335121500	54	51	ANSWERED	Dial	1791121742.58191	1791121742.58191
2026-10-04 10:50:28	83921514395	1500	PJSIP/1290-00007b21	8335121500	20	0	NO ANSWER	Dial	1791121828.58422	1791121828.58422
2026-10-04 10:50:49	83921514395	1500	PJSIP/1456-00007b22	8335121500	40	36	ANSWERED	Dial	1791121828.58422	1791121828.58422
2026-10-04 10:51:31	988087188	1500	PJSIP/1291-00007b2d	8335121500	20	0	NO ANSWER	Dial	1791121891.58434	1791121891.58434
2026-10-04 10:51:51	988087188	1500	PJSIP/1287-00007b2e	8335121500	7	0	NO ANSWER	Dial	1791121891.58434	1791121891.58434
2026-10-04 10:52:41	988087188	1500	PJSIP/1457-00007b5d	8335121500	354	351	ANSWERED	Dial	1791121961.58538	1791121961.58538
2026-10-04 10:52:46	83991312967	1500	PJSIP/1291-00007b5f	8335121500	2	0	BUSY	Dial	1791121966.58540	1791121966.58540
2026-10-04 10:52:49	83991312967	1500	PJSIP/1287-00007b62	8335121500	17	0	ANSWERED	Dial	1791121966.58540	1791121966.58540
2026-10-04 10:53:07	83991312967	1500	PJSIP/1456-00007b69	8335121500	90	90	ANSWERED	Dial	1791121966.58540	1791121966.58540
2026-10-04 10:53:11	88921417244	1500	PJSIP/1290-00007b6b	8335121500	20	0	NO ANSWER	Dial	1791121991.58552	1791121991.58552
2026-10-04 10:53:31	88921417244	1500	PJSIP/1457-00007b8e	8335121500	20	0	NO ANSWER	Dial	1791121991.58552	1791121991.58552
2026-10-04 10:53:51	88921417244	1500	PJSIP/1291-00007b97	8335121500	5	0	NO ANSWER	Dial	1791121991.58552	1791121991.58552
2026-10-04 10:53:19	83996664474	1500	PJSIP/1290-00007b71	8335121500	20	0	NO ANSWER	Dial	1791121999.58558	1791121999.58558
2026-10-04 10:53:40	83996664474	1500	PJSIP/1457-00007b91	8335121500	19	0	ANSWERED	Dial	1791121999.58558	1791121999.58558
2026-10-04 10:53:59	83996664474	1500	PJSIP/1323-00007bab	8335121500	103	103	ANSWERED	Dial	1791121999.58558	1791121999.58558
2026-10-04 10:53:30	83987973530	1500	PJSIP/1457-00007b8d	8335121500	20	0	NO ANSWER	Dial	1791122010.58642	1791122010.58642
2026-10-04 10:53:51	83987973530	1500	PJSIP/1291-00007b96	8335121500	7	0	BUSY	Dial	1791122010.58642	1791122010.58642
2026-10-04 10:53:58	83987973530	1500	PJSIP/1290-00007ba4	8335121500	20	0	NO ANSWER	Dial	1791122010.58642	1791122010.58642
2026-10-04 10:54:18	83987973530	1500	PJSIP/1456-00007bae	8335121500	1	0	NO ANSWER	Dial	1791122010.58642	1791122010.58642
2026-10-04 10:54:11	83998087809	1500	PJSIP/1457-00007bad	8335121500	20	0	NO ANSWER	Dial	1791122051.58730	1791122051.58730
2026-10-04 10:54:31	83998087809	1500	PJSIP/1287-00007bb3	8335121500	20	0	NO ANSWER	Dial	1791122051.58730	1791122051.58730
2026-10-04 10:54:51	83998087809	1500	PJSIP/1290-00007bcd	8335121500	1	0	ANSWERED	Dial	1791122051.58730	1791122051.58730
2026-10-04 10:54:53	83998087809	1500	PJSIP/1454-00007bce	8335121500	6	6	ANSWERED	Dial	1791122051.58730	1791122051.58730
2026-10-04 10:54:27	83987973530	1500	PJSIP/1456-00007bb2	8335121500	165	148	ANSWERED	Dial	1791122067.58735	1791122067.58735
2026-10-04 10:54:53	83986196337	1500	PJSIP/1287-00007bd0	8335121500	5	0	ANSWERED	Dial	1791122093.58821	1791122093.58821
2026-10-04 10:54:58	83986196337	1500	PJSIP/1326-00007bd1	8335121500	81	81	ANSWERED	Dial	1791122093.58821	1791122093.58821
2026-10-04 10:55:12	88921417244	1500	PJSIP/1286-00007bd3	8335121500	20	0	NO ANSWER	Dial	1791122112.58824	1791122112.58824
2026-10-04 10:55:32	88921417244	1500	PJSIP/1457-00007be3	8335121500	7	0	NO ANSWER	Dial	1791122112.58824	1791122112.58824
2026-10-04 10:56:22	83998574270	1500	PJSIP/1456-00007bed	8335121500	20	0	NO ANSWER	Dial	1791122182.58862	1791122182.58862
2026-10-04 10:56:42	83998574270	1500	PJSIP/1286-00007bf5	8335121500	19	0	ANSWERED	Dial	1791122182.58862	1791122182.58862
2026-10-04 10:57:02	83998574270	1500	PJSIP/1326-00007bfd	8335121500	77	77	ANSWERED	Dial	1791122182.58862	1791122182.58862
2026-10-04 10:56:30	83998087809	1500	PJSIP/1290-00007bef	8335121500	20	0	NO ANSWER	Dial	1791122190.58864	1791122190.58864
2026-10-04 10:56:50	83998087809	1500	PJSIP/1457-00007bf6	8335121500	20	0	NO ANSWER	Dial	1791122190.58864	1791122190.58864
2026-10-04 10:57:10	83998087809	1500	PJSIP/1286-00007bfe	8335121500	10	0	NO ANSWER	Dial	1791122190.58864	1791122190.58864
2026-10-04 10:57:25	83996719290	1500	PJSIP/1456-00007c01	8335121500	70	65	ANSWERED	Dial	1791122245.58882	1791122245.58882
2026-10-04 10:57:52	83998087809	1500	PJSIP/1286-00007c10	8335121500	5	0	ANSWERED	Dial	1791122272.58897	1791122272.58897
2026-10-04 10:57:57	83998087809	1500	PJSIP/1425-00007c11	8335121500	96	96	ANSWERED	Dial	1791122272.58897	1791122272.58897
2026-10-04 10:58:14	83988067894	1500	PJSIP/1457-00007c13	8335121500	20	0	NO ANSWER	Dial	1791122294.58900	1791122294.58900
2026-10-04 10:58:35	83988067894	1500	PJSIP/1286-00007c16	8335121500	5	0	ANSWERED	Dial	1791122294.58900	1791122294.58900
2026-10-04 10:58:40	83988067894	1500	PJSIP/1326-00007c17	8335121500	70	70	ANSWERED	Dial	1791122294.58900	1791122294.58900
2026-10-04 11:00:59	83988067894	1500	PJSIP/1456-00007c2f	8335121500	20	0	NO ANSWER	Dial	1791122459.58928	1791122459.58928
2026-10-04 11:01:19	83988067894	1500	PJSIP/1290-00007c30	8335121500	20	0	NO ANSWER	Dial	1791122459.58928	1791122459.58928
2026-10-04 11:01:39	83988067894	1500	PJSIP/1291-00007c33	8335121500	2	0	BUSY	Dial	1791122459.58928	1791122459.58928
2026-10-04 11:01:42	83988067894	1500	PJSIP/1287-00007c34	8335121500	5	0	NO ANSWER	Dial	1791122459.58928	1791122459.58928
2026-10-04 11:01:33	83998574270	1500	PJSIP/1456-00007c32	8335121500	20	0	NO ANSWER	Dial	1791122493.58931	1791122493.58931
2026-10-04 11:01:53	83998574270	1500	PJSIP/1286-00007c37	8335121500	20	0	NO ANSWER	Dial	1791122493.58931	1791122493.58931
2026-10-04 11:02:14	83998574270	1500	PJSIP/1291-00007c44	8335121500	5	0	ANSWERED	Dial	1791122493.58931	1791122493.58931
2026-10-04 11:02:19	83998574270	1500	PJSIP/1323-00007c55	8335121500	94	94	ANSWERED	Dial	1791122493.58931	1791122493.58931
2026-10-04 11:01:53	83988067894	1500	PJSIP/1290-00007c36	8335121500	19	0	NO ANSWER	Dial	1791122513.58935	1791122513.58935
2026-10-04 11:02:00	83988643438	1500	PJSIP/1456-00007c39	8335121500	17	0	ANSWERED	Dial	1791122520.58938	1791122520.58938
2026-10-04 11:02:18	83988643438	1500	PJSIP/1426-00007c54	8335121500	174	174	ANSWERED	Dial	1791122520.58938	1791122520.58938
2026-10-04 11:03:48	83981469832	1500	PJSIP/1287-00007c80	8335121500	10	0	ANSWERED	Dial	1791122628.59121	1791122628.59121
2026-10-04 11:03:58	83981469832	1500	PJSIP/1326-00007c83	8335121500	4	4	ANSWERED	Dial	1791122628.59121	1791122628.59121
2026-10-04 11:04:16	83988106087	1500	PJSIP/1287-00007c8a	8335121500	20	0	NO ANSWER	Dial	1791122656.59131	1791122656.59131
2026-10-04 11:04:37	83988106087	1500	PJSIP/1457-00007c91	8335121500	8	0	ANSWERED	Dial	1791122656.59131	1791122656.59131
2026-10-04 11:04:45	83988106087	1500	PJSIP/1323-00007c94	8335121500	187	187	ANSWERED	Dial	1791122656.59131	1791122656.59131
2026-10-04 11:04:27	8335121550	35121500	PJSIP/Brisa-00007c8c		222	207	ANSWERED	Dial	1791122667.59133	1791122667.59133
2026-10-04 11:04:27	8335121550	1500	PJSIP/1287-00007c8e	8335121500	13	0	ANSWERED	Dial	1791122667.59135	1791122667.59135
2026-10-04 11:04:41	8335121550	1500	PJSIP/1425-00007c92	8335121500	207	207	ANSWERED	Dial	1791122667.59135	1791122667.59135
2026-10-04 11:04:30	83988330745	1500	PJSIP/1287-00007c90	8335121500	13	0	ANSWERED	Dial	1791122670.59137	1791122670.59137
2026-10-04 11:04:43	83988330745	1500	PJSIP/1454-00007c93	8335121500	55	55	ANSWERED	Dial	1791122670.59137	1791122670.59137
2026-10-04 11:05:47	998524587	1500	PJSIP/1456-00007cb1	8335121500	20	0	NO ANSWER	Dial	1791122747.59226	1791122747.59226
2026-10-04 11:06:07	998524587	1500	PJSIP/1291-00007cb3	8335121500	15	0	ANSWERED	Dial	1791122747.59226	1791122747.59226
2026-10-04 11:06:22	998524587	1500	PJSIP/1326-00007cb4	8335121500	198	198	ANSWERED	Dial	1791122747.59226	1791122747.59226
2026-10-04 11:07:13	83988088555	1500	PJSIP/1290-00007cb6	8335121500	20	0	NO ANSWER	Dial	1791122833.59231	1791122833.59231
2026-10-04 11:07:33	83988088555	1500	PJSIP/1456-00007cb9	8335121500	20	0	NO ANSWER	Dial	1791122833.59231	1791122833.59231
2026-10-04 11:07:53	83988088555	1500	PJSIP/1457-00007cbb	8335121500	23	21	ANSWERED	Dial	1791122833.59231	1791122833.59231
2026-10-04 11:07:14	83988862196	1500	PJSIP/1286-00007cb8	8335121500	20	0	NO ANSWER	Dial	1791122834.59233	1791122834.59233
2026-10-04 11:07:34	83988862196	1500	PJSIP/1456-00007cba	8335121500	20	0	NO ANSWER	Dial	1791122834.59233	1791122834.59233
2026-10-04 11:07:54	83988862196	1500	PJSIP/1291-00007cbd	8335121500	5	0	NO ANSWER	Dial	1791122834.59233	1791122834.59233
2026-10-04 11:08:02	83981469832	1500	PJSIP/1290-00007cc3	8335121500	20	0	NO ANSWER	Dial	1791122882.59244	1791122882.59244
2026-10-04 11:08:23	83981469832	1500	PJSIP/1286-00007cca	8335121500	20	0	NO ANSWER	Dial	1791122882.59244	1791122882.59244
2026-10-04 11:08:43	83981469832	1500	PJSIP/1456-00007ccf	8335121500	9	0	NO ANSWER	Dial	1791122882.59244	1791122882.59244
2026-10-04 11:09:13	88921417244	1500	PJSIP/1290-00007cd5	8335121500	12	0	NO ANSWER	Dial	1791122953.59262	1791122953.59262
2026-10-04 11:09:40	83988067894	1500	PJSIP/1286-00007cdc	8335121500	15	0	ANSWERED	Dial	1791122980.59269	1791122980.59269
2026-10-04 11:09:55	83988067894	1500	PJSIP/1326-00007cdd	8335121500	51	51	ANSWERED	Dial	1791122980.59269	1791122980.59269
2026-10-04 11:10:16	83991312967	1500	PJSIP/1457-00007ce1	8335121500	86	75	ANSWERED	Dial	1791123016.59274	1791123016.59274
2026-10-04 11:10:35	83988256848	1500	PJSIP/1456-00007ceb	8335121500	97	87	ANSWERED	Dial	1791123035.59284	1791123035.59284
2026-10-04 11:11:19	83993725823	1500	PJSIP/1291-00007cef	8335121500	4	0	ANSWERED	Dial	1791123079.59288	1791123079.59288
2026-10-04 11:11:23	83993725823	1500	PJSIP/1323-00007cf5	8335121500	93	93	ANSWERED	Dial	1791123079.59288	1791123079.59288
2026-10-04 11:11:21	83988295277	1500	PJSIP/1291-00007cf4	8335121500	4	0	ANSWERED	Dial	1791123081.59293	1791123081.59293
2026-10-04 11:11:25	83988295277	1500	PJSIP/1326-00007cf6	8335121500	138	138	ANSWERED	Dial	1791123081.59293	1791123081.59293
2026-10-04 11:13:07	83988818815	1500	PJSIP/1290-00007d13	8335121500	20	0	NO ANSWER	Dial	1791123187.59324	1791123187.59324
2026-10-04 11:13:27	83988818815	1500	PJSIP/1457-00007d18	8335121500	7	0	ANSWERED	Dial	1791123187.59324	1791123187.59324
2026-10-04 11:13:34	83988818815	1500	PJSIP/1323-00007d1e	8335121500	160	160	ANSWERED	Dial	1791123187.59324	1791123187.59324
2026-10-04 11:16:22	1550	1500	PJSIP/1456-00007d92		74	68	ANSWERED	Dial	1791123382.59619	1791123382.59619
2026-10-04 11:17:21	83921514395	1500	PJSIP/1457-00007d9d	8335121500	4	0	ANSWERED	Dial	1791123441.59630	1791123441.59630
2026-10-04 11:17:25	83921514395	1500	PJSIP/1323-00007d9e	8335121500	67	67	ANSWERED	Dial	1791123441.59630	1791123441.59630
2026-10-04 11:18:45	83996767177	1500	PJSIP/1457-00007dab	8335121500	7	0	ANSWERED	Dial	1791123525.59644	1791123525.59644
2026-10-04 11:18:52	83996767177	1500	PJSIP/1454-00007daf	8335121500	127	127	ANSWERED	Dial	1791123525.59644	1791123525.59644
2026-10-04 11:20:26	83998198466	1500	PJSIP/1291-00007ddb	8335121500	8	0	ANSWERED	Dial	1791123626.59748	1791123626.59748
2026-10-04 11:20:34	83998198466	1500	PJSIP/1323-00007ddc	8335121500	107	107	ANSWERED	Dial	1791123626.59748	1791123626.59748
2026-10-04 11:20:45	83999259754	1500	PJSIP/1456-00007de4	8335121500	9	0	ANSWERED	Dial	1791123645.59757	1791123645.59757
2026-10-04 11:20:55	83999259754	1500	PJSIP/1326-00007dee	8335121500	25	25	ANSWERED	Dial	1791123645.59757	1791123645.59757
2026-10-04 11:20:47	999932299	1500	PJSIP/1291-00007de6	8335121500	68	49	ANSWERED	Dial	1791123647.59759	1791123647.59759
2026-10-04 11:20:48	83999284114	1500	PJSIP/1286-00007deb	8335121500	18	0	ANSWERED	Dial	1791123648.59764	1791123648.59764
2026-10-04 11:21:07	83999284114	1500	PJSIP/1426-00007def	8335121500	10	10	ANSWERED	Dial	1791123648.59764	1791123648.59764
2026-10-04 11:20:49	83988088555	1500	PJSIP/1457-00007ded	8335121500	20	0	NO ANSWER	Dial	1791123649.59766	1791123649.59766
2026-10-04 11:21:09	83988088555	1500	PJSIP/1290-00007df0	8335121500	20	0	NO ANSWER	Dial	1791123649.59766	1791123649.59766
2026-10-04 11:21:29	83988088555	1500	PJSIP/1287-00007df1	8335121500	5	0	ANSWERED	Dial	1791123649.59766	1791123649.59766
2026-10-04 11:21:35	83988088555	1500	PJSIP/1326-00007df2	8335121500	87	87	ANSWERED	Dial	1791123649.59766	1791123649.59766
2026-10-04 11:21:56	999284114	1500	PJSIP/1286-00007df5	8335121500	20	0	NO ANSWER	Dial	1791123716.59774	1791123716.59774
2026-10-04 11:22:16	999284114	1500	PJSIP/1456-00007dfa	8335121500	20	0	NO ANSWER	Dial	1791123716.59774	1791123716.59774
2026-10-04 11:22:36	999284114	1500	PJSIP/1291-00007e18	8335121500	32	30	ANSWERED	Dial	1791123716.59774	1791123716.59774
2026-10-04 11:22:14	83988862196	1500	PJSIP/1456-00007df9	8335121500	26	12	ANSWERED	Dial	1791123734.59778	1791123734.59778
2026-10-04 11:24:38	83999121662	1500	PJSIP/1286-00007e32	8335121500	3	0	ANSWERED	Dial	1791123878.59891	1791123878.59891
2026-10-04 11:24:41	83999121662	1500	PJSIP/1426-00007e35	8335121500	216	216	ANSWERED	Dial	1791123878.59891	1791123878.59891
2026-10-04 11:30:15	83982219105	1500	PJSIP/1456-00007ea1	8335121500	95	92	ANSWERED	Dial	1791124215.60114	1791124215.60114
2026-10-04 11:33:30	998709246	1500	PJSIP/1457-00007f07	8335121500	20	0	NO ANSWER	Dial	1791124410.60216	1791124410.60216
2026-10-04 11:33:50	998709246	1500	PJSIP/1290-00007f18	8335121500	20	0	NO ANSWER	Dial	1791124410.60216	1791124410.60216
2026-10-04 11:34:10	998709246	1500	PJSIP/1286-00007f1e	8335121500	12	0	ANSWERED	Dial	1791124410.60216	1791124410.60216
2026-10-04 11:34:23	998709246	1500	PJSIP/1326-00007f1f	8335121500	163	163	ANSWERED	Dial	1791124410.60216	1791124410.60216
2026-10-04 11:35:21	83994056116	1500	PJSIP/1291-00007f36	8335121500	69	58	ANSWERED	Dial	1791124521.60260	1791124521.60260
2026-10-04 11:35:47	83991785647	1500	PJSIP/1291-00007f38	8335121500	20	0	NO ANSWER	Dial	1791124547.60265	1791124547.60265
2026-10-04 11:36:07	83991785647	1500	PJSIP/1456-00007f41	8335121500	41	37	ANSWERED	Dial	1791124547.60265	1791124547.60265
2026-10-04 11:36:49	1456	s	Local/1600@from-internal-xfer-00003619;1		1	1	ANSWERED	ExecIf	1791124567.60275	1791124547.60265
2026-10-04 11:36:49	1456	1600	PJSIP/1701-00007f48		0	0	NO ANSWER	Dial	1791124609.60283	1791124547.60265
2026-10-04 11:36:49	1456	1600	PJSIP/1702-00007f49		0	0	NO ANSWER	Dial	1791124609.60283	1791124547.60265
2026-10-04 11:36:49	1456	1600	PJSIP/1703-00007f4a		0	0	NO ANSWER	Dial	1791124609.60283	1791124547.60265
2026-10-04 11:36:49	1456	1600	PJSIP/1704-00007f4b		0	0	NO ANSWER	Dial	1791124609.60283	1791124547.60265
2026-10-04 11:36:49	1456	1600	PJSIP/1706-00007f4c		0	0	BUSY	Dial	1791124609.60283	1791124547.60265
2026-10-04 11:36:49	83991785647	1600	PJSIP/1710-00007f4d		1	0	ANSWERED	Dial	1791124609.60283	1791124547.60265
2026-10-04 11:36:49	1456	1600	PJSIP/1711-00007f4e		0	0	BUSY	Dial	1791124609.60283	1791124547.60265
2026-10-04 11:36:49	1456	1600	PJSIP/1716-00007f4f		0	0	NO ANSWER	Dial	1791124609.60283	1791124547.60265
2026-10-04 11:36:49	1456	1600	PJSIP/1717-00007f50		0	0	NO ANSWER	Dial	1791124609.60283	1791124547.60265
2026-10-04 11:36:49	1456	1600	PJSIP/1718-00007f51		0	0	NO ANSWER	Dial	1791124609.60283	1791124547.60265
2026-10-04 11:36:49	1456	1600	PJSIP/1721-00007f52		0	0	NO ANSWER	Dial	1791124609.60283	1791124547.60265
2026-10-04 11:36:49	1456	1600	PJSIP/1722-00007f53		0	0	NO ANSWER	Dial	1791124609.60283	1791124547.60265
2026-10-04 11:36:49	1456	1600	PJSIP/1724-00007f54		0	0	NO ANSWER	Dial	1791124609.60283	1791124547.60265
2026-10-04 11:36:49	1456	1600	PJSIP/1725-00007f55		0	0	NO ANSWER	Dial	1791124609.60283	1791124547.60265
2026-10-04 11:36:49	83991785647	1500	Local/1600@from-internal-xfer-00003619;1	8335121500	2	2	ANSWERED	Dial	1791124547.60265	1791124547.60265
2026-10-04 11:36:51	1710	1600			0	0	ANSWERED		1791124609.60282	1791124547.60265
2026-10-04 11:36:51	1710	s			329	329	ANSWERED	ExecIf	1791124609.60289	1791124547.60265
2026-10-04 11:36:51	83991785647	1500	PJSIP/1710-00007f4d	8335121500	329	329	ANSWERED	Dial	1791124547.60265	1791124547.60265
2026-10-04 11:36:05	83988952203	1500	PJSIP/1457-00007f40	8335121500	20	0	NO ANSWER	Dial	1791124565.60270	1791124565.60270
2026-10-04 11:36:25	83988952203	1500	PJSIP/1286-00007f46	8335121500	20	0	NO ANSWER	Dial	1791124565.60270	1791124565.60270
2026-10-04 11:36:46	83988952203	1500	PJSIP/1290-00007f47	8335121500	8	0	NO ANSWER	Dial	1791124565.60270	1791124565.60270
2026-10-04 11:36:13	83981472730	1500	PJSIP/1291-00007f43	8335121500	101	82	ANSWERED	Dial	1791124573.60276	1791124573.60276
2026-10-04 11:39:28	999141193	1500	PJSIP/1291-00007f60	8335121500	10	0	ANSWERED	Dial	1791124768.60307	1791124768.60307
2026-10-04 11:39:39	999141193	1500	PJSIP/1456-00007f64	8335121500	83	83	ANSWERED	Dial	1791124768.60307	1791124768.60307
2026-10-04 11:41:41	83991033557	1500	PJSIP/1456-00007f6d	8335121500	20	0	NO ANSWER	Dial	1791124901.60320	1791124901.60320
2026-10-04 11:42:01	83991033557	1500	PJSIP/1457-00007f6f	8335121500	1	0	NO ANSWER	Dial	1791124901.60320	1791124901.60320
2026-10-04 11:42:10	998414965	1500	PJSIP/1291-00007f75	8335121500	6	0	ANSWERED	Dial	1791124930.60328	1791124930.60328
2026-10-04 11:42:16	998414965	1500	PJSIP/1326-00007f7a	8335121500	86	86	ANSWERED	Dial	1791124930.60328	1791124930.60328
2026-10-04 11:44:54	83993862582	1500	PJSIP/1286-00008003	8335121500	4	0	ANSWERED	Dial	1791125094.60470	1791125094.60470
2026-10-04 11:44:59	83993862582	1500	PJSIP/1323-00008006	8335121500	59	59	ANSWERED	Dial	1791125094.60470	1791125094.60470
2026-10-04 11:44:55	83998908685	1500	PJSIP/1457-00008005	8335121500	17	0	ANSWERED	Dial	1791125095.60472	1791125095.60472
2026-10-04 11:45:13	83998908685	1500	PJSIP/1325-0000800d	8335121500	127	127	ANSWERED	Dial	1791125095.60472	1791125095.60472
2026-10-04 11:45:43	8321481856	1500	PJSIP/1291-00008021	8335121500	13	0	ANSWERED	Dial	1791125143.60500	1791125143.60500
2026-10-04 11:45:56	8321481856	1500	PJSIP/1326-00008022	8335121500	48	48	ANSWERED	Dial	1791125143.60500	1791125143.60500
2026-10-04 11:46:35	83994056116	1500	PJSIP/1290-00008028	8335121500	20	0	NO ANSWER	Dial	1791125195.60507	1791125195.60507
2026-10-04 11:46:55	83994056116	1500	PJSIP/1286-00008045	8335121500	20	0	NO ANSWER	Dial	1791125195.60507	1791125195.60507
2026-10-04 11:47:15	83994056116	1500	PJSIP/1457-0000805a	8335121500	1	0	NO ANSWER	Dial	1791125195.60507	1791125195.60507
2026-10-04 11:46:42	999662755	1500	PJSIP/1286-00008033	8335121500	20	0	NO ANSWER	Dial	1791125202.60518	1791125202.60518
2026-10-04 11:47:02	999662755	1500	PJSIP/1457-0000804b	8335121500	20	0	NO ANSWER	Dial	1791125202.60518	1791125202.60518
2026-10-04 11:47:22	999662755	1500	PJSIP/1291-0000805b	8335121500	6	0	NO ANSWER	Dial	1791125202.60518	1791125202.60518
2026-10-04 11:48:47	83988069708	1500	PJSIP/1456-00008074	8335121500	55	44	ANSWERED	Dial	1791125327.60631	1791125327.60631
2026-10-04 11:52:02	83987256002	1500	PJSIP/1290-0000809a	8335121500	16	0	NO ANSWER	Dial	1791125522.60669	1791125522.60669
2026-10-04 11:53:01	83987256002	1500	PJSIP/1457-000080a3	8335121500	20	0	NO ANSWER	Dial	1791125581.60678	1791125581.60678
2026-10-04 11:53:21	83987256002	1500	PJSIP/1286-000080a8	8335121500	17	0	NO ANSWER	Dial	1791125581.60678	1791125581.60678
2026-10-04 11:53:46	998688410	1500	PJSIP/1457-000080b3	8335121500	20	0	NO ANSWER	Dial	1791125626.60694	1791125626.60694
2026-10-04 11:54:06	998688410	1500	PJSIP/1291-000080ba	8335121500	4	0	BUSY	Dial	1791125626.60694	1791125626.60694
2026-10-04 11:54:11	998688410	1500	PJSIP/1290-000080c0	8335121500	19	0	NO ANSWER	Dial	1791125626.60694	1791125626.60694
2026-10-04 11:54:11	83921590678	1500	PJSIP/1456-000080bf	8335121500	150	143	ANSWERED	Dial	1791125651.60706	1791125651.60706
2026-10-04 11:55:21	988384996	1500	PJSIP/1286-000080cf	8335121500	20	0	NO ANSWER	Dial	1791125721.60724	1791125721.60724
2026-10-04 11:55:42	988384996	1500	PJSIP/1457-000080d6	8335121500	20	0	NO ANSWER	Dial	1791125721.60724	1791125721.60724
2026-10-04 11:56:02	988384996	1500	PJSIP/1291-000080df	8335121500	3	0	BUSY	Dial	1791125721.60724	1791125721.60724
2026-10-04 11:56:06	988384996	1500	PJSIP/1456-000080e0	8335121500	16	0	NO ANSWER	Dial	1791125721.60724	1791125721.60724
2026-10-04 11:55:35	83998310324	1500	PJSIP/1286-000080d1	8335121500	13	0	ANSWERED	Dial	1791125735.60726	1791125735.60726
2026-10-04 11:55:48	83998310324	1500	PJSIP/1326-000080d7	8335121500	247	247	ANSWERED	Dial	1791125735.60726	1791125735.60726
2026-10-04 11:55:41	83986477710	1500	PJSIP/1290-000080d5	8335121500	20	0	NO ANSWER	Dial	1791125741.60730	1791125741.60730
2026-10-04 11:56:01	83986477710	1500	PJSIP/1286-000080de	8335121500	20	0	NO ANSWER	Dial	1791125741.60730	1791125741.60730
2026-10-04 11:56:21	83986477710	1500	PJSIP/1291-000080e1	8335121500	64	60	ANSWERED	Dial	1791125741.60730	1791125741.60730
2026-10-04 11:57:26	1291	s	Local/1381@from-internal-xfer-00003633;1		2	2	ANSWERED	ExecIf	1791125781.60743	1791125741.60730
2026-10-04 11:57:26	83986477710	1381	PJSIP/1381-000080ed		7	0	ANSWERED	Dial	1791125846.60756	1791125741.60730
2026-10-04 11:57:26	83986477710	1500	Local/1381@from-internal-xfer-00003633;1	8335121500	7	7	ANSWERED	Dial	1791125741.60730	1791125741.60730
2026-10-04 11:57:28	1381	1381			5	0	ANSWERED		1791125846.60755	1791125741.60730
2026-10-04 11:57:34	83986477710	1500	PJSIP/1381-000080ed	8335121500	260	260	ANSWERED	Dial	1791125741.60730	1791125741.60730
2026-10-04 11:57:40	83987302030	1500	PJSIP/1457-000080f7	8335121500	20	0	NO ANSWER	Dial	1791125860.60766	1791125860.60766
2026-10-04 11:58:00	83987302030	1500	PJSIP/1456-00008101	8335121500	3	0	NO ANSWER	Dial	1791125860.60766	1791125860.60766
2026-10-04 11:58:36	83988471387	1500	PJSIP/1456-00008107	8335121500	73	70	ANSWERED	Dial	1791125916.60782	1791125916.60782
2026-10-04 11:59:13	83987302030	1500	PJSIP/1456-0000812f	8335121500	20	0	NO ANSWER	Dial	1791125953.60920	1791125953.60920
2026-10-04 11:59:34	83987302030	1500	PJSIP/1457-00008141	8335121500	17	0	NO ANSWER	Dial	1791125953.60920	1791125953.60920
2026-10-04 12:00:15	83996037311	1500	PJSIP/1290-00008177	8335121500	20	0	NO ANSWER	Dial	1791126015.61230	1791126015.61230
2026-10-04 12:00:35	83996037311	1500	PJSIP/1291-00008187	8335121500	20	0	NO ANSWER	Dial	1791126015.61230	1791126015.61230
2026-10-04 12:00:56	83996037311	1500	PJSIP/1457-0000818a	8335121500	4	0	NO ANSWER	Dial	1791126015.61230	1791126015.61230
2026-10-04 12:00:59	83996548167	1500	PJSIP/1290-0000818c	8335121500	3	0	ANSWERED	Dial	1791126059.61307	1791126059.61307
2026-10-04 12:01:03	83996548167	1500	PJSIP/1323-0000818d	8335121500	96	96	ANSWERED	Dial	1791126059.61307	1791126059.61307
2026-10-04 12:03:50	83981435235	1500	PJSIP/1456-000081d3	8335121500	12	0	ANSWERED	Dial	1791126230.61602	1791126230.61602
2026-10-04 12:04:02	83981435235	1500	PJSIP/1323-000081d8	8335121500	51	51	ANSWERED	Dial	1791126230.61602	1791126230.61602
2026-10-04 12:06:53	999635752	1500	PJSIP/1291-000081fd	8335121500	7	0	ANSWERED	Dial	1791126413.61658	1791126413.61658
2026-10-04 12:07:00	999635752	1500	PJSIP/1323-000081fe	8335121500	70	70	ANSWERED	Dial	1791126413.61658	1791126413.61658
2026-10-04 12:07:07	83994045346	1500	PJSIP/1290-00008210	8335121500	20	0	NO ANSWER	Dial	1791126427.61733	1791126427.61733
2026-10-04 12:07:27	83994045346	1500	PJSIP/1286-0000821a	8335121500	20	0	NO ANSWER	Dial	1791126427.61733	1791126427.61733
2026-10-04 12:07:48	83994045346	1500	PJSIP/1457-00008224	8335121500	12	0	NO ANSWER	Dial	1791126427.61733	1791126427.61733
2026-10-04 12:07:24	83998136999	1500	PJSIP/1286-00008215	8335121500	20	0	NO ANSWER	Dial	1791126444.61738	1791126444.61738
2026-10-04 12:07:44	83998136999	1500	PJSIP/1291-00008220	8335121500	20	0	NO ANSWER	Dial	1791126444.61738	1791126444.61738
2026-10-04 12:08:04	83998136999	1500	PJSIP/1457-00008237	8335121500	2	0	ANSWERED	Dial	1791126444.61738	1791126444.61738
2026-10-04 12:08:07	83998136999	1500	PJSIP/1326-00008238	8335121500	146	146	ANSWERED	Dial	1791126444.61738	1791126444.61738
2026-10-04 12:11:10	83981379400	1500	PJSIP/1456-00008265	8335121500	20	0	NO ANSWER	Dial	1791126670.61930	1791126670.61930
2026-10-04 12:11:30	83981379400	1500	PJSIP/1286-00008266	8335121500	6	0	ANSWERED	Dial	1791126670.61930	1791126670.61930
2026-10-04 12:11:36	83981379400	1500	PJSIP/1326-00008267	8335121500	68	68	ANSWERED	Dial	1791126670.61930	1791126670.61930
2026-10-04 12:12:25	83981980344	1500	PJSIP/1291-00008273	8335121500	7	0	BUSY	Dial	1791126745.61944	1791126745.61944
2026-10-04 12:12:33	83981980344	1500	PJSIP/1290-00008279	8335121500	20	0	NO ANSWER	Dial	1791126745.61944	1791126745.61944
2026-10-04 12:12:53	83981980344	1500	PJSIP/1456-00008287	8335121500	17	0	NO ANSWER	Dial	1791126745.61944	1791126745.61944
2026-10-04 12:12:31	83994064507	1500	PJSIP/1291-00008275	8335121500	3	0	ANSWERED	Dial	1791126751.61946	1791126751.61946
2026-10-04 12:12:34	83994064507	1500	PJSIP/1323-0000827a	8335121500	141	141	ANSWERED	Dial	1791126751.61946	1791126751.61946
2026-10-04 12:12:47	83988647848	1500	PJSIP/1286-00008281	8335121500	11	0	ANSWERED	Dial	1791126767.61957	1791126767.61957
2026-10-04 12:12:59	83988647848	1500	PJSIP/1326-00008299	8335121500	89	89	ANSWERED	Dial	1791126767.61957	1791126767.61957
2026-10-04 12:13:03	996169696	1500	PJSIP/1457-0000829d	8335121500	20	0	NO ANSWER	Dial	1791126783.62042	1791126783.62042
2026-10-04 12:13:23	996169696	1500	PJSIP/1290-0000829e	8335121500	7	0	NO ANSWER	Dial	1791126783.62042	1791126783.62042
2026-10-04 12:15:25	83986144981	1500	PJSIP/1286-000082ba	8335121500	12	0	ANSWERED	Dial	1791126925.62071	1791126925.62071
2026-10-04 12:15:37	83986144981	1500	PJSIP/1323-000082be	8335121500	71	71	ANSWERED	Dial	1791126925.62071	1791126925.62071
2026-10-04 12:15:38	83991173375	1500	PJSIP/1456-000082c0	8335121500	20	0	NO ANSWER	Dial	1791126938.62077	1791126938.62077
2026-10-04 12:15:58	83991173375	1500	PJSIP/1286-000082c5	8335121500	20	0	NO ANSWER	Dial	1791126938.62077	1791126938.62077
2026-10-04 12:16:18	83991173375	1500	PJSIP/1290-000082d1	8335121500	2	0	NO ANSWER	Dial	1791126938.62077	1791126938.62077
2026-10-04 12:17:44	83991500478	1500	PJSIP/1286-000082d5	8335121500	20	0	NO ANSWER	Dial	1791127064.62098	1791127064.62098
2026-10-04 12:18:05	83991500478	1500	PJSIP/1291-000082dc	8335121500	2	0	BUSY	Dial	1791127064.62098	1791127064.62098
2026-10-04 12:18:07	83991500478	1500	PJSIP/1457-000082dd	8335121500	109	102	ANSWERED	Dial	1791127064.62098	1791127064.62098
2026-10-04 12:23:21	83993891998	1500	PJSIP/1457-0000837d	8335121500	20	0	NO ANSWER	Dial	1791127401.62614	1791127401.62614
2026-10-04 12:23:41	83993891998	1500	PJSIP/1286-00008381	8335121500	20	0	NO ANSWER	Dial	1791127401.62614	1791127401.62614
2026-10-04 12:24:01	83993891998	1500	PJSIP/1291-00008383	8335121500	12	0	NO ANSWER	Dial	1791127401.62614	1791127401.62614
2026-10-04 12:23:23	83996714072	1500	PJSIP/1291-00008380	8335121500	20	0	NO ANSWER	Dial	1791127403.62617	1791127403.62617
2026-10-04 12:23:44	83996714072	1500	PJSIP/1290-00008382	8335121500	20	0	NO ANSWER	Dial	1791127403.62617	1791127403.62617
2026-10-04 12:24:04	83996714072	1500	PJSIP/1457-00008384	8335121500	9	0	NO ANSWER	Dial	1791127403.62617	1791127403.62617
2026-10-04 12:24:28	83996714072	1500	PJSIP/1291-0000838a	8335121500	8	0	ANSWERED	Dial	1791127468.62627	1791127468.62627
2026-10-04 12:24:37	83996714072	1500	PJSIP/1323-0000838f	8335121500	0	0	ANSWERED	Dial	1791127468.62627	1791127468.62627
2026-10-04 12:24:29	83993891998	1500	PJSIP/1290-0000838c	8335121500	20	0	NO ANSWER	Dial	1791127469.62629	1791127469.62629
2026-10-04 12:24:49	83993891998	1500	PJSIP/1291-00008397	8335121500	20	0	NO ANSWER	Dial	1791127469.62629	1791127469.62629
2026-10-04 12:25:09	83993891998	1500	PJSIP/1286-0000839f	8335121500	20	0	NO ANSWER	Dial	1791127469.62629	1791127469.62629
2026-10-04 12:25:29	83993891998	1500	PJSIP/1456-000083a2	8335121500	27	24	ANSWERED	Dial	1791127469.62629	1791127469.62629
2026-10-04 12:25:20	83921514395	1500	PJSIP/1286-000083a1	8335121500	20	0	NO ANSWER	Dial	1791127520.62652	1791127520.62652
2026-10-04 12:25:40	83921514395	1500	PJSIP/1457-000083a7	8335121500	9	0	ANSWERED	Dial	1791127520.62652	1791127520.62652
2026-10-04 12:25:50	83921514395	1500	PJSIP/1323-000083a9	8335121500	53	53	ANSWERED	Dial	1791127520.62652	1791127520.62652
2026-10-04 12:26:38	83994056116	1500	PJSIP/1457-000083b5	8335121500	66	61	ANSWERED	Dial	1791127598.62672	1791127598.62672
2026-10-04 12:28:01	988881109	1500	PJSIP/1286-000083d8	8335121500	2	0	NO ANSWER	Dial	1791127681.62763	1791127681.62763
2026-10-04 12:28:12	83988866517	1500	PJSIP/1286-000083da	8335121500	15	0	ANSWERED	Dial	1791127692.62765	1791127692.62765
2026-10-04 12:28:27	83988866517	1500	PJSIP/1426-000083e0	8335121500	115	115	ANSWERED	Dial	1791127692.62765	1791127692.62765
2026-10-04 12:28:20	83994056116	1500	PJSIP/1286-000083dc	8335121500	20	0	NO ANSWER	Dial	1791127700.62767	1791127700.62767
2026-10-04 12:28:41	83994056116	1500	PJSIP/1457-000083ea	8335121500	4	0	ANSWERED	Dial	1791127700.62767	1791127700.62767
2026-10-04 12:28:45	83994056116	1500	PJSIP/1323-000083eb	8335121500	44	44	ANSWERED	Dial	1791127700.62767	1791127700.62767
2026-10-04 12:30:47	83987729133	1500	PJSIP/1456-00008429	8335121500	20	0	NO ANSWER	Dial	1791127847.62956	1791127847.62956
2026-10-04 12:31:07	83987729133	1500	PJSIP/1457-00008443	8335121500	15	13	ANSWERED	Dial	1791127847.62956	1791127847.62956
2026-10-04 12:30:51	988881109	1500	PJSIP/1456-00008431	8335121500	91	74	ANSWERED	Dial	1791127851.62964	1791127851.62964
2026-10-04 12:32:38	51997700294	1500	PJSIP/1290-00008463	8335121500	20	0	NO ANSWER	Dial	1791127958.63126	1791127958.63126
2026-10-04 12:32:58	51997700294	1500	PJSIP/1286-0000846c	8335121500	20	0	NO ANSWER	Dial	1791127958.63126	1791127958.63126
2026-10-04 12:33:18	51997700294	1500	PJSIP/1291-0000846f	8335121500	4	0	ANSWERED	Dial	1791127958.63126	1791127958.63126
2026-10-04 12:33:23	51997700294	1500	PJSIP/1323-00008470	8335121500	13	13	ANSWERED	Dial	1791127958.63126	1791127958.63126
2026-10-04 12:35:07	83988312584	1500	PJSIP/1291-00008493	8335121500	2	0	NO ANSWER	Dial	1791128107.63230	1791128107.63230
2026-10-04 12:37:10	83994056116	1500	PJSIP/1291-000084ad	8335121500	20	0	NO ANSWER	Dial	1791128230.63256	1791128230.63256
2026-10-04 12:37:30	83994056116	1500	PJSIP/1457-000084b5	8335121500	10	0	ANSWERED	Dial	1791128230.63256	1791128230.63256
2026-10-04 12:37:13	83999832821	1500	PJSIP/1457-000084af	8335121500	1	0	NO ANSWER	Dial	1791128233.63258	1791128233.63258
2026-10-04 12:37:18	83988881109	1500	PJSIP/1291-000084b2	8335121500	20	0	NO ANSWER	Dial	1791128238.63261	1791128238.63261
2026-10-04 12:37:38	83988881109	1500	PJSIP/1290-000084b8	8335121500	20	0	NO ANSWER	Dial	1791128238.63261	1791128238.63261
2026-10-04 12:37:58	83988881109	1500	PJSIP/1286-000084bc	8335121500	9	0	NO ANSWER	Dial	1791128238.63261	1791128238.63261
2026-10-04 12:37:34	83996714072	1500	PJSIP/1457-000084b7	8335121500	11	0	ANSWERED	Dial	1791128254.63266	1791128254.63266
2026-10-04 12:37:46	83996714072	1500	PJSIP/1323-000084bb	8335121500	94	94	ANSWERED	Dial	1791128254.63266	1791128254.63266
2026-10-04 12:39:03	83998441946	1500	PJSIP/1291-000084cc	8335121500	17	0	NO ANSWER	Dial	1791128343.63287	1791128343.63287
2026-10-04 12:39:16	83981435235	1500	PJSIP/1286-000084ce	8335121500	20	0	NO ANSWER	Dial	1791128356.63289	1791128356.63289
2026-10-04 12:39:36	83981435235	1500	PJSIP/1290-000084d3	8335121500	20	0	NO ANSWER	Dial	1791128356.63289	1791128356.63289
2026-10-04 12:39:56	83981435235	1500	PJSIP/1457-000084d4	8335121500	7	0	ANSWERED	Dial	1791128356.63289	1791128356.63289
2026-10-04 12:40:04	83981435235	1500	PJSIP/1323-000084d6	8335121500	100	100	ANSWERED	Dial	1791128356.63289	1791128356.63289
2026-10-04 12:40:04	83981115793	1500	PJSIP/1291-000084d7	8335121500	20	0	NO ANSWER	Dial	1791128404.63297	1791128404.63297
2026-10-04 12:40:24	83981115793	1500	PJSIP/1286-000084de	8335121500	0	0	ANSWERED	Dial	1791128404.63297	1791128404.63297
2026-10-04 12:40:25	83981115793	1500	PJSIP/1456-000084e1	8335121500	192	192	ANSWERED	Dial	1791128404.63297	1791128404.63297
2026-10-04 12:42:06	83994034770	1500	PJSIP/1456-000084f7	8335121500	20	0	NO ANSWER	Dial	1791128526.63386	1791128526.63386
2026-10-04 12:42:27	83994034770	1500	PJSIP/1290-000084fa	8335121500	20	0	NO ANSWER	Dial	1791128526.63386	1791128526.63386
2026-10-04 12:42:47	83994034770	1500	PJSIP/1286-0000851e	8335121500	20	0	NO ANSWER	Dial	1791128526.63386	1791128526.63386
2026-10-04 12:43:07	83994034770	1500	PJSIP/1457-00008523	8335121500	2	0	NO ANSWER	Dial	1791128526.63386	1791128526.63386
2026-10-04 12:42:43	921420653	1500	PJSIP/1291-0000851d	8335121500	20	0	NO ANSWER	Dial	1791128563.63536	1791128563.63536
2026-10-04 12:43:03	921420653	1500	PJSIP/1456-00008522	8335121500	20	0	NO ANSWER	Dial	1791128563.63536	1791128563.63536
2026-10-04 12:43:23	921420653	1500	PJSIP/1290-00008533	8335121500	20	0	NO ANSWER	Dial	1791128563.63536	1791128563.63536
2026-10-04 12:43:43	921420653	1500	PJSIP/1286-0000853e	8335121500	0	0	NO ANSWER	Dial	1791128563.63536	1791128563.63536
2026-10-04 12:44:42	83987136155	1500	PJSIP/1456-00008568	8335121500	60	57	ANSWERED	Dial	1791128682.63779	1791128682.63779
2026-10-04 12:45:44	8335121557	35121500	PJSIP/Brisa-0000859f		5	0	NO ANSWER	Dial	1791128744.64002	1791128744.64002
2026-10-04 12:45:45	8335121557	1500	PJSIP/1291-000085a1	8335121500	5	0	NO ANSWER	Dial	1791128745.64004	1791128745.64004
2026-10-04 12:46:05	83988303460	1500	PJSIP/1286-000085b6	8335121500	20	0	NO ANSWER	Dial	1791128765.64067	1791128765.64067
2026-10-04 12:46:25	83988303460	1500	PJSIP/1291-000085c9	8335121500	20	0	NO ANSWER	Dial	1791128765.64067	1791128765.64067
2026-10-04 12:46:46	83988303460	1500	PJSIP/1457-000085ce	8335121500	96	93	ANSWERED	Dial	1791128765.64067	1791128765.64067
2026-10-04 12:46:19	921420653	1500	PJSIP/1291-000085ba	8335121500	20	0	NO ANSWER	Dial	1791128779.64085	1791128779.64085
2026-10-04 12:46:39	921420653	1500	PJSIP/1290-000085cd	8335121500	20	0	NO ANSWER	Dial	1791128779.64085	1791128779.64085
2026-10-04 12:46:59	921420653	1500	PJSIP/1286-000085e2	8335121500	4	0	NO ANSWER	Dial	1791128779.64085	1791128779.64085
2026-10-04 12:48:09	83998691079	1500	PJSIP/1456-0000861a	8335121500	2	0	NO ANSWER	Dial	1791128889.64461	1791128889.64461
2026-10-04 12:48:31	83994056116	1500	PJSIP/1286-0000862b	8335121500	20	0	NO ANSWER	Dial	1791128911.64534	1791128911.64534
2026-10-04 12:48:51	83994056116	1500	PJSIP/1456-0000862c	8335121500	13	0	NO ANSWER	Dial	1791128911.64534	1791128911.64534
2026-10-04 12:50:42	83991230929	1500	PJSIP/1456-00008653	8335121500	197	194	ANSWERED	Dial	1791129042.64686	1791129042.64686
2026-10-04 12:50:46	83999590008	1500	PJSIP/1456-00008655	8335121500	13	0	NO ANSWER	Dial	1791129046.64688	1791129046.64688
2026-10-04 12:52:40	986956528	1500	PJSIP/1456-00008674	8335121500	20	0	NO ANSWER	Dial	1791129160.64775	1791129160.64775
2026-10-04 12:53:01	986956528	1500	PJSIP/1286-0000867b	8335121500	3	0	NO ANSWER	Dial	1791129160.64775	1791129160.64775
2026-10-04 12:52:59	83987244913	1500	PJSIP/1290-0000867a	8335121500	0	0	NO ANSWER	Dial	1791129179.64781	1791129179.64781
2026-10-04 12:53:42	83987244913	1500	PJSIP/1457-0000867e	8335121500	0	0	NO ANSWER	Dial	1791129222.64785	1791129222.64785
2026-10-04 12:55:21	83994056116	1500	PJSIP/1291-0000869a	8335121500	18	0	ANSWERED	Dial	1791129321.64869	1791129321.64869
2026-10-04 12:55:39	83994056116	1500	PJSIP/1456-0000869d	8335121500	43	43	ANSWERED	Dial	1791129321.64869	1791129321.64869
2026-10-04 12:55:31	83981472730	1500	PJSIP/1286-0000869c	8335121500	20	0	NO ANSWER	Dial	1791129331.64871	1791129331.64871
2026-10-04 12:55:51	83981472730	1500	PJSIP/1456-000086a1	8335121500	3	0	ANSWERED	Dial	1791129331.64871	1791129331.64871
2026-10-04 12:55:55	83981472730	1500	PJSIP/1324-000086a2	8335121500	88	88	ANSWERED	Dial	1791129331.64871	1791129331.64871
2026-10-04 12:56:51	83993156327	1500	PJSIP/1457-000086b6	8335121500	20	0	NO ANSWER	Dial	1791129411.64953	1791129411.64953
2026-10-04 12:57:12	83993156327	1500	PJSIP/1291-000086b7	8335121500	1	0	ANSWERED	Dial	1791129411.64953	1791129411.64953
2026-10-04 12:57:13	83993156327	1500	PJSIP/1323-000086b8	8335121500	53	53	ANSWERED	Dial	1791129411.64953	1791129411.64953
2026-10-04 13:02:17	83991327586	1500	PJSIP/1290-000086f5	8335121500	2	0	NO ANSWER	Dial	1791129737.65018	1791129737.65018
2026-10-04 13:03:04	83999094147	1500	PJSIP/1457-00008700	8335121500	6	0	ANSWERED	Dial	1791129784.65029	1791129784.65029
2026-10-04 13:03:10	83999094147	1500	PJSIP/1454-00008701	8335121500	42	42	ANSWERED	Dial	1791129784.65029	1791129784.65029
2026-10-04 13:04:05	998211284	1500	PJSIP/1290-0000871f	8335121500	20	0	NO ANSWER	Dial	1791129845.65172	1791129845.65172
2026-10-04 13:04:25	998211284	1500	PJSIP/1291-00008726	8335121500	6	0	ANSWERED	Dial	1791129845.65172	1791129845.65172
2026-10-04 13:04:32	998211284	1500	PJSIP/1454-00008734	8335121500	93	93	ANSWERED	Dial	1791129845.65172	1791129845.65172
2026-10-04 13:07:50	83921437334	1500	PJSIP/1286-000087ab	8335121500	1	0	NO ANSWER	Dial	1791130070.65760	1791130070.65760
2026-10-04 13:08:04	83996424971	1500	PJSIP/1290-000087b0	8335121500	1	0	NO ANSWER	Dial	1791130084.65765	1791130084.65765
2026-10-04 13:09:16	83996734820	1500	PJSIP/1291-000087ed	8335121500	5	0	ANSWERED	Dial	1791130156.65994	1791130156.65994
2026-10-04 13:09:21	83996734820	1500	PJSIP/1456-000087ee	8335121500	43	43	ANSWERED	Dial	1791130156.65994	1791130156.65994
2026-10-04 13:10:16	83988760440	1500	PJSIP/1456-0000881c	8335121500	156	142	ANSWERED	Dial	1791130216.66209	1791130216.66209
2026-10-04 13:11:10	998211284	1500	PJSIP/1286-0000883f	8335121500	13	0	ANSWERED	Dial	1791130270.66356	1791130270.66356
2026-10-04 13:11:24	998211284	1500	PJSIP/1326-00008840	8335121500	49	49	ANSWERED	Dial	1791130270.66356	1791130270.66356
2026-10-04 13:14:08	83991500478	1500	PJSIP/1290-000088a4	8335121500	20	0	NO ANSWER	Dial	1791130448.66681	1791130448.66681
2026-10-04 13:14:28	83991500478	1500	PJSIP/1456-000088aa	8335121500	148	146	ANSWERED	Dial	1791130448.66681	1791130448.66681
2026-10-04 13:14:13	83988803250	1500	PJSIP/1286-000088a7	8335121500	20	0	NO ANSWER	Dial	1791130453.66684	1791130453.66684
2026-10-04 13:14:33	83988803250	1500	PJSIP/1290-000088ac	8335121500	8	0	ANSWERED	Dial	1791130453.66684	1791130453.66684
2026-10-04 13:14:42	83988803250	1500	PJSIP/1324-000088b0	8335121500	351	351	ANSWERED	Dial	1791130453.66684	1791130453.66684
2026-10-04 13:16:22	83986858644	1500	PJSIP/1291-000088c5	8335121500	8	0	ANSWERED	Dial	1791130582.66714	1791130582.66714
2026-10-04 13:16:31	83986858644	1500	PJSIP/1454-000088ca	8335121500	35	35	ANSWERED	Dial	1791130582.66714	1791130582.66714
2026-10-04 13:21:23	83988772201	1500	PJSIP/1286-00008909	8335121500	14	0	NO ANSWER	Dial	1791130883.66838	1791130883.66838
2026-10-04 13:23:25	83981115793	1500	PJSIP/1290-0000892e	8335121500	11	0	ANSWERED	Dial	1791131005.66931	1791131005.66931
2026-10-04 13:23:37	83981115793	1500	PJSIP/1454-00008941	8335121500	170	170	ANSWERED	Dial	1791131005.66931	1791131005.66931
2026-10-04 13:23:32	996175280	1500	PJSIP/1457-00008930	8335121500	16	0	ANSWERED	Dial	1791131012.66933	1791131012.66933
2026-10-04 13:23:48	996175280	1500	PJSIP/1324-00008942	8335121500	154	154	ANSWERED	Dial	1791131012.66933	1791131012.66933
2026-10-04 13:23:48	83986673824	1500	PJSIP/1291-00008944	8335121500	6	0	NO ANSWER	Dial	1791131028.67009	1791131028.67009
2026-10-04 13:27:25	83999832524	1500	PJSIP/1291-00008983	8335121500	9	0	ANSWERED	Dial	1791131245.67184	1791131245.67184
2026-10-04 13:27:34	83999832524	1500	PJSIP/1454-00008987	8335121500	83	83	ANSWERED	Dial	1791131245.67184	1791131245.67184
2026-10-04 13:27:44	83988776059	1500	PJSIP/1290-0000898a	8335121500	20	0	NO ANSWER	Dial	1791131264.67191	1791131264.67191
2026-10-04 13:28:04	83988776059	1500	PJSIP/1291-0000898f	8335121500	19	0	NO ANSWER	Dial	1791131264.67191	1791131264.67191
2026-10-04 13:30:12	83987548026	1500	PJSIP/1456-000089ca	8335121500	1	0	NO ANSWER	Dial	1791131412.67367	1791131412.67367
2026-10-04 13:37:32	988313092	1500	PJSIP/1290-00008a1b	8335121500	20	0	NO ANSWER	Dial	1791131852.67504	1791131852.67504
2026-10-04 13:37:52	988313092	1500	PJSIP/1456-00008a1f	8335121500	20	0	NO ANSWER	Dial	1791131852.67504	1791131852.67504
2026-10-04 13:38:12	988313092	1500	PJSIP/1286-00008a24	8335121500	19	0	NO ANSWER	Dial	1791131852.67504	1791131852.67504
2026-10-04 13:38:19	83981980344	1500	PJSIP/1457-00008a27	8335121500	85	78	ANSWERED	Dial	1791131899.67516	1791131899.67516
2026-10-04 13:45:44	83987830801	1500	PJSIP/1456-00008a8d	8335121500	38	34	ANSWERED	Dial	1791132344.67674	1791132344.67674
2026-10-04 13:46:22	1456	s	Local/1600@from-internal-xfer-00003ee7;1		2	2	ANSWERED	ExecIf	1791132344.67675	1791132344.67674
2026-10-04 13:46:22	83987830801	1600	Local/1728@from-queue-00003ee8;1		3	3	ANSWERED	Queue	1791132382.67685	1791132344.67674
2026-10-04 13:46:22	83987830801	1704	PJSIP/1704-00008a99		3	0	NO ANSWER	Dial	1791132382.67689	1791132344.67674
2026-10-04 13:46:22	83987830801	1728	PJSIP/1728-00008a9b		596	593	ANSWERED	Dial	1791132382.67687	1791132344.67674
2026-10-04 13:46:22	83987830801	1500	Local/1600@from-internal-xfer-00003ee7;1	8335121500	3	3	ANSWERED	Dial	1791132344.67674	1791132344.67674
2026-10-04 13:46:23	1456	1711	PJSIP/1711-00008a96		0	0	BUSY	Dial	1791132383.67735	1791132344.67674
2026-10-04 13:46:23	1456	1706	PJSIP/1706-00008a9c		0	0	BUSY	Dial	1791132383.67711	1791132344.67674
2026-10-04 13:46:23	1456	1710	PJSIP/1710-00008a9d		0	0	BUSY	Dial	1791132383.67695	1791132344.67674
2026-10-04 13:46:23	83987830801	1600	Local/1704@from-queue-00003ee9;1		3	3	NO ANSWER	Queue	1791132382.67685	1791132344.67674
2026-10-04 13:46:23	1456	1600	Local/1714@from-queue-00003eea;1		0	0	NO ANSWER	Queue	1791132382.67685	1791132344.67674
2026-10-04 13:46:23	83987830801	1600	Local/1724@from-queue-00003eeb;1		3	3	NO ANSWER	Queue	1791132382.67685	1791132344.67674
2026-10-04 13:46:23	1456	1600	Local/1710@from-queue-00003eec;1		0	0	NO ANSWER	Queue	1791132382.67685	1791132344.67674
2026-10-04 13:46:23	1456	1600	Local/1720@from-queue-00003eed;1		0	0	NO ANSWER	Queue	1791132382.67685	1791132344.67674
2026-10-04 13:46:23	1456	1600	Local/1707@from-queue-00003eee;1		0	0	FAILED	Queue	1791132382.67685	1791132344.67674
2026-10-04 13:46:23	83987830801	1600	Local/1717@from-queue-00003eef;1		3	3	NO ANSWER	Queue	1791132382.67685	1791132344.67674
2026-10-04 13:46:23	1456	1600	Local/1727@from-queue-00003ef0;1		0	0	NO ANSWER	Queue	1791132382.67685	1791132344.67674
2026-10-04 13:46:23	83987830801	1600	Local/1703@from-queue-00003ef1;1		3	3	NO ANSWER	Queue	1791132382.67685	1791132344.67674
2026-10-04 13:46:23	1456	1600	Local/1713@from-queue-00003ef2;1		0	0	NO ANSWER	Queue	1791132382.67685	1791132344.67674
2026-10-04 13:46:23	1456	1600	Local/1723@from-queue-00003ef3;1		0	0	NO ANSWER	Queue	1791132382.67685	1791132344.67674
2026-10-04 13:46:23	1456	1600	Local/1706@from-queue-00003ef4;1		0	0	NO ANSWER	Queue	1791132382.67685	1791132344.67674
2026-10-04 13:46:23	83987830801	1600	Local/1716@from-queue-00003ef5;1		3	3	NO ANSWER	Queue	1791132382.67685	1791132344.67674
2026-10-04 13:46:23	1456	1600	Local/1726@from-queue-00003ef6;1		0	0	NO ANSWER	Queue	1791132382.67685	1791132344.67674
2026-10-04 13:46:23	83987830801	1600	Local/1702@from-queue-00003ef7;1		3	3	NO ANSWER	Queue	1791132382.67685	1791132344.67674
2026-10-04 13:46:23	1456	1600	Local/1712@from-queue-00003ef8;1		0	0	NO ANSWER	Queue	1791132382.67685	1791132344.67674
2026-10-04 13:46:23	83987830801	1600	Local/1722@from-queue-00003ef9;1		3	3	NO ANSWER	Queue	1791132382.67685	1791132344.67674
2026-10-04 13:46:23	1456	1600	Local/1709@from-queue-00003efa;1		0	0	NO ANSWER	Queue	1791132382.67685	1791132344.67674
2026-10-04 13:46:23	1456	1600	Local/1719@from-queue-00003efb;1		0	0	NO ANSWER	Queue	1791132382.67685	1791132344.67674
2026-10-04 13:46:23	1456	1600	Local/1705@from-queue-00003efc;1		0	0	NO ANSWER	Queue	1791132382.67685	1791132344.67674
2026-10-04 13:46:23	83987830801	1600	Local/1715@from-queue-00003efd;1		3	3	NO ANSWER	Queue	1791132382.67685	1791132344.67674
2026-10-04 13:46:23	1456	1600	Local/1725@from-queue-00003efe;1		0	0	NO ANSWER	Queue	1791132382.67685	1791132344.67674
2026-10-04 13:46:23	83987830801	1600	Local/1701@from-queue-00003eff;1		3	3	NO ANSWER	Queue	1791132382.67685	1791132344.67674
2026-10-04 13:46:23	1456	1600	Local/1711@from-queue-00003f00;1		0	0	NO ANSWER	Queue	1791132382.67685	1791132344.67674
2026-10-04 13:46:23	83987830801	1600	Local/1721@from-queue-00003f01;1		3	3	NO ANSWER	Queue	1791132382.67685	1791132344.67674
2026-10-04 13:46:23	1456	1600	Local/1708@from-queue-00003f02;1		0	0	NO ANSWER	Queue	1791132382.67685	1791132344.67674
2026-10-04 13:46:23	83987830801	1600	Local/1718@from-queue-00003f03;1		3	3	NO ANSWER	Queue	1791132382.67685	1791132344.67674
2026-10-04 13:46:23	83987830801	1716	PJSIP/1716-00008a9a		3	0	NO ANSWER	Dial	1791132383.67713	1791132344.67674
2026-10-04 13:46:23	83987830801	1721	PJSIP/1721-00008aa3		3	0	NO ANSWER	Dial	1791132383.67737	1791132344.67674
2026-10-04 13:46:23	83987830801	1702	PJSIP/1702-00008aa4		3	0	NO ANSWER	Dial	1791132383.67717	1791132344.67674
2026-10-04 13:46:23	83987830801	1701	PJSIP/1701-00008aa0		3	0	NO ANSWER	Dial	1791132383.67733	1791132344.67674
2026-10-04 13:46:23	83987830801	1715	PJSIP/1715-00008a9f		3	0	NO ANSWER	Dial	1791132383.67729	1791132344.67674
2026-10-04 13:46:23	83987830801	1717	PJSIP/1717-00008aa2		3	0	NO ANSWER	Dial	1791132383.67701	1791132344.67674
2026-10-04 13:46:23	83987830801	1722	PJSIP/1722-00008a98		3	0	NO ANSWER	Dial	1791132383.67721	1791132344.67674
2026-10-04 13:46:23	83987830801	1718	PJSIP/1718-00008aa1		3	0	NO ANSWER	Dial	1791132383.67741	1791132344.67674
2026-10-04 13:46:23	83987830801	1724	PJSIP/1724-00008a97		3	0	NO ANSWER	Dial	1791132383.67693	1791132344.67674
2026-10-04 13:46:23	83987830801	1703	PJSIP/1703-00008a9e		3	0	NO ANSWER	Dial	1791132383.67705	1791132344.67674
2026-10-04 13:46:25	1728	1600			0	0	ANSWERED		1791132382.67684	1791132344.67674
2026-10-04 13:46:26	83987830801	1500	Local/1728@from-queue-00003ee8;1	8335121500	593	593	ANSWERED	Dial	1791132344.67674	1791132344.67674
2026-10-04 13:45:47	81999539414	1500	PJSIP/1286-00008a8f	8335121500	4	0	NO ANSWER	Dial	1791132347.67676	1791132347.67676
2026-10-04 13:47:22	83996062400	1500	PJSIP/1290-00008ad6	8335121500	20	0	NO ANSWER	Dial	1791132442.67917	1791132442.67917
2026-10-04 13:47:43	83996062400	1500	PJSIP/1291-00008adc	8335121500	9	0	ANSWERED	Dial	1791132442.67917	1791132442.67917
2026-10-04 13:47:52	83996062400	1500	PJSIP/1454-00008ae1	8335121500	144	144	ANSWERED	Dial	1791132442.67917	1791132442.67917
2026-10-04 13:47:38	83921514395	1500	PJSIP/1456-00008adb	8335121500	75	71	ANSWERED	Dial	1791132458.67922	1791132458.67922
2026-10-04 13:47:44	83981115793	1500	PJSIP/1290-00008ade	8335121500	14	0	ANSWERED	Dial	1791132464.67925	1791132464.67925
2026-10-04 13:47:59	83981115793	1500	PJSIP/1425-00008ae2	8335121500	172	172	ANSWERED	Dial	1791132464.67925	1791132464.67925
2026-10-04 13:47:48	83999460213	1500	PJSIP/1286-00008ae0	8335121500	20	0	NO ANSWER	Dial	1791132468.67927	1791132468.67927
2026-10-04 13:48:08	83999460213	1500	PJSIP/1457-00008ae5	8335121500	219	213	ANSWERED	Dial	1791132468.67927	1791132468.67927
2026-10-04 13:48:09	988116508	1500	PJSIP/1286-00008ae7	8335121500	20	0	NO ANSWER	Dial	1791132489.67934	1791132489.67934
2026-10-04 13:48:29	988116508	1500	PJSIP/1290-00008aee	8335121500	20	0	NO ANSWER	Dial	1791132489.67934	1791132489.67934
2026-10-04 13:48:49	988116508	1500	PJSIP/1291-00008b04	8335121500	4	0	NO ANSWER	Dial	1791132489.67934	1791132489.67934
2026-10-04 13:48:30	83991500478	1500	PJSIP/1456-00008af0	8335121500	20	0	NO ANSWER	Dial	1791132510.67943	1791132510.67943
2026-10-04 13:48:50	83991500478	1500	PJSIP/1457-00008b05	8335121500	20	0	NO ANSWER	Dial	1791132510.67943	1791132510.67943
2026-10-04 13:49:10	83991500478	1500	PJSIP/1290-00008b09	8335121500	15	0	NO ANSWER	Dial	1791132510.67943	1791132510.67943
2026-10-04 13:48:34	84920019981	1500	PJSIP/1286-00008af2	8335121500	20	0	NO ANSWER	Dial	1791132514.67945	1791132514.67945
2026-10-04 13:48:54	84920019981	1500	PJSIP/1456-00008b06	8335121500	120	118	ANSWERED	Dial	1791132514.67945	1791132514.67945
2026-10-04 13:50:55	1456	1728	PJSIP/1728-00008b21		0	0	BUSY	Dial	1791132655.68051	1791132514.67945
2026-10-04 13:50:55	1456	1710	PJSIP/1710-00008b27		0	0	BUSY	Dial	1791132655.68059	1791132514.67945
2026-10-04 13:50:55	1456	1706	PJSIP/1706-00008b2a		0	0	BUSY	Dial	1791132655.68075	1791132514.67945
2026-10-04 13:50:55	1456	1711	PJSIP/1711-00008b2d		0	0	BUSY	Dial	1791132655.68099	1791132514.67945
2026-10-04 13:50:55	1456	s	Local/1600@from-internal-xfer-00003f58;1		2	2	ANSWERED	ExecIf	1791132534.68022	1791132514.67945
2026-10-04 13:50:55	1456	1600	Local/1728@from-queue-00003f59;1		0	0	NO ANSWER	Queue	1791132655.68049	1791132514.67945
2026-10-04 13:50:55	84920019981	1600	Local/1704@from-queue-00003f5a;1		3	3	NO ANSWER	Queue	1791132655.68049	1791132514.67945
2026-10-04 13:50:55	1456	1600	Local/1714@from-queue-00003f5b;1		0	0	NO ANSWER	Queue	1791132655.68049	1791132514.67945
2026-10-04 13:50:55	84920019981	1600	Local/1724@from-queue-00003f5c;1		3	3	NO ANSWER	Queue	1791132655.68049	1791132514.67945
2026-10-04 13:50:55	1456	1600	Local/1710@from-queue-00003f5d;1		0	0	NO ANSWER	Queue	1791132655.68049	1791132514.67945
2026-10-04 13:50:55	1456	1600	Local/1720@from-queue-00003f5e;1		0	0	NO ANSWER	Queue	1791132655.68049	1791132514.67945
2026-10-04 13:50:55	84920019981	1600	Local/1707@from-queue-00003f5f;1		3	3	ANSWERED	Queue	1791132655.68049	1791132514.67945
2026-10-04 13:50:55	84920019981	1600	Local/1717@from-queue-00003f60;1		3	3	NO ANSWER	Queue	1791132655.68049	1791132514.67945
2026-10-04 13:50:55	1456	1600	Local/1727@from-queue-00003f61;1		0	0	NO ANSWER	Queue	1791132655.68049	1791132514.67945
2026-10-04 13:50:55	84920019981	1600	Local/1703@from-queue-00003f62;1		3	3	NO ANSWER	Queue	1791132655.68049	1791132514.67945
2026-10-04 13:50:55	1456	1600	Local/1713@from-queue-00003f63;1		0	0	NO ANSWER	Queue	1791132655.68049	1791132514.67945
2026-10-04 13:50:55	1456	1600	Local/1723@from-queue-00003f64;1		0	0	NO ANSWER	Queue	1791132655.68049	1791132514.67945
2026-10-04 13:50:55	1456	1600	Local/1706@from-queue-00003f65;1		0	0	NO ANSWER	Queue	1791132655.68049	1791132514.67945
2026-10-04 13:50:55	84920019981	1600	Local/1716@from-queue-00003f66;1		3	3	NO ANSWER	Queue	1791132655.68049	1791132514.67945
2026-10-04 13:50:55	1456	1600	Local/1726@from-queue-00003f67;1		0	0	NO ANSWER	Queue	1791132655.68049	1791132514.67945
2026-10-04 13:50:55	84920019981	1600	Local/1702@from-queue-00003f68;1		3	3	NO ANSWER	Queue	1791132655.68049	1791132514.67945
2026-10-04 13:50:55	1456	1600	Local/1712@from-queue-00003f69;1		0	0	NO ANSWER	Queue	1791132655.68049	1791132514.67945
2026-10-04 13:50:55	1456	1600	Local/1722@from-queue-00003f6a;1		0	0	NO ANSWER	Queue	1791132655.68049	1791132514.67945
2026-10-04 13:50:55	1456	1600	Local/1709@from-queue-00003f6b;1		0	0	NO ANSWER	Queue	1791132655.68049	1791132514.67945
2026-10-04 13:50:55	1456	1600	Local/1719@from-queue-00003f6c;1		0	0	NO ANSWER	Queue	1791132655.68049	1791132514.67945
2026-10-04 13:50:55	1456	1600	Local/1705@from-queue-00003f6d;1		0	0	NO ANSWER	Queue	1791132655.68049	1791132514.67945
2026-10-04 13:50:55	84920019981	1600	Local/1715@from-queue-00003f6e;1		3	3	NO ANSWER	Queue	1791132655.68049	1791132514.67945
2026-10-04 13:50:55	1456	1600	Local/1725@from-queue-00003f6f;1		0	0	NO ANSWER	Queue	1791132655.68049	1791132514.67945
2026-10-04 13:50:55	84920019981	1600	Local/1701@from-queue-00003f70;1		3	3	NO ANSWER	Queue	1791132655.68049	1791132514.67945
2026-10-04 13:50:55	1456	1600	Local/1711@from-queue-00003f71;1		0	0	NO ANSWER	Queue	1791132655.68049	1791132514.67945
2026-10-04 13:50:55	84920019981	1600	Local/1721@from-queue-00003f72;1		3	3	NO ANSWER	Queue	1791132655.68049	1791132514.67945
2026-10-04 13:50:55	84920019981	1600	Local/1708@from-queue-00003f73;1		3	3	NO ANSWER	Queue	1791132655.68049	1791132514.67945
2026-10-04 13:50:55	84920019981	1600	Local/1718@from-queue-00003f74;1		3	3	NO ANSWER	Queue	1791132655.68049	1791132514.67945
2026-10-04 13:50:55	84920019981	1703	PJSIP/1703-00008b28		3	0	NO ANSWER	Dial	1791132655.68069	1791132514.67945
2026-10-04 13:50:55	84920019981	1716	PJSIP/1716-00008b2c		3	0	NO ANSWER	Dial	1791132655.68077	1791132514.67945
2026-10-04 13:50:55	84920019981	1717	PJSIP/1717-00008b2e		3	0	NO ANSWER	Dial	1791132655.68065	1791132514.67945
2026-10-04 13:50:55	84920019981	1724	PJSIP/1724-00008b23		3	0	NO ANSWER	Dial	1791132655.68057	1791132514.67945
2026-10-04 13:50:55	84920019981	1721	PJSIP/1721-00008b2f		3	0	NO ANSWER	Dial	1791132655.68101	1791132514.67945
2026-10-04 13:50:55	84920019981	1718	PJSIP/1718-00008b29		3	0	NO ANSWER	Dial	1791132655.68105	1791132514.67945
2026-10-04 13:50:55	84920019981	1701	PJSIP/1701-00008b2b		3	0	NO ANSWER	Dial	1791132655.68097	1791132514.67945
2026-10-04 13:50:55	84920019981	1704	PJSIP/1704-00008b26		3	0	NO ANSWER	Dial	1791132655.68053	1791132514.67945
2026-10-04 13:50:55	84920019981	1708	PJSIP/1708-00008b22		3	0	NO ANSWER	Dial	1791132655.68103	1791132514.67945
2026-10-04 13:50:55	84920019981	1715	PJSIP/1715-00008b24		3	0	NO ANSWER	Dial	1791132655.68093	1791132514.67945
2026-10-04 13:50:55	84920019981	1702	PJSIP/1702-00008b25		3	0	NO ANSWER	Dial	1791132655.68081	1791132514.67945
2026-10-04 13:50:55	84920019981	1707	PJSIP/1707-00008b20		400	397	ANSWERED	Dial	1791132655.68063	1791132514.67945
2026-10-04 13:50:55	84920019981	1500	Local/1600@from-internal-xfer-00003f58;1	8335121500	3	3	ANSWERED	Dial	1791132514.67945	1791132514.67945
2026-10-04 13:50:57	1707	1600			1	1	ANSWERED		1791132655.68048	1791132514.67945
2026-10-04 13:50:58	84920019981	1500	Local/1707@from-queue-00003f5f;1	8335121500	397	397	ANSWERED	Dial	1791132514.67945	1791132514.67945
2026-10-04 13:49:00	988116508	1500	PJSIP/1291-00008b08	8335121500	16	0	NO ANSWER	Dial	1791132540.68023	1791132540.68023
2026-10-04 13:49:48	83991500478	1500	PJSIP/1290-00008b12	8335121500	0	0	NO ANSWER	Dial	1791132588.68033	1791132588.68033
2026-10-04 13:49:59	83991500478	1500	PJSIP/1456-00008b14	8335121500	20	0	NO ANSWER	Dial	1791132599.68035	1791132599.68035
2026-10-04 13:50:19	83991500478	1500	PJSIP/1290-00008b1a	8335121500	11	0	NO ANSWER	Dial	1791132599.68035	1791132599.68035
2026-10-04 13:53:03	83998101246	1500	PJSIP/1457-00008b60	8335121500	96	92	ANSWERED	Dial	1791132783.68169	1791132783.68169
2026-10-04 13:54:18	83988025382	1500	PJSIP/1290-00008b6d	8335121500	4	0	NO ANSWER	Dial	1791132858.68182	1791132858.68182
2026-10-04 13:57:10	83999714722	1500	PJSIP/1286-00008ba2	8335121500	20	0	NO ANSWER	Dial	1791133030.68291	1791133030.68291
2026-10-04 13:57:31	83999714722	1500	PJSIP/1457-00008ba3	8335121500	90	88	ANSWERED	Dial	1791133030.68291	1791133030.68291
2026-10-04 13:57:51	83993129040	1500	PJSIP/1457-00008ba9	8335121500	20	0	NO ANSWER	Dial	1791133071.68298	1791133071.68298
2026-10-04 13:58:12	83993129040	1500	PJSIP/1291-00008bb2	8335121500	20	0	NO ANSWER	Dial	1791133071.68298	1791133071.68298
2026-10-04 13:58:32	83993129040	1500	PJSIP/1290-00008bbc	8335121500	15	0	NO ANSWER	Dial	1791133071.68298	1791133071.68298
2026-10-04 13:58:26	83998256699	1500	PJSIP/1286-00008bbb	8335121500	20	0	NO ANSWER	Dial	1791133106.68316	1791133106.68316
2026-10-04 13:58:46	83998256699	1500	PJSIP/1456-00008bc0	8335121500	218	214	ANSWERED	Dial	1791133106.68316	1791133106.68316
2026-10-04 13:59:16	83987720739	1500	PJSIP/1456-00008bc6	8335121500	20	0	NO ANSWER	Dial	1791133156.68327	1791133156.68327
2026-10-04 13:59:36	83987720739	1500	PJSIP/1457-00008bca	8335121500	259	256	ANSWERED	Dial	1791133156.68327	1791133156.68327
2026-10-04 13:59:46	83988516413	1500	PJSIP/1286-00008bce	8335121500	5	0	ANSWERED	Dial	1791133186.68335	1791133186.68335
2026-10-04 13:59:51	83988516413	1500	PJSIP/1425-00008bcf	8335121500	74	74	ANSWERED	Dial	1791133186.68335	1791133186.68335
2026-10-04 14:00:29	83988595605	1500	PJSIP/1457-00008bd9	8335121500	20	0	NO ANSWER	Dial	1791133229.68346	1791133229.68346
2026-10-04 14:00:50	83988595605	1500	PJSIP/1290-00008bdc	8335121500	8	0	NO ANSWER	Dial	1791133229.68346	1791133229.68346
2026-10-04 14:00:44	83988256601	1500	PJSIP/1286-00008bdb	8335121500	14	0	NO ANSWER	Dial	1791133244.68348	1791133244.68348
2026-10-04 14:01:27	83993129040	1500	PJSIP/1457-00008be5	8335121500	20	0	NO ANSWER	Dial	1791133287.68358	1791133287.68358
2026-10-04 14:01:47	83993129040	1500	PJSIP/1290-00008be9	8335121500	20	0	NO ANSWER	Dial	1791133287.68358	1791133287.68358
2026-10-04 14:02:07	83993129040	1500	PJSIP/1456-00008bea	8335121500	15	0	NO ANSWER	Dial	1791133287.68358	1791133287.68358
2026-10-04 14:02:29	83993129040	1500	PJSIP/1456-00008bf3	8335121500	84	81	ANSWERED	Dial	1791133349.68372	1791133349.68372
2026-10-04 14:02:59	83921514395	1500	PJSIP/1456-00008bf5	8335121500	20	0	NO ANSWER	Dial	1791133379.68374	1791133379.68374
2026-10-04 14:03:20	83921514395	1500	PJSIP/1457-00008bf9	8335121500	20	0	NO ANSWER	Dial	1791133379.68374	1791133379.68374
2026-10-04 14:03:40	83921514395	1500	PJSIP/1291-00008bff	8335121500	15	0	ANSWERED	Dial	1791133379.68374	1791133379.68374
2026-10-04 14:03:55	83921514395	1500	PJSIP/1425-00008c00	8335121500	45	45	ANSWERED	Dial	1791133379.68374	1791133379.68374
2026-10-04 14:04:02	83987136155	1500	PJSIP/1291-00008c05	8335121500	20	0	NO ANSWER	Dial	1791133442.68390	1791133442.68390
2026-10-04 14:04:22	83987136155	1500	PJSIP/1457-00008c0c	8335121500	248	241	ANSWERED	Dial	1791133442.68390	1791133442.68390
2026-10-04 14:08:59	83999684424	1500	PJSIP/1286-00008c36	8335121500	20	0	NO ANSWER	Dial	1791133739.68551	1791133739.68551
2026-10-04 14:09:20	83999684424	1500	PJSIP/1456-00008c3b	8335121500	20	0	NO ANSWER	Dial	1791133739.68551	1791133739.68551
2026-10-04 14:09:40	83999684424	1500	PJSIP/1457-00008c3c	8335121500	92	90	ANSWERED	Dial	1791133739.68551	1791133739.68551
2026-10-04 14:10:04	996209339	1500	PJSIP/1286-00008c3e	8335121500	9	0	ANSWERED	Dial	1791133804.68561	1791133804.68561
2026-10-04 14:10:14	996209339	1500	PJSIP/1425-00008c3f	8335121500	169	169	ANSWERED	Dial	1791133804.68561	1791133804.68561
2026-10-04 14:20:02	83988413400	1500	PJSIP/1290-00008c87	8335121500	20	0	NO ANSWER	Dial	1791134402.68634	1791134402.68634
2026-10-04 14:20:23	83988413400	1500	PJSIP/1286-00008c8b	8335121500	20	0	NO ANSWER	Dial	1791134402.68634	1791134402.68634
2026-10-04 14:20:43	83988413400	1500	PJSIP/1291-00008c96	8335121500	5	0	NO ANSWER	Dial	1791134402.68634	1791134402.68634
2026-10-04 14:21:06	83988067894	1500	PJSIP/1457-00008c98	8335121500	74	71	ANSWERED	Dial	1791134466.68651	1791134466.68651
2026-10-04 14:21:43	83999339484	1500	PJSIP/1291-00008c9e	8335121500	16	0	NO ANSWER	Dial	1791134503.68657	1791134503.68657
2026-10-04 14:21:47	83996455292	1500	PJSIP/1456-00008ca0	8335121500	20	0	NO ANSWER	Dial	1791134507.68659	1791134507.68659
2026-10-04 14:22:07	83996455292	1500	PJSIP/1457-00008ca1	8335121500	7	0	NO ANSWER	Dial	1791134507.68659	1791134507.68659
2026-10-04 14:22:21	83993614929	1500	PJSIP/1286-00008ca8	8335121500	20	0	NO ANSWER	Dial	1791134541.68667	1791134541.68667
2026-10-04 14:22:42	83993614929	1500	PJSIP/1457-00008cad	8335121500	98	95	ANSWERED	Dial	1791134541.68667	1791134541.68667
2026-10-04 14:24:04	83991500478	1500	PJSIP/1457-00008cc2	8335121500	69	50	ANSWERED	Dial	1791134644.68749	1791134644.68749
2026-10-04 14:24:46	83998411777	1500	PJSIP/1456-00008cc7	8335121500	18	0	ANSWERED	Dial	1791134686.68754	1791134686.68754
2026-10-04 14:25:05	83998411777	1500	PJSIP/1454-00008cca	8335121500	130	130	ANSWERED	Dial	1791134686.68754	1791134686.68754
2026-10-04 14:24:48	83993403437	1500	PJSIP/1291-00008cc9	8335121500	20	0	NO ANSWER	Dial	1791134688.68756	1791134688.68756
2026-10-04 14:25:09	83993403437	1500	PJSIP/1286-00008ccb	8335121500	13	0	ANSWERED	Dial	1791134688.68756	1791134688.68756
2026-10-04 14:25:22	83993403437	1500	PJSIP/1425-00008ccc	8335121500	65	65	ANSWERED	Dial	1791134688.68756	1791134688.68756
2026-10-04 14:28:44	83981618845	1500	PJSIP/1456-00008d00	8335121500	6	0	ANSWERED	Dial	1791134924.68867	1791134924.68867
2026-10-04 14:28:50	83981618845	1500	PJSIP/1324-00008d01	8335121500	62	62	ANSWERED	Dial	1791134924.68867	1791134924.68867
2026-10-04 14:28:58	83996478808	1500	PJSIP/1456-00008d03	8335121500	20	0	NO ANSWER	Dial	1791134938.68870	1791134938.68870
2026-10-04 14:29:19	83996478808	1500	PJSIP/1290-00008d06	8335121500	16	0	ANSWERED	Dial	1791134938.68870	1791134938.68870
2026-10-04 14:29:36	83996478808	1500	PJSIP/1326-00008d08	8335121500	128	128	ANSWERED	Dial	1791134938.68870	1791134938.68870
2026-10-04 14:29:12	83999854032	1500	PJSIP/1456-00008d05	8335121500	20	0	NO ANSWER	Dial	1791134952.68872	1791134952.68872
2026-10-04 14:29:32	83999854032	1500	PJSIP/1457-00008d07	8335121500	3	0	NO ANSWER	Dial	1791134952.68872	1791134952.68872
2026-10-04 14:30:08	83987972415	1500	PJSIP/1456-00008d14	8335121500	9	0	ANSWERED	Dial	1791135008.68887	1791135008.68887
2026-10-04 14:30:17	83987972415	1500	PJSIP/1454-00008d1a	8335121500	70	70	ANSWERED	Dial	1791135008.68887	1791135008.68887
2026-10-04 14:30:08	83921514395	1500	PJSIP/1457-00008d16	8335121500	61	49	ANSWERED	Dial	1791135008.68889	1791135008.68889
2026-10-04 14:33:39	996050301	1500	PJSIP/1290-00008d3d	8335121500	20	0	NO ANSWER	Dial	1791135219.68928	1791135219.68928
2026-10-04 14:33:59	996050301	1500	PJSIP/1457-00008d42	8335121500	115	109	ANSWERED	Dial	1791135219.68928	1791135219.68928
2026-10-04 14:33:57	83988267553	1500	PJSIP/1286-00008d41	8335121500	12	0	ANSWERED	Dial	1791135237.68932	1791135237.68932
2026-10-04 14:34:09	83988267553	1500	PJSIP/1326-00008d43	8335121500	92	92	ANSWERED	Dial	1791135237.68932	1791135237.68932
2026-10-04 14:35:45	83996664474	1500	PJSIP/1457-00008d4e	8335121500	20	0	NO ANSWER	Dial	1791135345.68945	1791135345.68945
2026-10-04 14:36:05	83996664474	1500	PJSIP/1286-00008d53	8335121500	20	0	NO ANSWER	Dial	1791135345.68945	1791135345.68945
2026-10-04 14:36:25	83996664474	1500	PJSIP/1291-00008d56	8335121500	9	0	ANSWERED	Dial	1791135345.68945	1791135345.68945
2026-10-04 14:36:35	83996664474	1500	PJSIP/1454-00008d6b	8335121500	41	41	ANSWERED	Dial	1791135345.68945	1791135345.68945
2026-10-04 14:36:00	999459751	1500	PJSIP/1456-00008d50	8335121500	11	0	ANSWERED	Dial	1791135360.68947	1791135360.68947
2026-10-04 14:36:11	999459751	1500	PJSIP/1326-00008d54	8335121500	164	164	ANSWERED	Dial	1791135360.68947	1791135360.68947
2026-10-04 14:36:03	83987136155	1500	PJSIP/1286-00008d52	8335121500	15	0	ANSWERED	Dial	1791135363.68949	1791135363.68949
2026-10-04 14:36:19	83987136155	1500	PJSIP/1324-00008d55	8335121500	169	169	ANSWERED	Dial	1791135363.68949	1791135363.68949
2026-10-04 14:39:42	981482885	1500	PJSIP/1286-00008dae	8335121500	6	0	ANSWERED	Dial	1791135582.69162	1791135582.69162
2026-10-04 14:39:48	981482885	1500	PJSIP/1326-00008daf	8335121500	19	19	ANSWERED	Dial	1791135582.69162	1791135582.69162
2026-10-04 14:40:47	83991258933	1500	PJSIP/1456-00008e02	8335121500	20	0	NO ANSWER	Dial	1791135647.69417	1791135647.69417
2026-10-04 14:41:07	83991258933	1500	PJSIP/1290-00008e05	8335121500	20	0	NO ANSWER	Dial	1791135647.69417	1791135647.69417
2026-10-04 14:41:28	83991258933	1500	PJSIP/1291-00008e07	8335121500	14	0	ANSWERED	Dial	1791135647.69417	1791135647.69417
2026-10-04 14:41:42	83991258933	1500	PJSIP/1454-00008e0c	8335121500	117	117	ANSWERED	Dial	1791135647.69417	1791135647.69417
2026-10-04 14:41:06	83981980344	1500	PJSIP/1456-00008e04	8335121500	20	0	NO ANSWER	Dial	1791135666.69419	1791135666.69419
2026-10-04 14:41:27	83981980344	1500	PJSIP/1286-00008e06	8335121500	4	0	ANSWERED	Dial	1791135666.69419	1791135666.69419
2026-10-04 14:41:31	83981980344	1500	PJSIP/1326-00008e08	8335121500	59	59	ANSWERED	Dial	1791135666.69419	1791135666.69419
2026-10-04 14:41:57	83999817880	1500	PJSIP/1291-00008e17	8335121500	17	0	NO ANSWER	Dial	1791135717.69438	1791135717.69438
2026-10-04 14:42:19	87999662131	1500	PJSIP/1291-00008e19	8335121500	18	0	ANSWERED	Dial	1791135739.69440	1791135739.69440
2026-10-04 14:42:37	87999662131	1500	PJSIP/1326-00008e1d	8335121500	189	189	ANSWERED	Dial	1791135739.69440	1791135739.69440
2026-10-04 14:44:44	83986611718	1500	PJSIP/1456-00008e40	8335121500	15	0	NO ANSWER	Dial	1791135884.69535	1791135884.69535
2026-10-04 14:47:30	8332241283	1500	PJSIP/1290-00008e8a	8335121500	20	0	NO ANSWER	Dial	1791136050.69777	1791136050.69777
2026-10-04 14:47:51	8332241283	1500	PJSIP/1291-00008e8d	8335121500	13	0	ANSWERED	Dial	1791136050.69777	1791136050.69777
2026-10-04 14:48:04	8332241283	1500	PJSIP/1454-00008e8e	8335121500	105	105	ANSWERED	Dial	1791136050.69777	1791136050.69777
2026-10-04 14:49:06	83981472730	1500	PJSIP/1456-00008e98	8335121500	20	0	NO ANSWER	Dial	1791136146.69791	1791136146.69791
2026-10-04 14:49:26	83981472730	1500	PJSIP/1286-00008e99	8335121500	18	0	ANSWERED	Dial	1791136146.69791	1791136146.69791
2026-10-04 14:49:45	83981472730	1500	PJSIP/1425-00008e9a	8335121500	90	90	ANSWERED	Dial	1791136146.69791	1791136146.69791
2026-10-04 14:50:58	981980344	1500	PJSIP/1457-00008ea3	8335121500	8	0	ANSWERED	Dial	1791136258.69802	1791136258.69802
2026-10-04 14:51:07	981980344	1500	PJSIP/1324-00008ea5	8335121500	227	227	ANSWERED	Dial	1791136258.69802	1791136258.69802
2026-10-04 15:01:06	83998117558	1500	PJSIP/1291-00008edd	8335121500	8	0	BUSY	Dial	1791136866.69918	1791136866.69918
2026-10-04 15:01:15	83998117558	1500	PJSIP/1457-00008ede	8335121500	94	91	ANSWERED	Dial	1791136866.69918	1791136866.69918
2026-10-04 15:06:11	81994492131	1500	PJSIP/1290-00008f08	8335121500	19	0	NO ANSWER	Dial	1791137171.70017	1791137171.70017
2026-10-04 15:06:46	83921514395	1500	PJSIP/1291-00008f13	8335121500	7	0	ANSWERED	Dial	1791137206.70028	1791137206.70028
2026-10-04 15:06:54	83921514395	1500	PJSIP/1454-00008f14	8335121500	73	73	ANSWERED	Dial	1791137206.70028	1791137206.70028
2026-10-04 15:13:08	81982703175	1500	PJSIP/1286-00008f8c	8335121500	7	0	ANSWERED	Dial	1791137588.70317	1791137588.70317
2026-10-04 15:13:15	81982703175	1500	PJSIP/1324-00008f8d	8335121500	90	90	ANSWERED	Dial	1791137588.70317	1791137588.70317
2026-10-04 15:13:31	996664474	1500	PJSIP/1291-00008f92	8335121500	0	0	NO ANSWER	Dial	1791137611.70323	1791137611.70323
2026-10-04 15:14:02	83988753743	1500	PJSIP/1291-00008f96	8335121500	4	0	ANSWERED	Dial	1791137642.70327	1791137642.70327
2026-10-04 15:14:07	83988753743	1500	PJSIP/1454-00008f99	8335121500	75	75	ANSWERED	Dial	1791137642.70327	1791137642.70327
2026-10-04 15:14:04	83991752805	1500	PJSIP/1286-00008f98	8335121500	4	0	ANSWERED	Dial	1791137644.70329	1791137644.70329
2026-10-04 15:14:08	83991752805	1500	PJSIP/1323-00008f9a	8335121500	84	84	ANSWERED	Dial	1791137644.70329	1791137644.70329
2026-10-04 15:15:12	83988067894	1500	PJSIP/1290-00008fa3	8335121500	20	0	NO ANSWER	Dial	1791137712.70339	1791137712.70339
2026-10-04 15:15:32	83988067894	1500	PJSIP/1457-00008fae	8335121500	73	71	ANSWERED	Dial	1791137712.70339	1791137712.70339
2026-10-04 15:15:17	83921514395	1500	PJSIP/1290-00008fa9	8335121500	20	0	NO ANSWER	Dial	1791137717.70346	1791137717.70346
2026-10-04 15:15:37	83921514395	1500	PJSIP/1286-00008fb3	8335121500	11	0	ANSWERED	Dial	1791137717.70346	1791137717.70346
2026-10-04 15:15:49	83921514395	1500	PJSIP/1454-00008fb8	8335121500	63	63	ANSWERED	Dial	1791137717.70346	1791137717.70346
2026-10-04 15:15:36	83999482290	1500	PJSIP/1290-00008fb2	8335121500	6	0	ANSWERED	Dial	1791137736.70354	1791137736.70354
2026-10-04 15:15:42	83999482290	1500	PJSIP/1323-00008fb7	8335121500	118	118	ANSWERED	Dial	1791137736.70354	1791137736.70354
2026-10-04 15:16:19	996478808	1500	PJSIP/1456-00008fbd	8335121500	16	0	ANSWERED	Dial	1791137779.70366	1791137779.70366
2026-10-04 15:16:35	996478808	1500	PJSIP/1324-00008fbe	8335121500	84	84	ANSWERED	Dial	1791137779.70366	1791137779.70366
2026-10-04 15:16:54	83981618845	1500	PJSIP/1291-00008fc0	8335121500	8	0	ANSWERED	Dial	1791137814.70369	1791137814.70369
2026-10-04 15:17:03	83981618845	1500	PJSIP/1454-00008fc1	8335121500	82	82	ANSWERED	Dial	1791137814.70369	1791137814.70369
2026-10-04 15:18:40	83988227879	1500	PJSIP/1290-00008fd9	8335121500	6	0	ANSWERED	Dial	1791137920.70394	1791137920.70394
2026-10-04 15:18:46	83988227879	1500	PJSIP/1454-00008fdc	8335121500	157	157	ANSWERED	Dial	1791137920.70394	1791137920.70394
2026-10-04 15:18:41	99991632009	1500	PJSIP/1291-00008fdb	8335121500	5	0	ANSWERED	Dial	1791137921.70396	1791137921.70396
2026-10-04 15:18:47	99991632009	1500	PJSIP/1323-00008fdd	8335121500	79	79	ANSWERED	Dial	1791137921.70396	1791137921.70396
2026-10-04 15:22:12	991613216	1500	PJSIP/1286-0000901d	8335121500	11	0	ANSWERED	Dial	1791138132.70574	1791138132.70574
2026-10-04 15:22:24	991613216	1500	PJSIP/1454-00009021	8335121500	22	22	ANSWERED	Dial	1791138132.70574	1791138132.70574
2026-10-04 15:23:25	83996478808	1500	PJSIP/1456-0000902e	8335121500	17	0	ANSWERED	Dial	1791138205.70591	1791138205.70591
2026-10-04 15:23:42	83996478808	1500	PJSIP/1323-00009045	8335121500	55	55	ANSWERED	Dial	1791138205.70591	1791138205.70591
2026-10-04 15:27:46	83991500478	1500	PJSIP/1286-0000907a	8335121500	12	0	ANSWERED	Dial	1791138466.70779	1791138466.70779
2026-10-04 15:27:58	83991500478	1500	PJSIP/1454-0000907b	8335121500	179	179	ANSWERED	Dial	1791138466.70779	1791138466.70779
2026-10-04 15:29:45	83987136155	1500	PJSIP/1457-00009097	8335121500	12	0	ANSWERED	Dial	1791138585.70808	1791138585.70808
2026-10-04 15:29:58	83987136155	1500	PJSIP/1323-0000909b	8335121500	54	54	ANSWERED	Dial	1791138585.70808	1791138585.70808
2026-10-04 15:34:10	84987415310	1500	PJSIP/1286-000090c3	8335121500	17	0	ANSWERED	Dial	1791138850.70852	1791138850.70852
2026-10-04 15:34:28	84987415310	1500	PJSIP/1454-000090c4	8335121500	52	52	ANSWERED	Dial	1791138850.70852	1791138850.70852
2026-10-04 15:39:21	83987136155	1500	PJSIP/1286-000090f7	8335121500	5	0	NO ANSWER	Dial	1791139161.70904	1791139161.70904
2026-10-04 15:39:23	83921514395	1500	PJSIP/1456-000090f9	8335121500	55	52	ANSWERED	Dial	1791139163.70906	1791139163.70906
2026-10-04 15:40:08	83987136155	1500	PJSIP/1290-000090fe	8335121500	20	0	NO ANSWER	Dial	1791139208.70911	1791139208.70911
2026-10-04 15:40:28	83987136155	1500	PJSIP/1456-00009105	8335121500	62	59	ANSWERED	Dial	1791139208.70911	1791139208.70911
2026-10-04 15:41:27	998788551	1500	PJSIP/1456-0000911a	8335121500	53	48	ANSWERED	Dial	1791139287.70995	1791139287.70995
2026-10-04 15:42:01	83988834486	1500	PJSIP/1291-0000911f	8335121500	6	0	ANSWERED	Dial	1791139321.71000	1791139321.71000
2026-10-04 15:42:08	83988834486	1500	PJSIP/1454-00009120	8335121500	98	98	ANSWERED	Dial	1791139321.71000	1791139321.71000
2026-10-04 15:44:01	83921514395	1500	PJSIP/1456-00009133	8335121500	49	46	ANSWERED	Dial	1791139441.71020	1791139441.71020
2026-10-04 15:44:37	84991601179	1500	PJSIP/1457-0000913e	8335121500	14	0	ANSWERED	Dial	1791139477.71031	1791139477.71031
2026-10-04 15:44:51	84991601179	1500	PJSIP/1326-0000913f	8335121500	4	4	ANSWERED	Dial	1791139477.71031	1791139477.71031
2026-10-04 15:47:09	85988662804	1500	PJSIP/1457-0000915f	8335121500	10	0	ANSWERED	Dial	1791139629.71120	1791139629.71120
2026-10-04 15:47:19	85988662804	1500	PJSIP/1323-00009163	8335121500	87	87	ANSWERED	Dial	1791139629.71120	1791139629.71120
2026-10-04 15:47:57	83988248548	1500	PJSIP/1286-00009169	8335121500	20	0	NO ANSWER	Dial	1791139677.71130	1791139677.71130
2026-10-04 15:48:17	83988248548	1500	PJSIP/1457-0000916a	8335121500	15	0	ANSWERED	Dial	1791139677.71130	1791139677.71130
2026-10-04 15:48:33	83988248548	1500	PJSIP/1454-00009172	8335121500	16	16	ANSWERED	Dial	1791139677.71130	1791139677.71130
2026-10-04 15:48:35	83988265441	1500	PJSIP/1291-00009174	8335121500	20	0	NO ANSWER	Dial	1791139715.71141	1791139715.71141
2026-10-04 15:48:55	83988265441	1500	PJSIP/1286-00009179	8335121500	3	0	ANSWERED	Dial	1791139715.71141	1791139715.71141
2026-10-04 15:48:59	83988265441	1500	PJSIP/1454-0000917a	8335121500	124	124	ANSWERED	Dial	1791139715.71141	1791139715.71141
2026-10-04 15:49:11	83981668473	1500	PJSIP/1456-00009191	8335121500	3	0	NO ANSWER	Dial	1791139751.71226	1791139751.71226
2026-10-04 15:50:34	83988588757	1500	PJSIP/1286-000091ad	8335121500	11	0	ANSWERED	Dial	1791139834.71310	1791139834.71310
2026-10-04 15:50:45	83988588757	1500	PJSIP/1323-000091ae	8335121500	214	214	ANSWERED	Dial	1791139834.71310	1791139834.71310
2026-10-04 15:58:14	11941932852	1500	PJSIP/1286-0000924a	8335121500	5	0	ANSWERED	Dial	1791140294.71747	1791140294.71747
2026-10-04 15:58:19	11941932852	1500	PJSIP/1323-0000924b	8335121500	69	69	ANSWERED	Dial	1791140294.71747	1791140294.71747
2026-10-04 16:02:43	996887791	1500	PJSIP/1286-000092a2	8335121500	9	0	ANSWERED	Dial	1791140563.71949	1791140563.71949
2026-10-04 16:02:52	996887791	1500	PJSIP/1323-000092a5	8335121500	547	547	ANSWERED	Dial	1791140563.71949	1791140563.71949
2026-10-04 16:02:48	83981618845	1500	PJSIP/1291-000092a4	8335121500	11	0	ANSWERED	Dial	1791140568.71951	1791140568.71951
2026-10-04 16:03:00	83981618845	1500	PJSIP/1454-000092a6	8335121500	64	64	ANSWERED	Dial	1791140568.71951	1791140568.71951
2026-10-04 16:03:26	83991345145	1500	PJSIP/1457-000092b3	8335121500	59	56	ANSWERED	Dial	1791140606.71966	1791140606.71966
2026-10-04 16:04:12	83988568647	1500	PJSIP/1291-000092b7	8335121500	8	0	ANSWERED	Dial	1791140652.71970	1791140652.71970
2026-10-04 16:04:21	83988568647	1500	PJSIP/1454-000092ca	8335121500	144	144	ANSWERED	Dial	1791140652.71970	1791140652.71970
2026-10-04 16:08:11	83987136155	1500	PJSIP/1290-0000931c	8335121500	20	0	NO ANSWER	Dial	1791140891.72238	1791140891.72238
2026-10-04 16:08:32	83987136155	1500	PJSIP/1291-00009339	8335121500	9	0	ANSWERED	Dial	1791140891.72238	1791140891.72238
2026-10-04 16:08:41	83987136155	1500	PJSIP/1426-0000933d	8335121500	72	72	ANSWERED	Dial	1791140891.72238	1791140891.72238
2026-10-04 16:08:16	83987444896	1500	PJSIP/1286-00009320	8335121500	20	0	NO ANSWER	Dial	1791140896.72243	1791140896.72243
2026-10-04 16:08:36	83987444896	1500	PJSIP/1456-0000933c	8335121500	54	52	ANSWERED	Dial	1791140896.72243	1791140896.72243
2026-10-04 16:11:16	83921514395	1500	PJSIP/1286-0000937c	8335121500	20	0	NO ANSWER	Dial	1791141076.72503	1791141076.72503
2026-10-04 16:11:36	83921514395	1500	PJSIP/1291-00009382	8335121500	20	0	NO ANSWER	Dial	1791141076.72503	1791141076.72503
2026-10-04 16:11:56	83921514395	1500	PJSIP/1290-00009384	8335121500	20	0	NO ANSWER	Dial	1791141076.72503	1791141076.72503
2026-10-04 16:12:16	83921514395	1500	PJSIP/1456-0000938d	8335121500	3	0	NO ANSWER	Dial	1791141076.72503	1791141076.72503
2026-10-04 16:12:33	83921514395	1500	PJSIP/1291-0000938f	8335121500	10	0	ANSWERED	Dial	1791141153.72522	1791141153.72522
2026-10-04 16:12:43	83921514395	1500	PJSIP/1323-00009391	8335121500	86	86	ANSWERED	Dial	1791141153.72522	1791141153.72522
2026-10-04 16:12:48	83981618845	1500	PJSIP/1457-00009394	8335121500	144	142	ANSWERED	Dial	1791141168.72527	1791141168.72527
2026-10-04 16:13:20	987771290	1500	PJSIP/1457-0000939c	8335121500	20	0	NO ANSWER	Dial	1791141200.72535	1791141200.72535
2026-10-04 16:13:40	987771290	1500	PJSIP/1286-0000939f	8335121500	4	0	NO ANSWER	Dial	1791141200.72535	1791141200.72535
2026-10-04 16:13:46	83987136155	1500	PJSIP/1456-000093a1	8335121500	45	39	ANSWERED	Dial	1791141226.72540	1791141226.72540
2026-10-04 16:13:46	83987771290	1500	PJSIP/1291-000093a3	8335121500	12	0	ANSWERED	Dial	1791141226.72542	1791141226.72542
2026-10-04 16:13:59	83987771290	1500	PJSIP/1425-000093a7	8335121500	48	48	ANSWERED	Dial	1791141226.72542	1791141226.72542
2026-10-04 16:14:39	83988303460	1500	PJSIP/1286-000093ba	8335121500	4	0	ANSWERED	Dial	1791141279.72621	1791141279.72621
2026-10-04 16:14:43	83988303460	1500	PJSIP/1323-000093bb	8335121500	147	147	ANSWERED	Dial	1791141279.72621	1791141279.72621
2026-10-04 16:16:11	83987209797	1500	PJSIP/1456-000093d2	8335121500	57	55	ANSWERED	Dial	1791141371.72645	1791141371.72645
2026-10-04 16:16:50	83981618845	1500	PJSIP/1457-000093e5	8335121500	25	19	ANSWERED	Dial	1791141410.72664	1791141410.72664
2026-10-04 16:17:24	83987136155	1500	PJSIP/1456-000093ff	8335121500	65	63	ANSWERED	Dial	1791141444.72746	1791141444.72746
2026-10-04 16:19:49	83987231201	1500	PJSIP/1291-0000942b	8335121500	10	0	ANSWERED	Dial	1791141589.72848	1791141589.72848
2026-10-04 16:20:00	83987231201	1500	PJSIP/1454-0000943e	8335121500	184	184	ANSWERED	Dial	1791141589.72848	1791141589.72848
2026-10-04 16:23:13	8335787779	1500	PJSIP/1286-00009466	8335121500	20	0	NO ANSWER	Dial	1791141793.73019	1791141793.73019
2026-10-04 16:23:33	8335787779	1500	PJSIP/1456-00009468	8335121500	57	53	ANSWERED	Dial	1791141793.73019	1791141793.73019
2026-10-04 16:34:10	83988944522	1500	PJSIP/1290-00009508	8335121500	0	0	NO ANSWER	Dial	1791142450.73519	1791142450.73519
2026-10-04 16:35:49	83988051210	1500	PJSIP/1286-00009522	8335121500	20	0	NO ANSWER	Dial	1791142549.73547	1791142549.73547
2026-10-04 16:36:10	83988051210	1500	PJSIP/1290-00009526	8335121500	20	0	NO ANSWER	Dial	1791142549.73547	1791142549.73547
2026-10-04 16:36:30	83988051210	1500	PJSIP/1457-00009527	8335121500	84	79	ANSWERED	Dial	1791142549.73547	1791142549.73547
2026-10-04 16:36:00	83989021994	1500	PJSIP/1290-00009524	8335121500	6	0	NO ANSWER	Dial	1791142560.73549	1791142560.73549
2026-10-04 16:38:14	83981618845	1500	PJSIP/1456-0000953b	8335121500	20	0	NO ANSWER	Dial	1791142694.73572	1791142694.73572
2026-10-04 16:38:34	83981618845	1500	PJSIP/1457-00009540	8335121500	73	70	ANSWERED	Dial	1791142694.73572	1791142694.73572
2026-10-04 16:39:06	999454026	1500	PJSIP/1456-00009542	8335121500	20	0	NO ANSWER	Dial	1791142746.73579	1791142746.73579
2026-10-04 16:39:26	999454026	1500	PJSIP/1286-00009545	8335121500	18	0	NO ANSWER	Dial	1791142746.73579	1791142746.73579
2026-10-04 16:41:04	81994261731	1500	PJSIP/1456-0000955b	8335121500	20	0	NO ANSWER	Dial	1791142864.73604	1791142864.73604
2026-10-04 16:41:25	81994261731	1500	PJSIP/1457-00009560	8335121500	20	0	NO ANSWER	Dial	1791142864.73604	1791142864.73604
2026-10-04 16:41:45	81994261731	1500	PJSIP/1291-00009569	8335121500	7	0	ANSWERED	Dial	1791142864.73604	1791142864.73604
2026-10-04 16:41:52	81994261731	1500	PJSIP/1454-0000956a	8335121500	59	59	ANSWERED	Dial	1791142864.73604	1791142864.73604
2026-10-04 16:41:18	83988303460	1500	PJSIP/1457-0000955f	8335121500	156	153	ANSWERED	Dial	1791142878.73608	1791142878.73608
2026-10-04 16:46:07	83989021994	1500	PJSIP/1290-00009596	8335121500	20	0	NO ANSWER	Dial	1791143167.73663	1791143167.73663
2026-10-04 16:46:28	83989021994	1500	PJSIP/1456-00009597	8335121500	11	0	ANSWERED	Dial	1791143167.73663	1791143167.73663
2026-10-04 16:46:39	83989021994	1500	PJSIP/1323-0000959a	8335121500	43	43	ANSWERED	Dial	1791143167.73663	1791143167.73663
2026-10-04 16:46:30	83996175280	1500	PJSIP/1291-00009599	8335121500	20	0	NO ANSWER	Dial	1791143190.73666	1791143190.73666
2026-10-04 16:46:51	83996175280	1500	PJSIP/1290-0000959b	8335121500	20	0	NO ANSWER	Dial	1791143190.73666	1791143190.73666
2026-10-04 16:47:11	83996175280	1500	PJSIP/1286-0000959c	8335121500	9	0	NO ANSWER	Dial	1791143190.73666	1791143190.73666
2026-10-04 16:50:41	83987136155	1500	PJSIP/1290-000095b4	8335121500	20	0	NO ANSWER	Dial	1791143441.73693	1791143441.73693
2026-10-04 16:51:01	83987136155	1500	PJSIP/1456-000095b5	8335121500	57	53	ANSWERED	Dial	1791143441.73693	1791143441.73693
2026-10-04 16:52:34	83987672928	1500	PJSIP/1456-000095bd	8335121500	144	140	ANSWERED	Dial	1791143554.73702	1791143554.73702
2026-10-04 16:53:30	83987231201	1500	PJSIP/1286-000095c4	8335121500	20	0	NO ANSWER	Dial	1791143610.73709	1791143610.73709
2026-10-04 16:53:51	83987231201	1500	PJSIP/1456-000095c5	8335121500	20	0	NO ANSWER	Dial	1791143610.73709	1791143610.73709
2026-10-04 16:54:11	83987231201	1500	PJSIP/1291-000095c6	8335121500	9	0	ANSWERED	Dial	1791143610.73709	1791143610.73709
2026-10-04 16:54:21	83987231201	1500	PJSIP/1454-000095c9	8335121500	104	104	ANSWERED	Dial	1791143610.73709	1791143610.73709
2026-10-04 16:57:36	83988303460	1500	PJSIP/1291-000095d2	8335121500	20	0	NO ANSWER	Dial	1791143856.73723	1791143856.73723
2026-10-04 16:57:57	83988303460	1500	PJSIP/1456-000095d9	8335121500	131	127	ANSWERED	Dial	1791143856.73723	1791143856.73723
2026-10-04 17:03:59	83991345145	1500	PJSIP/1457-0000960d	8335121500	71	53	ANSWERED	Dial	1791144239.73784	1791144239.73784
2026-10-04 17:06:48	83981472730	1500	PJSIP/1456-0000961b	8335121500	290	286	ANSWERED	Dial	1791144408.73798	1791144408.73798
2026-10-04 17:08:05	83987231201	1500	PJSIP/1456-0000962f	8335121500	20	0	NO ANSWER	Dial	1791144485.73818	1791144485.73818
2026-10-04 17:08:26	83987231201	1500	PJSIP/1286-00009644	8335121500	6	0	ANSWERED	Dial	1791144485.73818	1791144485.73818
2026-10-04 17:08:32	83987231201	1500	PJSIP/1425-00009645	8335121500	120	120	ANSWERED	Dial	1791144485.73818	1791144485.73818
2026-10-04 17:24:35	83987952076	1500	PJSIP/1291-000097cf	8335121500	0	0	NO ANSWER	Dial	1791145475.75130	1791145475.75130
2026-10-04 17:37:49	83987242910	1500	PJSIP/1291-00009940	8335121500	11	0	ANSWERED	Dial	1791146269.76397	1791146269.76397
2026-10-04 17:38:00	83987242910	1500	PJSIP/1454-0000994c	8335121500	23	23	ANSWERED	Dial	1791146269.76397	1791146269.76397
2026-10-04 17:37:54	8335121567	35121500	PJSIP/Brisa-00009945		27	22	ANSWERED	Dial	1791146274.76402	1791146274.76402
2026-10-04 17:37:55	8335121567	1500	PJSIP/1457-00009947	8335121500	27	22	ANSWERED	Dial	1791146275.76404	1791146275.76404
2026-10-04 17:43:14	998587482	1500	PJSIP/1291-00009a48	8335121500	19	0	ANSWERED	Dial	1791146594.77277	1791146594.77277
2026-10-04 17:43:34	998587482	1500	PJSIP/1425-00009a49	8335121500	53	53	ANSWERED	Dial	1791146594.77277	1791146594.77277
2026-10-04 17:45:33	83920004019	1500	PJSIP/1291-00009a8a	8335121500	9	0	ANSWERED	Dial	1791146733.77511	1791146733.77511
2026-10-04 17:45:42	83920004019	1500	PJSIP/1425-00009a8b	8335121500	30	30	ANSWERED	Dial	1791146733.77511	1791146733.77511
2026-10-04 17:50:54	83988483753	1500	PJSIP/1456-00009ba8	8335121500	35	20	ANSWERED	Dial	1791147054.78581	1791147054.78581
2026-10-04 17:51:29	1456	s	Local/1600@from-internal-xfer-00004bc9;1		2	2	ANSWERED	ExecIf	1791147054.78582	1791147054.78581
2026-10-04 17:51:29	83988483753	1600	Local/1728@from-queue-00004be6;1		27	27	NO ANSWER	Queue	1791147089.78679	1791147054.78581
2026-10-04 17:51:29	83988483753	1500	Local/1600@from-internal-xfer-00004bc9;1	8335121500	27	27	ANSWERED	Dial	1791147054.78581	1791147054.78581
2026-10-04 17:51:31	1724	1600			25	25	ANSWERED		1791147089.78678	1791147054.78581
2026-10-04 17:51:53	83988483753	1710	PJSIP/1710-00009bd9		0	0	BUSY	Dial	1791147113.78765	1791147054.78581
2026-10-04 17:51:53	83988483753	1716	PJSIP/1716-00009bdd		0	0	BUSY	Dial	1791147113.78783	1791147054.78581
2026-10-04 17:51:53	83988483753	1706	PJSIP/1706-00009be6		0	0	BUSY	Dial	1791147113.78781	1791147054.78581
2026-10-04 17:51:53	83988483753	1711	PJSIP/1711-00009be8		0	0	BUSY	Dial	1791147113.78805	1791147054.78581
2026-10-04 17:51:53	83988483753	1600	Local/1704@from-queue-00004be7;1		3	3	NO ANSWER	Queue	1791147089.78679	1791147054.78581
2026-10-04 17:51:53	83988483753	1600	Local/1714@from-queue-00004be8;1		3	3	NO ANSWER	Queue	1791147089.78679	1791147054.78581
2026-10-04 17:51:53	83988483753	1600	Local/1724@from-queue-00004be9;1		3	3	ANSWERED	Queue	1791147089.78679	1791147054.78581
2026-10-04 17:51:53	83988483753	1600	Local/1710@from-queue-00004bea;1		0	0	NO ANSWER	Queue	1791147089.78679	1791147054.78581
2026-10-04 17:51:53	83988483753	1600	Local/1720@from-queue-00004beb;1		0	0	NO ANSWER	Queue	1791147089.78679	1791147054.78581
2026-10-04 17:51:53	83988483753	1600	Local/1707@from-queue-00004bec;1		3	3	NO ANSWER	Queue	1791147089.78679	1791147054.78581
2026-10-04 17:51:53	83988483753	1600	Local/1717@from-queue-00004bed;1		0	0	NO ANSWER	Queue	1791147089.78679	1791147054.78581
2026-10-04 17:51:53	83988483753	1600	Local/1727@from-queue-00004bee;1		0	0	NO ANSWER	Queue	1791147089.78679	1791147054.78581
2026-10-04 17:51:53	83988483753	1600	Local/1703@from-queue-00004bef;1		3	3	NO ANSWER	Queue	1791147089.78679	1791147054.78581
2026-10-04 17:51:53	83988483753	1600	Local/1713@from-queue-00004bf0;1		3	3	NO ANSWER	Queue	1791147089.78679	1791147054.78581
2026-10-04 17:51:53	83988483753	1600	Local/1723@from-queue-00004bf1;1		0	0	NO ANSWER	Queue	1791147089.78679	1791147054.78581
2026-10-04 17:51:53	83988483753	1600	Local/1706@from-queue-00004bf2;1		0	0	NO ANSWER	Queue	1791147089.78679	1791147054.78581
2026-10-04 17:51:53	83988483753	1600	Local/1716@from-queue-00004bf3;1		0	0	NO ANSWER	Queue	1791147089.78679	1791147054.78581
2026-10-04 17:51:53	83988483753	1600	Local/1726@from-queue-00004bf4;1		3	3	NO ANSWER	Queue	1791147089.78679	1791147054.78581
2026-10-04 17:51:53	83988483753	1600	Local/1702@from-queue-00004bf5;1		3	3	NO ANSWER	Queue	1791147089.78679	1791147054.78581
2026-10-04 17:51:53	83988483753	1600	Local/1712@from-queue-00004bf6;1		0	0	NO ANSWER	Queue	1791147089.78679	1791147054.78581
2026-10-04 17:51:53	83988483753	1600	Local/1722@from-queue-00004bf7;1		0	0	NO ANSWER	Queue	1791147089.78679	1791147054.78581
2026-10-04 17:51:53	83988483753	1600	Local/1709@from-queue-00004bf8;1		0	0	NO ANSWER	Queue	1791147089.78679	1791147054.78581
2026-10-04 17:51:53	83988483753	1600	Local/1719@from-queue-00004bf9;1		0	0	NO ANSWER	Queue	1791147089.78679	1791147054.78581
2026-10-04 17:51:53	83988483753	1600	Local/1705@from-queue-00004bfa;1		0	0	NO ANSWER	Queue	1791147089.78679	1791147054.78581
2026-10-04 17:51:53	83988483753	1600	Local/1715@from-queue-00004bfb;1		3	3	NO ANSWER	Queue	1791147089.78679	1791147054.78581
2026-10-04 17:51:53	83988483753	1600	Local/1725@from-queue-00004bfc;1		3	3	NO ANSWER	Queue	1791147089.78679	1791147054.78581
2026-10-04 17:51:53	83988483753	1600	Local/1701@from-queue-00004bfd;1		3	3	NO ANSWER	Queue	1791147089.78679	1791147054.78581
2026-10-04 17:51:53	83988483753	1600	Local/1711@from-queue-00004bfe;1		0	0	NO ANSWER	Queue	1791147089.78679	1791147054.78581
2026-10-04 17:51:53	83988483753	1600	Local/1721@from-queue-00004bff;1		3	3	NO ANSWER	Queue	1791147089.78679	1791147054.78581
2026-10-04 17:51:53	83988483753	1600	Local/1708@from-queue-00004c00;1		0	0	NO ANSWER	Queue	1791147089.78679	1791147054.78581
2026-10-04 17:51:53	83988483753	1600	Local/1718@from-queue-00004c01;1		3	3	NO ANSWER	Queue	1791147089.78679	1791147054.78581
2026-10-04 17:51:53	83988483753	1704	PJSIP/1704-00009bdc		3	0	NO ANSWER	Dial	1791147113.78759	1791147054.78581
2026-10-04 17:51:53	83988483753	1714	PJSIP/1714-00009be2		3	0	NO ANSWER	Dial	1791147113.78761	1791147054.78581
2026-10-04 17:51:53	83988483753	1728	PJSIP/1728-00009bda		3	0	NO ANSWER	Dial	1791147113.78757	1791147054.78581
2026-10-04 17:51:53	83988483753	1703	PJSIP/1703-00009bde		3	0	NO ANSWER	Dial	1791147113.78775	1791147054.78581
2026-10-04 17:51:53	83988483753	1725	PJSIP/1725-00009be1		3	0	NO ANSWER	Dial	1791147113.78801	1791147054.78581
2026-10-04 17:51:53	83988483753	1702	PJSIP/1702-00009be4		3	0	NO ANSWER	Dial	1791147113.78787	1791147054.78581
2026-10-04 17:51:53	83988483753	1707	PJSIP/1707-00009bd8		3	0	NO ANSWER	Dial	1791147113.78769	1791147054.78581
2026-10-04 17:51:53	83988483753	1715	PJSIP/1715-00009be5		3	0	NO ANSWER	Dial	1791147113.78799	1791147054.78581
2026-10-04 17:51:53	83988483753	1713	PJSIP/1713-00009bdb		3	0	NO ANSWER	Dial	1791147113.78777	1791147054.78581
2026-10-04 17:51:53	83988483753	1701	PJSIP/1701-00009be3		3	0	NO ANSWER	Dial	1791147113.78803	1791147054.78581
2026-10-04 17:51:53	83988483753	1721	PJSIP/1721-00009be9		3	0	NO ANSWER	Dial	1791147113.78807	1791147054.78581
2026-10-04 17:51:53	83988483753	1726	PJSIP/1726-00009bdf		3	0	NO ANSWER	Dial	1791147113.78785	1791147054.78581
2026-10-04 17:51:53	83988483753	1718	PJSIP/1718-00009be7		3	0	NO ANSWER	Dial	1791147113.78812	1791147054.78581
2026-10-04 17:51:53	83988483753	1724	PJSIP/1724-00009be0		41	37	ANSWERED	Dial	1791147113.78763	1791147054.78581
2026-10-04 17:51:57	83988483753	1500	Local/1724@from-queue-00004be9;1	8335121500	37	37	ANSWERED	Dial	1791147054.78581	1791147054.78581
2026-10-04 17:51:45	83991645629	1500	PJSIP/1291-00009bd7	8335121500	14	0	ANSWERED	Dial	1791147105.78754	1791147105.78754
2026-10-04 17:51:59	83991645629	1500	PJSIP/1326-00009bea	8335121500	18	18	ANSWERED	Dial	1791147105.78754	1791147105.78754
2026-10-04 17:55:06	83991426965	1500	PJSIP/1291-00009c8a	8335121500	4	0	NO ANSWER	Dial	1791147306.79437	1791147306.79437
2026-10-04 17:55:39	996217775	1500	PJSIP/1290-00009c93	8335121500	20	0	NO ANSWER	Dial	1791147339.79446	1791147339.79446
2026-10-04 17:55:59	996217775	1500	PJSIP/1457-00009c94	8335121500	11	0	ANSWERED	Dial	1791147339.79446	1791147339.79446
2026-10-04 17:56:11	996217775	1500	PJSIP/1326-00009c95	8335121500	5	5	ANSWERED	Dial	1791147339.79446	1791147339.79446
2026-10-04 17:57:57	83988128552	1500	PJSIP/1456-00009ca8	8335121500	41	33	ANSWERED	Dial	1791147477.79467	1791147477.79467
2026-10-04 17:58:39	1456	s	Local/1600@from-internal-xfer-00004d1a;1		4	4	ANSWERED	ExecIf	1791147477.79468	1791147477.79467
2026-10-04 17:58:39	83988128552	1600	Local/1728@from-queue-00004d1b;1		13	13	NO ANSWER	Queue	1791147519.79625	1791147477.79467
2026-10-04 17:58:39	83988128552	1500	Local/1600@from-internal-xfer-00004d1a;1	8335121500	13	13	ANSWERED	Dial	1791147477.79467	1791147477.79467
2026-10-04 17:58:43	1702	1600			9	9	ANSWERED		1791147519.79624	1791147477.79467
2026-10-04 17:58:50	83988128552	1711	PJSIP/1711-00009cd9		0	0	BUSY	Dial	1791147530.79677	1791147477.79467
2026-10-04 17:58:50	83988128552	1716	PJSIP/1716-00009cdb		0	0	BUSY	Dial	1791147530.79655	1791147477.79467
2026-10-04 17:58:50	83988128552	1710	PJSIP/1710-00009ce5		0	0	BUSY	Dial	1791147530.79637	1791147477.79467
2026-10-04 17:58:50	83988128552	1600	Local/1704@from-queue-00004d1c;1		2	2	NO ANSWER	Queue	1791147519.79625	1791147477.79467
2026-10-04 17:58:50	83988128552	1600	Local/1714@from-queue-00004d1d;1		2	2	NO ANSWER	Queue	1791147519.79625	1791147477.79467
2026-10-04 17:58:50	83988128552	1600	Local/1724@from-queue-00004d1e;1		2	2	NO ANSWER	Queue	1791147519.79625	1791147477.79467
2026-10-04 17:58:50	83988128552	1600	Local/1710@from-queue-00004d1f;1		0	0	NO ANSWER	Queue	1791147519.79625	1791147477.79467
2026-10-04 17:58:50	83988128552	1600	Local/1720@from-queue-00004d20;1		0	0	NO ANSWER	Queue	1791147519.79625	1791147477.79467
2026-10-04 17:58:50	83988128552	1600	Local/1707@from-queue-00004d21;1		2	2	NO ANSWER	Queue	1791147519.79625	1791147477.79467
2026-10-04 17:58:50	83988128552	1600	Local/1717@from-queue-00004d22;1		0	0	NO ANSWER	Queue	1791147519.79625	1791147477.79467
2026-10-04 17:58:50	83988128552	1600	Local/1727@from-queue-00004d23;1		0	0	NO ANSWER	Queue	1791147519.79625	1791147477.79467
2026-10-04 17:58:50	83988128552	1600	Local/1703@from-queue-00004d24;1		2	2	NO ANSWER	Queue	1791147519.79625	1791147477.79467
2026-10-04 17:58:50	83988128552	1600	Local/1713@from-queue-00004d25;1		2	2	NO ANSWER	Queue	1791147519.79625	1791147477.79467
2026-10-04 17:58:50	83988128552	1600	Local/1723@from-queue-00004d26;1		0	0	NO ANSWER	Queue	1791147519.79625	1791147477.79467
2026-10-04 17:58:50	83988128552	1600	Local/1706@from-queue-00004d27;1		2	2	NO ANSWER	Queue	1791147519.79625	1791147477.79467
2026-10-04 17:58:50	83988128552	1600	Local/1716@from-queue-00004d28;1		0	0	NO ANSWER	Queue	1791147519.79625	1791147477.79467
2026-10-04 17:58:50	83988128552	1600	Local/1726@from-queue-00004d29;1		2	2	NO ANSWER	Queue	1791147519.79625	1791147477.79467
2026-10-04 17:58:50	83988128552	1600	Local/1702@from-queue-00004d2a;1		2	2	ANSWERED	Queue	1791147519.79625	1791147477.79467
2026-10-04 17:58:50	83988128552	1600	Local/1712@from-queue-00004d2b;1		0	0	NO ANSWER	Queue	1791147519.79625	1791147477.79467
2026-10-04 17:58:50	83988128552	1600	Local/1722@from-queue-00004d2c;1		0	0	NO ANSWER	Queue	1791147519.79625	1791147477.79467
2026-10-04 17:58:50	83988128552	1600	Local/1709@from-queue-00004d2d;1		0	0	NO ANSWER	Queue	1791147519.79625	1791147477.79467
2026-10-04 17:58:50	83988128552	1600	Local/1719@from-queue-00004d2e;1		0	0	NO ANSWER	Queue	1791147519.79625	1791147477.79467
2026-10-04 17:58:50	83988128552	1600	Local/1705@from-queue-00004d2f;1		0	0	NO ANSWER	Queue	1791147519.79625	1791147477.79467
2026-10-04 17:58:50	83988128552	1600	Local/1715@from-queue-00004d30;1		2	2	NO ANSWER	Queue	1791147519.79625	1791147477.79467
2026-10-04 17:58:50	83988128552	1600	Local/1725@from-queue-00004d31;1		2	2	NO ANSWER	Queue	1791147519.79625	1791147477.79467
2026-10-04 17:58:50	83988128552	1600	Local/1701@from-queue-00004d32;1		2	2	NO ANSWER	Queue	1791147519.79625	1791147477.79467
2026-10-04 17:58:50	83988128552	1600	Local/1711@from-queue-00004d33;1		0	0	NO ANSWER	Queue	1791147519.79625	1791147477.79467
2026-10-04 17:58:50	83988128552	1600	Local/1721@from-queue-00004d34;1		2	2	NO ANSWER	Queue	1791147519.79625	1791147477.79467
2026-10-04 17:58:50	83988128552	1600	Local/1708@from-queue-00004d35;1		0	0	NO ANSWER	Queue	1791147519.79625	1791147477.79467
2026-10-04 17:58:50	83988128552	1600	Local/1718@from-queue-00004d36;1		0	0	NO ANSWER	Queue	1791147519.79625	1791147477.79467
2026-10-04 17:58:50	83988128552	1728	PJSIP/1728-00009ce2		2	0	NO ANSWER	Dial	1791147530.79629	1791147477.79467
2026-10-04 17:58:50	83988128552	1703	PJSIP/1703-00009cda		2	0	NO ANSWER	Dial	1791147530.79647	1791147477.79467
2026-10-04 17:58:50	83988128552	1713	PJSIP/1713-00009ce6		2	0	NO ANSWER	Dial	1791147530.79649	1791147477.79467
2026-10-04 17:58:50	83988128552	1704	PJSIP/1704-00009cdc		2	0	NO ANSWER	Dial	1791147530.79631	1791147477.79467
2026-10-04 17:58:50	83988128552	1714	PJSIP/1714-00009ce0		2	0	NO ANSWER	Dial	1791147530.79633	1791147477.79467
2026-10-04 17:58:50	83988128552	1724	PJSIP/1724-00009ce1		2	0	NO ANSWER	Dial	1791147530.79635	1791147477.79467
2026-10-04 17:58:50	83988128552	1725	PJSIP/1725-00009ce4		2	0	NO ANSWER	Dial	1791147530.79673	1791147477.79467
2026-10-04 17:58:50	83988128552	1715	PJSIP/1715-00009cdf		2	0	NO ANSWER	Dial	1791147530.79671	1791147477.79467
2026-10-04 17:58:50	83988128552	1726	PJSIP/1726-00009cd8		2	0	NO ANSWER	Dial	1791147530.79657	1791147477.79467
2026-10-04 17:58:50	83988128552	1721	PJSIP/1721-00009cde		2	0	NO ANSWER	Dial	1791147530.79679	1791147477.79467
2026-10-04 17:58:50	83988128552	1706	PJSIP/1706-00009cd7		2	0	NO ANSWER	Dial	1791147530.79653	1791147477.79467
2026-10-04 17:58:50	83988128552	1707	PJSIP/1707-00009cd6		2	0	NO ANSWER	Dial	1791147530.79641	1791147477.79467
2026-10-04 17:58:50	83988128552	1701	PJSIP/1701-00009cdd		2	0	NO ANSWER	Dial	1791147530.79675	1791147477.79467
2026-10-04 17:58:50	83988128552	1702	PJSIP/1702-00009ce3		102	100	ANSWERED	Dial	1791147530.79659	1791147477.79467
2026-10-04 17:58:52	83988128552	1500	Local/1702@from-queue-00004d2a;1	8335121500	99	99	ANSWERED	Dial	1791147477.79467	1791147477.79467
2026-10-04 17:58:06	83981980344	1500	PJSIP/1456-00009caa	8335121500	20	0	NO ANSWER	Dial	1791147486.79469	1791147486.79469
2026-10-04 17:58:26	83981980344	1500	PJSIP/1290-00009cc1	8335121500	20	0	NO ANSWER	Dial	1791147486.79469	1791147486.79469
2026-10-04 17:58:46	83981980344	1500	PJSIP/1457-00009cd5	8335121500	4	0	NO ANSWER	Dial	1791147486.79469	1791147486.79469
2026-10-04 17:58:57	981980344	1500	PJSIP/1457-00009ce9	8335121500	4	0	ANSWERED	Dial	1791147537.79702	1791147537.79702
2026-10-04 17:59:01	981980344	1500	PJSIP/1425-00009cea	8335121500	175	175	ANSWERED	Dial	1791147537.79702	1791147537.79702
2026-10-04 18:03:49	83986200083	1500	PJSIP/1290-00009d5b	8335121500	20	0	NO ANSWER	Dial	1791147829.80096	1791147829.80096
2026-10-04 18:04:10	83986200083	1500	PJSIP/1291-00009d70	8335121500	5	0	ANSWERED	Dial	1791147829.80096	1791147829.80096
2026-10-04 18:04:15	83986200083	1500	PJSIP/1425-00009d71	8335121500	16	16	ANSWERED	Dial	1791147829.80096	1791147829.80096
2026-10-04 18:07:45	83988925340	1500	PJSIP/1290-00009e20	8335121500	20	0	NO ANSWER	Dial	1791148065.80797	1791148065.80797
2026-10-04 18:08:05	83988925340	1500	PJSIP/1456-00009e21	8335121500	2	0	NO ANSWER	Dial	1791148065.80797	1791148065.80797
2026-10-04 18:09:19	83988128552	1500	PJSIP/1457-00009e7a	8335121500	21	17	ANSWERED	Dial	1791148159.81111	1791148159.81111
2026-10-04 18:12:56	83991419810	1500	PJSIP/1457-00009eae	8335121500	15	12	ANSWERED	Dial	1791148376.81275	1791148376.81275
2026-10-04 19:00:10	83991578239	1500	PJSIP/1291-0000a1aa	8335121500	7	0	ANSWERED	Dial	1791151210.83436	1791151210.83436
2026-10-04 19:00:17	83991578239	1500	PJSIP/1456-0000a1ad	8335121500	16	16	ANSWERED	Dial	1791151210.83436	1791151210.83436
2026-10-04 19:00:17	83991578239	1500	Local/1600@from-internal-xfer-00005223;1	8335121500	21	21	ANSWERED	Dial	1791151210.83436	1791151210.83436
2026-10-04 19:00:34	1456	1716	PJSIP/1716-0000a1b6		0	0	BUSY	Dial	1791151234.83476	1791151210.83436
2026-10-04 19:00:34	1456	1706	PJSIP/1706-0000a1bd		0	0	BUSY	Dial	1791151234.83474	1791151210.83436
2026-10-04 19:00:34	1456	1711	PJSIP/1711-0000a1c7		0	0	BUSY	Dial	1791151234.83498	1791151210.83436
2026-10-04 19:00:34	1456	s	Local/1600@from-internal-xfer-00005223;1		2	2	ANSWERED	ExecIf	1791151217.83443	1791151210.83436
2026-10-04 19:00:34	83991578239	1600	Local/1728@from-queue-00005224;1		4	4	NO ANSWER	Queue	1791151234.83448	1791151210.83436
2026-10-04 19:00:34	83991578239	1600	Local/1704@from-queue-00005225;1		4	4	NO ANSWER	Queue	1791151234.83448	1791151210.83436
2026-10-04 19:00:34	83991578239	1600	Local/1714@from-queue-00005226;1		4	4	NO ANSWER	Queue	1791151234.83448	1791151210.83436
2026-10-04 19:00:34	83991578239	1600	Local/1724@from-queue-00005227;1		4	4	NO ANSWER	Queue	1791151234.83448	1791151210.83436
2026-10-04 19:00:34	83991578239	1600	Local/1710@from-queue-00005228;1		4	4	NO ANSWER	Queue	1791151234.83448	1791151210.83436
2026-10-04 19:00:34	1456	1600	Local/1720@from-queue-00005229;1		1	1	NO ANSWER	Queue	1791151234.83448	1791151210.83436
2026-10-04 19:00:34	83991578239	1600	Local/1707@from-queue-0000522a;1		4	4	NO ANSWER	Queue	1791151234.83448	1791151210.83436
2026-10-04 19:00:34	83991578239	1600	Local/1717@from-queue-0000522b;1		4	4	NO ANSWER	Queue	1791151234.83448	1791151210.83436
2026-10-04 19:00:34	1456	1600	Local/1727@from-queue-0000522c;1		1	1	NO ANSWER	Queue	1791151234.83448	1791151210.83436
2026-10-04 19:00:34	83991578239	1600	Local/1703@from-queue-0000522d;1		4	4	NO ANSWER	Queue	1791151234.83448	1791151210.83436
2026-10-04 19:00:34	83991578239	1600	Local/1713@from-queue-0000522e;1		4	4	NO ANSWER	Queue	1791151234.83448	1791151210.83436
2026-10-04 19:00:34	83991578239	1600	Local/1723@from-queue-0000522f;1		4	4	NO ANSWER	Queue	1791151234.83448	1791151210.83436
2026-10-04 19:00:34	1456	1600	Local/1706@from-queue-00005230;1		1	1	NO ANSWER	Queue	1791151234.83448	1791151210.83436
2026-10-04 19:00:34	1456	1600	Local/1716@from-queue-00005231;1		0	0	NO ANSWER	Queue	1791151234.83448	1791151210.83436
2026-10-04 19:00:34	83991578239	1600	Local/1726@from-queue-00005232;1		4	4	ANSWERED	Queue	1791151234.83448	1791151210.83436
2026-10-04 19:00:34	83991578239	1600	Local/1702@from-queue-00005233;1		4	4	NO ANSWER	Queue	1791151234.83448	1791151210.83436
2026-10-04 19:00:34	83991578239	1600	Local/1712@from-queue-00005234;1		4	4	NO ANSWER	Queue	1791151234.83448	1791151210.83436
2026-10-04 19:00:34	83991578239	1600	Local/1722@from-queue-00005235;1		4	4	NO ANSWER	Queue	1791151234.83448	1791151210.83436
2026-10-04 19:00:34	83991578239	1600	Local/1709@from-queue-00005236;1		4	4	NO ANSWER	Queue	1791151234.83448	1791151210.83436
2026-10-04 19:00:34	83991578239	1600	Local/1719@from-queue-00005237;1		4	4	NO ANSWER	Queue	1791151234.83448	1791151210.83436
2026-10-04 19:00:34	1456	1600	Local/1705@from-queue-00005238;1		0	0	NO ANSWER	Queue	1791151234.83448	1791151210.83436
2026-10-04 19:00:34	83991578239	1600	Local/1715@from-queue-00005239;1		4	4	NO ANSWER	Queue	1791151234.83448	1791151210.83436
2026-10-04 19:00:34	83991578239	1600	Local/1725@from-queue-0000523a;1		4	4	NO ANSWER	Queue	1791151234.83448	1791151210.83436
2026-10-04 19:00:34	83991578239	1600	Local/1701@from-queue-0000523b;1		4	4	NO ANSWER	Queue	1791151234.83448	1791151210.83436
2026-10-04 19:00:34	1456	1600	Local/1711@from-queue-0000523c;1		1	1	NO ANSWER	Queue	1791151234.83448	1791151210.83436
2026-10-04 19:00:34	83991578239	1600	Local/1721@from-queue-0000523d;1		4	4	NO ANSWER	Queue	1791151234.83448	1791151210.83436
2026-10-04 19:00:34	1456	1600	Local/1708@from-queue-0000523e;1		0	0	NO ANSWER	Queue	1791151234.83448	1791151210.83436
2026-10-04 19:00:34	83991578239	1719	PJSIP/1719-0000a1c6		4	0	NO ANSWER	Dial	1791151234.83488	1791151210.83436
2026-10-04 19:00:34	83991578239	1722	PJSIP/1722-0000a1b9		4	0	NO ANSWER	Dial	1791151234.83484	1791151210.83436
2026-10-04 19:00:34	83991578239	1717	PJSIP/1717-0000a1b2		4	0	NO ANSWER	Dial	1791151234.83464	1791151210.83436
2026-10-04 19:00:34	83991578239	1723	PJSIP/1723-0000a1c1		4	0	NO ANSWER	Dial	1791151234.83472	1791151210.83436
2026-10-04 19:00:34	83991578239	1713	PJSIP/1713-0000a1bf		4	0	NO ANSWER	Dial	1791151234.83470	1791151210.83436
2026-10-04 19:00:34	83991578239	1709	PJSIP/1709-0000a1c2		4	0	NO ANSWER	Dial	1791151234.83486	1791151210.83436
2026-10-04 19:00:34	83991578239	1725	PJSIP/1725-0000a1bc		4	0	NO ANSWER	Dial	1791151234.83494	1791151210.83436
2026-10-04 19:00:34	83991578239	1712	PJSIP/1712-0000a1c3		4	0	NO ANSWER	Dial	1791151234.83482	1791151210.83436
2026-10-04 19:00:34	83991578239	1702	PJSIP/1702-0000a1ba		4	0	NO ANSWER	Dial	1791151234.83480	1791151210.83436
2026-10-04 19:00:34	83991578239	1715	PJSIP/1715-0000a1b7		4	0	NO ANSWER	Dial	1791151234.83492	1791151210.83436
2026-10-04 19:00:34	83991578239	1714	PJSIP/1714-0000a1b8		4	0	NO ANSWER	Dial	1791151234.83454	1791151210.83436
2026-10-04 19:00:34	83991578239	1703	PJSIP/1703-0000a1c0		4	0	NO ANSWER	Dial	1791151234.83468	1791151210.83436
2026-10-04 19:00:34	83991578239	1704	PJSIP/1704-0000a1c5		4	0	NO ANSWER	Dial	1791151234.83452	1791151210.83436
2026-10-04 19:00:34	83991578239	1724	PJSIP/1724-0000a1bb		4	0	NO ANSWER	Dial	1791151234.83456	1791151210.83436
2026-10-04 19:00:34	83991578239	1721	PJSIP/1721-0000a1c8		4	0	NO ANSWER	Dial	1791151234.83500	1791151210.83436
2026-10-04 19:00:34	83991578239	1710	PJSIP/1710-0000a1c4		4	0	NO ANSWER	Dial	1791151234.83458	1791151210.83436
2026-10-04 19:00:34	83991578239	1707	PJSIP/1707-0000a1b1		4	0	NO ANSWER	Dial	1791151234.83462	1791151210.83436
2026-10-04 19:00:34	83991578239	1728	PJSIP/1728-0000a1b3		4	0	NO ANSWER	Dial	1791151234.83450	1791151210.83436
2026-10-04 19:00:34	83991578239	1718	PJSIP/1718-0000a1b4		4	0	NO ANSWER	Dial	1791151234.83504	1791151210.83436
2026-10-04 19:00:34	83991578239	1701	PJSIP/1701-0000a1b5		4	0	NO ANSWER	Dial	1791151234.83496	1791151210.83436
2026-10-04 19:00:34	83991578239	1726	PJSIP/1726-0000a1be		136	132	ANSWERED	Dial	1791151234.83478	1791151210.83436
2026-10-04 19:00:35	83991578239	1600	Local/1718@from-queue-0000523f;1		4	4	NO ANSWER	Queue	1791151234.83448	1791151210.83436
2026-10-04 19:00:37	1726	1600			1	1	ANSWERED		1791151234.83447	1791151210.83436
2026-10-04 19:00:39	83991578239	1500	Local/1726@from-queue-00005232;1	8335121500	132	132	ANSWERED	Dial	1791151210.83436	1791151210.83436
2026-10-04 19:23:56	998070613	1500	PJSIP/1291-0000a2d8	8335121500	4	0	ANSWERED	Dial	1791152636.84303	1791152636.84303
2026-10-04 19:24:00	998070613	1500	PJSIP/1456-0000a2d9	8335121500	15	15	ANSWERED	Dial	1791152636.84303	1791152636.84303
2026-10-04 19:24:00	998070613	1500	Local/1600@from-internal-xfer-0000533c;1	8335121500	20	20	ANSWERED	Dial	1791152636.84303	1791152636.84303
2026-10-04 19:24:16	1456	1706	PJSIP/1706-0000a2dc		0	0	BUSY	Dial	1791152656.84333	1791152636.84303
2026-10-04 19:24:16	1456	1716	PJSIP/1716-0000a2de		0	0	BUSY	Dial	1791152656.84335	1791152636.84303
2026-10-04 19:24:16	1456	1711	PJSIP/1711-0000a2df		0	0	BUSY	Dial	1791152656.84357	1791152636.84303
2026-10-04 19:24:16	1456	1710	PJSIP/1710-0000a2e2		0	0	BUSY	Dial	1791152656.84317	1791152636.84303
2026-10-04 19:24:16	1456	s	Local/1600@from-internal-xfer-0000533c;1		2	2	ANSWERED	ExecIf	1791152640.84305	1791152636.84303
2026-10-04 19:24:16	998070613	1600	Local/1728@from-queue-0000533d;1		4	4	NO ANSWER	Queue	1791152656.84307	1791152636.84303
2026-10-04 19:24:16	1456	1600	Local/1704@from-queue-0000533e;1		0	0	NO ANSWER	Queue	1791152656.84307	1791152636.84303
2026-10-04 19:24:16	998070613	1600	Local/1714@from-queue-0000533f;1		4	4	NO ANSWER	Queue	1791152656.84307	1791152636.84303
2026-10-04 19:24:16	998070613	1600	Local/1724@from-queue-00005340;1		4	4	NO ANSWER	Queue	1791152656.84307	1791152636.84303
2026-10-04 19:24:16	1456	1600	Local/1710@from-queue-00005341;1		0	0	NO ANSWER	Queue	1791152656.84307	1791152636.84303
2026-10-04 19:24:16	1456	1600	Local/1720@from-queue-00005342;1		0	0	NO ANSWER	Queue	1791152656.84307	1791152636.84303
2026-10-04 19:24:16	998070613	1600	Local/1707@from-queue-00005343;1		4	4	NO ANSWER	Queue	1791152656.84307	1791152636.84303
2026-10-04 19:24:16	998070613	1600	Local/1717@from-queue-00005344;1		4	4	NO ANSWER	Queue	1791152656.84307	1791152636.84303
2026-10-04 19:24:16	1456	1600	Local/1727@from-queue-00005345;1		0	0	NO ANSWER	Queue	1791152656.84307	1791152636.84303
2026-10-04 19:24:16	998070613	1600	Local/1703@from-queue-00005346;1		4	4	NO ANSWER	Queue	1791152656.84307	1791152636.84303
2026-10-04 19:24:16	1456	1600	Local/1713@from-queue-00005347;1		0	0	NO ANSWER	Queue	1791152656.84307	1791152636.84303
2026-10-04 19:24:16	998070613	1600	Local/1723@from-queue-00005348;1		4	4	NO ANSWER	Queue	1791152656.84307	1791152636.84303
2026-10-04 19:24:16	1456	1600	Local/1706@from-queue-00005349;1		0	0	NO ANSWER	Queue	1791152656.84307	1791152636.84303
2026-10-04 19:24:16	1456	1600	Local/1716@from-queue-0000534a;1		0	0	NO ANSWER	Queue	1791152656.84307	1791152636.84303
2026-10-04 19:24:16	998070613	1600	Local/1726@from-queue-0000534b;1		4	4	ANSWERED	Queue	1791152656.84307	1791152636.84303
2026-10-04 19:24:16	998070613	1600	Local/1702@from-queue-0000534c;1		4	4	NO ANSWER	Queue	1791152656.84307	1791152636.84303
2026-10-04 19:24:16	998070613	1600	Local/1712@from-queue-0000534d;1		4	4	NO ANSWER	Queue	1791152656.84307	1791152636.84303
2026-10-04 19:24:16	998070613	1600	Local/1722@from-queue-0000534e;1		4	4	NO ANSWER	Queue	1791152656.84307	1791152636.84303
2026-10-04 19:24:16	998070613	1600	Local/1709@from-queue-0000534f;1		4	4	NO ANSWER	Queue	1791152656.84307	1791152636.84303
2026-10-04 19:24:16	998070613	1600	Local/1719@from-queue-00005350;1		4	4	NO ANSWER	Queue	1791152656.84307	1791152636.84303
2026-10-04 19:24:16	1456	1600	Local/1705@from-queue-00005351;1		0	0	NO ANSWER	Queue	1791152656.84307	1791152636.84303
2026-10-04 19:24:16	1456	1600	Local/1715@from-queue-00005352;1		0	0	NO ANSWER	Queue	1791152656.84307	1791152636.84303
2026-10-04 19:24:16	998070613	1600	Local/1725@from-queue-00005353;1		4	4	NO ANSWER	Queue	1791152656.84307	1791152636.84303
2026-10-04 19:24:16	998070613	1600	Local/1701@from-queue-00005354;1		4	4	NO ANSWER	Queue	1791152656.84307	1791152636.84303
2026-10-04 19:24:16	1456	1600	Local/1711@from-queue-00005355;1		0	0	NO ANSWER	Queue	1791152656.84307	1791152636.84303
2026-10-04 19:24:16	998070613	1600	Local/1721@from-queue-00005356;1		4	4	NO ANSWER	Queue	1791152656.84307	1791152636.84303
2026-10-04 19:24:16	1456	1600	Local/1708@from-queue-00005357;1		0	0	NO ANSWER	Queue	1791152656.84307	1791152636.84303
2026-10-04 19:24:16	998070613	1600	Local/1718@from-queue-00005358;1		4	4	NO ANSWER	Queue	1791152656.84307	1791152636.84303
2026-10-04 19:24:16	998070613	1714	PJSIP/1714-0000a2ec		4	0	NO ANSWER	Dial	1791152656.84313	1791152636.84303
2026-10-04 19:24:16	998070613	1728	PJSIP/1728-0000a2e3		4	0	NO ANSWER	Dial	1791152656.84309	1791152636.84303
2026-10-04 19:24:16	998070613	1724	PJSIP/1724-0000a2e8		4	0	NO ANSWER	Dial	1791152656.84315	1791152636.84303
2026-10-04 19:24:16	998070613	1717	PJSIP/1717-0000a2ed		4	0	NO ANSWER	Dial	1791152656.84323	1791152636.84303
2026-10-04 19:24:16	998070613	1703	PJSIP/1703-0000a2e1		4	0	NO ANSWER	Dial	1791152656.84327	1791152636.84303
2026-10-04 19:24:16	998070613	1725	PJSIP/1725-0000a2e5		4	0	NO ANSWER	Dial	1791152656.84353	1791152636.84303
2026-10-04 19:24:16	998070613	1722	PJSIP/1722-0000a2eb		4	0	NO ANSWER	Dial	1791152656.84343	1791152636.84303
2026-10-04 19:24:16	998070613	1709	PJSIP/1709-0000a2e4		4	0	NO ANSWER	Dial	1791152656.84345	1791152636.84303
2026-10-04 19:24:16	998070613	1702	PJSIP/1702-0000a2e7		4	0	NO ANSWER	Dial	1791152656.84339	1791152636.84303
2026-10-04 19:24:16	998070613	1707	PJSIP/1707-0000a2da		4	0	NO ANSWER	Dial	1791152656.84321	1791152636.84303
2026-10-04 19:24:16	998070613	1721	PJSIP/1721-0000a2e9		4	0	NO ANSWER	Dial	1791152656.84359	1791152636.84303
2026-10-04 19:24:16	998070613	1701	PJSIP/1701-0000a2ee		4	0	NO ANSWER	Dial	1791152656.84355	1791152636.84303
2026-10-04 19:24:16	998070613	1718	PJSIP/1718-0000a2dd		4	0	NO ANSWER	Dial	1791152656.84363	1791152636.84303
2026-10-04 19:24:16	998070613	1723	PJSIP/1723-0000a2db		4	0	NO ANSWER	Dial	1791152656.84331	1791152636.84303
2026-10-04 19:24:16	998070613	1712	PJSIP/1712-0000a2e6		4	0	NO ANSWER	Dial	1791152656.84341	1791152636.84303
2026-10-04 19:24:16	998070613	1719	PJSIP/1719-0000a2e0		4	0	NO ANSWER	Dial	1791152656.84347	1791152636.84303
2026-10-04 19:24:16	998070613	1726	PJSIP/1726-0000a2ea		149	145	ANSWERED	Dial	1791152656.84337	1791152636.84303
2026-10-04 19:24:18	1726	1600			2	2	ANSWERED		1791152656.84306	1791152636.84303
2026-10-04 19:24:21	998070613	1500	Local/1726@from-queue-0000534b;1	8335121500	145	145	ANSWERED	Dial	1791152636.84303	1791152636.84303
2026-10-04 19:26:24	83996344664	1500	PJSIP/1456-0000a2f0	8335121500	30	27	ANSWERED	Dial	1791152784.84385	1791152784.84385
2026-10-04 19:26:54	1456	1711	PJSIP/1711-0000a2f6		0	0	BUSY	Dial	1791152814.84439	1791152784.84385
2026-10-04 19:26:54	1456	1706	PJSIP/1706-0000a2f2		0	0	BUSY	Dial	1791152814.84414	1791152784.84385
2026-10-04 19:26:54	1456	1710	PJSIP/1710-0000a2fe		0	0	BUSY	Dial	1791152814.84398	1791152784.84385
2026-10-04 19:26:54	1456	1716	PJSIP/1716-0000a302		0	0	BUSY	Dial	1791152814.84416	1791152784.84385
2026-10-04 19:26:54	1456	s	Local/1600@from-internal-xfer-00005359;1		2	2	ANSWERED	ExecIf	1791152784.84386	1791152784.84385
2026-10-04 19:26:54	83996344664	1600	Local/1728@from-queue-0000535a;1		5	5	NO ANSWER	Queue	1791152814.84388	1791152784.84385
2026-10-04 19:26:54	1456	1600	Local/1704@from-queue-0000535b;1		0	0	NO ANSWER	Queue	1791152814.84388	1791152784.84385
2026-10-04 19:26:54	83996344664	1600	Local/1714@from-queue-0000535c;1		5	5	NO ANSWER	Queue	1791152814.84388	1791152784.84385
2026-10-04 19:26:54	83996344664	1600	Local/1724@from-queue-0000535d;1		5	5	NO ANSWER	Queue	1791152814.84388	1791152784.84385
2026-10-04 19:26:54	1456	1600	Local/1710@from-queue-0000535e;1		0	0	NO ANSWER	Queue	1791152814.84388	1791152784.84385
2026-10-04 19:26:54	1456	1600	Local/1720@from-queue-0000535f;1		0	0	NO ANSWER	Queue	1791152814.84388	1791152784.84385
2026-10-04 19:26:54	83996344664	1600	Local/1707@from-queue-00005360;1		5	5	NO ANSWER	Queue	1791152814.84388	1791152784.84385
2026-10-04 19:26:54	83996344664	1600	Local/1717@from-queue-00005361;1		4	4	NO ANSWER	Queue	1791152814.84388	1791152784.84385
2026-10-04 19:26:54	1456	1600	Local/1727@from-queue-00005362;1		0	0	NO ANSWER	Queue	1791152814.84388	1791152784.84385
2026-10-04 19:26:54	83996344664	1600	Local/1703@from-queue-00005363;1		5	5	ANSWERED	Queue	1791152814.84388	1791152784.84385
2026-10-04 19:26:54	1456	1600	Local/1713@from-queue-00005364;1		0	0	NO ANSWER	Queue	1791152814.84388	1791152784.84385
2026-10-04 19:26:54	83996344664	1600	Local/1723@from-queue-00005365;1		4	4	NO ANSWER	Queue	1791152814.84388	1791152784.84385
2026-10-04 19:26:54	1456	1600	Local/1706@from-queue-00005366;1		0	0	NO ANSWER	Queue	1791152814.84388	1791152784.84385
2026-10-04 19:26:54	1456	1600	Local/1716@from-queue-00005367;1		0	0	NO ANSWER	Queue	1791152814.84388	1791152784.84385
2026-10-04 19:26:54	83996344664	1600	Local/1726@from-queue-00005368;1		4	4	NO ANSWER	Queue	1791152814.84388	1791152784.84385
2026-10-04 19:26:54	83996344664	1600	Local/1702@from-queue-00005369;1		4	4	NO ANSWER	Queue	1791152814.84388	1791152784.84385
2026-10-04 19:26:54	83996344664	1600	Local/1712@from-queue-0000536a;1		4	4	NO ANSWER	Queue	1791152814.84388	1791152784.84385
2026-10-04 19:26:54	83996344664	1600	Local/1722@from-queue-0000536b;1		4	4	NO ANSWER	Queue	1791152814.84388	1791152784.84385
2026-10-04 19:26:54	83996344664	1600	Local/1709@from-queue-0000536c;1		4	4	NO ANSWER	Queue	1791152814.84388	1791152784.84385
2026-10-04 19:26:54	83996344664	1600	Local/1719@from-queue-0000536d;1		4	4	NO ANSWER	Queue	1791152814.84388	1791152784.84385
2026-10-04 19:26:54	1456	1600	Local/1705@from-queue-0000536e;1		0	0	NO ANSWER	Queue	1791152814.84388	1791152784.84385
2026-10-04 19:26:54	1456	1600	Local/1715@from-queue-0000536f;1		0	0	NO ANSWER	Queue	1791152814.84388	1791152784.84385
2026-10-04 19:26:54	83996344664	1600	Local/1725@from-queue-00005370;1		4	4	NO ANSWER	Queue	1791152814.84388	1791152784.84385
2026-10-04 19:26:54	83996344664	1600	Local/1701@from-queue-00005371;1		4	4	NO ANSWER	Queue	1791152814.84388	1791152784.84385
2026-10-04 19:26:54	1456	1600	Local/1711@from-queue-00005372;1		0	0	NO ANSWER	Queue	1791152814.84388	1791152784.84385
2026-10-04 19:26:54	83996344664	1600	Local/1721@from-queue-00005373;1		4	4	NO ANSWER	Queue	1791152814.84388	1791152784.84385
2026-10-04 19:26:54	1456	1600	Local/1708@from-queue-00005374;1		0	0	NO ANSWER	Queue	1791152814.84388	1791152784.84385
2026-10-04 19:26:54	83996344664	1600	Local/1718@from-queue-00005375;1		4	4	NO ANSWER	Queue	1791152814.84388	1791152784.84385
2026-10-04 19:26:54	83996344664	1702	PJSIP/1702-0000a2f5		4	0	NO ANSWER	Dial	1791152814.84420	1791152784.84385
2026-10-04 19:26:54	83996344664	1712	PJSIP/1712-0000a2fc		4	0	NO ANSWER	Dial	1791152814.84422	1791152784.84385
2026-10-04 19:26:54	83996344664	1726	PJSIP/1726-0000a2f9		4	0	NO ANSWER	Dial	1791152814.84418	1791152784.84385
2026-10-04 19:26:54	83996344664	1724	PJSIP/1724-0000a2fa		5	0	NO ANSWER	Dial	1791152814.84396	1791152784.84385
2026-10-04 19:26:54	83996344664	1723	PJSIP/1723-0000a301		4	0	NO ANSWER	Dial	1791152814.84412	1791152784.84385
2026-10-04 19:26:54	83996344664	1714	PJSIP/1714-0000a2f4		5	0	NO ANSWER	Dial	1791152814.84394	1791152784.84385
2026-10-04 19:26:54	83996344664	1709	PJSIP/1709-0000a2f3		4	0	NO ANSWER	Dial	1791152814.84427	1791152784.84385
2026-10-04 19:26:54	83996344664	1722	PJSIP/1722-0000a2fb		4	0	NO ANSWER	Dial	1791152814.84425	1791152784.84385
2026-10-04 19:26:54	83996344664	1707	PJSIP/1707-0000a2f1		5	0	NO ANSWER	Dial	1791152814.84402	1791152784.84385
2026-10-04 19:26:54	83996344664	1725	PJSIP/1725-0000a2fd		4	0	NO ANSWER	Dial	1791152814.84435	1791152784.84385
2026-10-04 19:26:54	83996344664	1719	PJSIP/1719-0000a2f8		4	0	NO ANSWER	Dial	1791152814.84429	1791152784.84385
2026-10-04 19:26:54	83996344664	1701	PJSIP/1701-0000a2f7		4	0	NO ANSWER	Dial	1791152814.84437	1791152784.84385
2026-10-04 19:26:54	83996344664	1721	PJSIP/1721-0000a305		4	0	NO ANSWER	Dial	1791152814.84441	1791152784.84385
2026-10-04 19:26:54	83996344664	1718	PJSIP/1718-0000a300		4	0	NO ANSWER	Dial	1791152814.84445	1791152784.84385
2026-10-04 19:26:54	83996344664	1717	PJSIP/1717-0000a2ff		5	0	NO ANSWER	Dial	1791152814.84404	1791152784.84385
2026-10-04 19:26:54	83996344664	1728	PJSIP/1728-0000a304		5	0	NO ANSWER	Dial	1791152814.84390	1791152784.84385
2026-10-04 19:26:54	83996344664	1703	PJSIP/1703-0000a303		239	234	ANSWERED	Dial	1791152814.84408	1791152784.84385
2026-10-04 19:26:54	83996344664	1500	Local/1600@from-internal-xfer-00005359;1	8335121500	5	5	ANSWERED	Dial	1791152784.84385	1791152784.84385
2026-10-04 19:26:56	1703	1600			2	2	ANSWERED		1791152814.84387	1791152784.84385
2026-10-04 19:26:59	83996344664	1500	Local/1703@from-queue-00005363;1	8335121500	234	234	ANSWERED	Dial	1791152784.84385	1791152784.84385
2026-10-04 19:37:30	999624577	1500	PJSIP/1457-0000a3a1	8335121500	1	0	NO ANSWER	Dial	1791153450.85012	1791153450.85012
2026-10-04 19:38:18	1602	1500	PJSIP/1290-0000a3bf		20	0	NO ANSWER	Dial	1791153498.85098	1791153498.85098
2026-10-04 19:38:39	1602	1500	PJSIP/1457-0000a3c8		14	10	ANSWERED	Dial	1791153498.85098	1791153498.85098
2026-10-04 20:00:53	83991834798	1500	PJSIP/1286-0000a51b	8335121500	5	0	ANSWERED	Dial	1791154853.86174	1791154853.86174
2026-10-04 20:00:59	83991834798	1500	PJSIP/1456-0000a51e	8335121500	18	18	ANSWERED	Dial	1791154853.86174	1791154853.86174
2026-10-04 20:09:33	8335121548	35121500	PJSIP/Brisa-0000a57d		35	28	ANSWERED	Dial	1791155373.86496	1791155373.86496
2026-10-04 20:09:33	8335121548	1500	PJSIP/1456-0000a57f	8335121500	34	28	ANSWERED	Dial	1791155373.86498	1791155373.86498
2026-10-04 20:55:37	986663293	1500	PJSIP/1457-0000a805	8335121500	20	0	NO ANSWER	Dial	1791158137.89048	1791158137.89048
2026-10-04 20:55:58	986663293	1500	PJSIP/1291-0000a806	8335121500	8	0	NO ANSWER	Dial	1791158137.89048	1791158137.89048
2026-10-04 20:56:20	8335121642	35121500	PJSIP/Brisa-0000a808		27	0	NO ANSWER	Dial	1791158180.89051	1791158180.89051
2026-10-04 20:56:20	8335121642	1500	PJSIP/1456-0000a80a	8335121500	20	0	NO ANSWER	Dial	1791158180.89053	1791158180.89053
2026-10-04 20:56:41	8335121642	1500	PJSIP/1457-0000a80b	8335121500	6	0	NO ANSWER	Dial	1791158180.89053	1791158180.89053
2026-10-04 22:13:17	83999750103	1500	PJSIP/1286-0000a982	8335121500	20	0	NO ANSWER	Dial	1791162797.90605	1791162797.90605
2026-10-04 22:13:38	83999750103	1500	PJSIP/1291-0000a983	8335121500	14	0	NO ANSWER	Dial	1791162797.90605	1791162797.90605
2026-10-04 22:50:46	8335121529	35121500	PJSIP/Brisa-0000a9a9		20	0	NO ANSWER	Dial	1791165046.90812	1791165046.90812
2026-10-04 22:50:46	8335121529	1500	PJSIP/1457-0000a9ab	8335121500	20	0	NO ANSWER	Dial	1791165046.90814	1791165046.90814
2026-10-04 22:51:07	8335121529	1500	PJSIP/1291-0000a9ac	8335121500	0	0	NO ANSWER	Dial	1791165046.90814	1791165046.90814
2026-10-05 07:11:50	83986124293	1500	PJSIP/1291-0000a9e0	8335121500	20	0	NO ANSWER	Dial	1791195110.91091	1791195110.91091
2026-10-05 07:12:11	83986124293	1500	PJSIP/1286-0000a9e1	8335121500	6	0	NO ANSWER	Dial	1791195110.91091	1791195110.91091
2026-10-05 07:33:22	83981033938	1500	PJSIP/1286-0000aa04	8335121500	20	0	NO ANSWER	Dial	1791196402.91127	1791196402.91127
2026-10-05 07:33:43	83981033938	1500	PJSIP/1456-0000aa05	8335121500	20	0	NO ANSWER	Dial	1791196402.91127	1791196402.91127
2026-10-05 07:34:03	83981033938	1500	PJSIP/1290-0000aa07	8335121500	11	0	NO ANSWER	Dial	1791196402.91127	1791196402.91127
2026-10-05 07:40:13	988316103	1500	PJSIP/1457-0000aa15	8335121500	20	0	NO ANSWER	Dial	1791196813.91144	1791196813.91144
2026-10-05 07:40:33	988316103	1500	PJSIP/1290-0000aa16	8335121500	4	0	NO ANSWER	Dial	1791196813.91144	1791196813.91144
2026-10-05 08:07:21	83991275810	1500	PJSIP/1456-0000aa6a	8335121500	20	0	NO ANSWER	Dial	1791198441.91229	1791198441.91229
2026-10-05 08:07:42	83991275810	1500	PJSIP/1291-0000aa6b	8335121500	20	0	NO ANSWER	Dial	1791198441.91229	1791198441.91229
2026-10-05 08:08:02	83991275810	1500	PJSIP/1290-0000aa6c	8335121500	18	0	NO ANSWER	Dial	1791198441.91229	1791198441.91229
2026-10-05 08:08:30	8329890160	1500	PJSIP/1456-0000aa70	8335121500	8	0	ANSWERED	Dial	1791198510.91235	1791198510.91235
2026-10-05 08:08:38	8329890160	1500	PJSIP/1454-0000aa77	8335121500	13	13	ANSWERED	Dial	1791198510.91235	1791198510.91235
2026-10-05 08:08:34	83991275810	1500	PJSIP/1457-0000aa76	8335121500	10	0	ANSWERED	Dial	1791198514.91241	1791198514.91241
2026-10-05 08:08:44	83991275810	1500	PJSIP/1291-0000aa78	8335121500	101	101	ANSWERED	Dial	1791198514.91241	1791198514.91241
2026-10-05 08:30:36	83993646654	1500	PJSIP/1291-0000aacb	8335121500	7	0	ANSWERED	Dial	1791199836.91326	1791199836.91326
2026-10-05 08:30:44	83993646654	1500	PJSIP/1454-0000aacc	8335121500	45	45	ANSWERED	Dial	1791199836.91326	1791199836.91326
2026-10-05 08:31:45	83993646654	1500	PJSIP/1291-0000aad2	8335121500	5	0	ANSWERED	Dial	1791199905.91333	1791199905.91333
2026-10-05 08:31:50	83993646654	1500	PJSIP/1454-0000aad3	8335121500	21	21	ANSWERED	Dial	1791199905.91333	1791199905.91333
2026-10-05 08:43:21	83988173013	1500	PJSIP/1457-0000ab22	8335121500	9	0	ANSWERED	Dial	1791200601.91419	1791200601.91419
2026-10-05 08:43:31	83988173013	1500	PJSIP/1454-0000ab23	8335121500	192	192	ANSWERED	Dial	1791200601.91419	1791200601.91419
2026-10-05 08:56:01	62982759756	1500	PJSIP/1457-0000ab5f	8335121500	10	0	ANSWERED	Dial	1791201361.91482	1791201361.91482
2026-10-05 08:56:12	62982759756	1500	PJSIP/1454-0000ab60	8335121500	11	11	ANSWERED	Dial	1791201361.91482	1791201361.91482
2026-10-05 09:14:18	83988866613	1500	PJSIP/1457-0000aba4	8335121500	8	0	ANSWERED	Dial	1791202458.91551	1791202458.91551
2026-10-05 09:14:26	83988866613	1500	PJSIP/1454-0000aba7	8335121500	84	84	ANSWERED	Dial	1791202458.91551	1791202458.91551
2026-10-05 09:21:40	83986102332	1500	PJSIP/1290-0000abe9	8335121500	20	0	NO ANSWER	Dial	1791202900.91620	1791202900.91620
2026-10-05 09:22:00	83986102332	1500	PJSIP/1286-0000abea	8335121500	15	0	ANSWERED	Dial	1791202900.91620	1791202900.91620
2026-10-05 09:22:15	83986102332	1500	PJSIP/1326-0000abeb	8335121500	46	46	ANSWERED	Dial	1791202900.91620	1791202900.91620
2026-10-05 09:30:16	83986254081	1500	PJSIP/1286-0000ac18	8335121500	20	0	NO ANSWER	Dial	1791203416.91667	1791203416.91667
2026-10-05 09:30:37	83986254081	1500	PJSIP/1291-0000ac1a	8335121500	88	85	ANSWERED	Dial	1791203416.91667	1791203416.91667
2026-10-05 09:34:15	83986717955	1500	PJSIP/1286-0000ac2c	8335121500	20	0	NO ANSWER	Dial	1791203655.91689	1791203655.91689
2026-10-05 09:34:35	83986717955	1500	PJSIP/1456-0000ac34	8335121500	20	0	NO ANSWER	Dial	1791203655.91689	1791203655.91689
2026-10-05 09:34:55	83986717955	1500	PJSIP/1291-0000ac35	8335121500	2	0	BUSY	Dial	1791203655.91689	1791203655.91689
2026-10-05 09:34:58	83986717955	1500	PJSIP/1290-0000ac36	8335121500	6	0	NO ANSWER	Dial	1791203655.91689	1791203655.91689
2026-10-05 09:42:55	83999199990	1500	PJSIP/1286-0000ac7d	8335121500	20	0	NO ANSWER	Dial	1791204175.91770	1791204175.91770
2026-10-05 09:43:15	83999199990	1500	PJSIP/1291-0000ac7f	8335121500	20	0	NO ANSWER	Dial	1791204175.91770	1791204175.91770
2026-10-05 09:43:35	83999199990	1500	PJSIP/1457-0000ac81	8335121500	8	0	ANSWERED	Dial	1791204175.91770	1791204175.91770
2026-10-05 09:43:44	83999199990	1500	PJSIP/1326-0000ac83	8335121500	137	137	ANSWERED	Dial	1791204175.91770	1791204175.91770
2026-10-05 09:52:38	996908525	1500	PJSIP/1456-0000acc7	8335121500	14	0	ANSWERED	Dial	1791204758.91850	1791204758.91850
2026-10-05 09:52:53	996908525	1500	PJSIP/1324-0000accc	8335121500	471	471	ANSWERED	Dial	1791204758.91850	1791204758.91850
2026-10-05 09:56:25	83994080663	1500	PJSIP/1287-0000ace9	8335121500	20	0	NO ANSWER	Dial	1791204985.91884	1791204985.91884
2026-10-05 09:56:45	83994080663	1500	PJSIP/1290-0000acee	8335121500	20	0	NO ANSWER	Dial	1791204985.91884	1791204985.91884
2026-10-05 09:57:05	83994080663	1500	PJSIP/1286-0000acef	8335121500	5	0	NO ANSWER	Dial	1791204985.91884	1791204985.91884
2026-10-05 09:57:15	83994080663	1500	PJSIP/1457-0000acf1	8335121500	16	0	NO ANSWER	Dial	1791205035.91892	1791205035.91892
2026-10-05 10:01:04	83988873627	1500	PJSIP/1286-0000ad04	8335121500	10	0	ANSWERED	Dial	1791205264.91911	1791205264.91911
2026-10-05 10:01:14	83988873627	1500	PJSIP/1324-0000ad09	8335121500	72	72	ANSWERED	Dial	1791205264.91911	1791205264.91911
2026-10-05 10:09:43	83988327441	1500	PJSIP/1287-0000ad40	8335121500	20	0	NO ANSWER	Dial	1791205783.91971	1791205783.91971
2026-10-05 10:10:04	83988327441	1500	PJSIP/1291-0000ad45	8335121500	8	0	ANSWERED	Dial	1791205783.91971	1791205783.91971
2026-10-05 10:10:12	83988327441	1500	PJSIP/1454-0000ad48	8335121500	78	78	ANSWERED	Dial	1791205783.91971	1791205783.91971
2026-10-05 10:10:24	83988878726	1500	PJSIP/1456-0000ad4a	8335121500	15	0	ANSWERED	Dial	1791205824.91981	1791205824.91981
2026-10-05 10:10:40	83988878726	1500	PJSIP/1324-0000ad4d	8335121500	718	718	ANSWERED	Dial	1791205824.91981	1791205824.91981
2026-10-05 10:14:42	83996814052	1500	PJSIP/1287-0000ad62	8335121500	20	0	NO ANSWER	Dial	1791206082.92005	1791206082.92005
2026-10-05 10:15:02	83996814052	1500	PJSIP/1291-0000ad63	8335121500	13	0	ANSWERED	Dial	1791206082.92005	1791206082.92005
2026-10-05 10:15:15	83996814052	1500	PJSIP/1454-0000ad64	8335121500	1	1	ANSWERED	Dial	1791206082.92005	1791206082.92005
2026-10-05 10:18:55	996814052	1500	PJSIP/1290-0000ad94	8335121500	20	0	NO ANSWER	Dial	1791206335.92055	1791206335.92055
2026-10-05 10:19:16	996814052	1500	PJSIP/1456-0000ad9b	8335121500	11	0	ANSWERED	Dial	1791206335.92055	1791206335.92055
2026-10-05 10:19:27	996814052	1500	PJSIP/1454-0000ad9c	8335121500	6	6	ANSWERED	Dial	1791206335.92055	1791206335.92055
2026-10-05 10:32:47	83988616453	1500	PJSIP/1457-0000ae17	8335121500	16	0	ANSWERED	Dial	1791207167.92186	1791207167.92186
2026-10-05 10:33:04	83988616453	1500	PJSIP/1454-0000ae19	8335121500	57	57	ANSWERED	Dial	1791207167.92186	1791207167.92186
2026-10-05 10:39:51	83999383893	1500	PJSIP/1290-0000ae45	8335121500	20	0	NO ANSWER	Dial	1791207591.92232	1791207591.92232
2026-10-05 10:40:11	83999383893	1500	PJSIP/1456-0000ae48	8335121500	20	0	NO ANSWER	Dial	1791207591.92232	1791207591.92232
2026-10-05 10:40:31	83999383893	1500	PJSIP/1457-0000ae49	8335121500	7	0	ANSWERED	Dial	1791207591.92232	1791207591.92232
2026-10-05 10:40:39	83999383893	1500	PJSIP/1454-0000ae4e	8335121500	57	57	ANSWERED	Dial	1791207591.92232	1791207591.92232
2026-10-05 10:56:36	83986906723	1500	PJSIP/1457-0000aec4	8335121500	20	0	NO ANSWER	Dial	1791208596.92359	1791208596.92359
2026-10-05 10:56:56	83986906723	1500	PJSIP/1286-0000aec9	8335121500	4	0	ANSWERED	Dial	1791208596.92359	1791208596.92359
2026-10-05 10:57:01	83986906723	1500	PJSIP/1326-0000aeca	8335121500	80	80	ANSWERED	Dial	1791208596.92359	1791208596.92359
2026-10-05 11:02:09	999772950	1500	PJSIP/1290-0000aef6	8335121500	20	0	NO ANSWER	Dial	1791208929.92409	1791208929.92409
2026-10-05 11:02:29	999772950	1500	PJSIP/1287-0000aef7	8335121500	1	0	ANSWERED	Dial	1791208929.92409	1791208929.92409
2026-10-05 11:02:30	999772950	1500	PJSIP/1324-0000aef8	8335121500	334	334	ANSWERED	Dial	1791208929.92409	1791208929.92409
2026-10-05 11:19:09	83988092287	1500	PJSIP/1286-0000af68	8335121500	16	0	ANSWERED	Dial	1791209949.92523	1791209949.92523
2026-10-05 11:19:26	83988092287	1500	PJSIP/1454-0000af69	8335121500	6	6	ANSWERED	Dial	1791209949.92523	1791209949.92523
2026-10-05 11:19:33	83988540667	1500	PJSIP/1287-0000af6b	8335121500	5	0	ANSWERED	Dial	1791209973.92526	1791209973.92526
2026-10-05 11:19:39	83988540667	1500	PJSIP/1454-0000af6c	8335121500	42	42	ANSWERED	Dial	1791209973.92526	1791209973.92526
2026-10-05 11:36:16	83921606024	1500	PJSIP/1456-0000afcf	8335121500	8	0	ANSWERED	Dial	1791210976.92626	1791210976.92626
2026-10-05 11:36:24	83921606024	1500	PJSIP/1324-0000afd7	8335121500	187	187	ANSWERED	Dial	1791210976.92626	1791210976.92626
2026-10-05 11:36:55	83988322190	1500	PJSIP/1287-0000afdb	8335121500	79	59	ANSWERED	Dial	1791211015.92638	1791211015.92638
2026-10-05 12:03:55	83988219691	1500	PJSIP/1291-0000b083	8335121500	4	0	ANSWERED	Dial	1791212635.92806	1791212635.92806
2026-10-05 12:04:00	83988219691	1500	PJSIP/1454-0000b087	8335121500	37	37	ANSWERED	Dial	1791212635.92806	1791212635.92806
2026-10-05 12:10:04	986307556	1500	PJSIP/1457-0000b09b	8335121500	7	0	ANSWERED	Dial	1791213004.92830	1791213004.92830
2026-10-05 12:10:12	986307556	1500	PJSIP/1454-0000b09c	8335121500	58	58	ANSWERED	Dial	1791213004.92830	1791213004.92830
2026-10-05 12:16:49	83987672928	1500	PJSIP/1291-0000b0da	8335121500	19	0	ANSWERED	Dial	1791213409.92893	1791213409.92893
2026-10-05 12:17:08	83987672928	1500	PJSIP/1323-0000b0db	8335121500	28	28	ANSWERED	Dial	1791213409.92893	1791213409.92893
2026-10-05 12:25:38	83988406029	1500	PJSIP/1457-0000b11f	8335121500	10	0	ANSWERED	Dial	1791213938.92962	1791213938.92962
2026-10-05 12:25:49	83988406029	1500	PJSIP/1323-0000b120	8335121500	52	52	ANSWERED	Dial	1791213938.92962	1791213938.92962
2026-10-05 12:52:13	83996751460	1500	PJSIP/1287-0000b1c5	8335121500	70	60	ANSWERED	Dial	1791215533.93128	1791215533.93128
2026-10-05 12:56:42	83921516909	1500	PJSIP/1290-0000b1d8	8335121500	20	0	NO ANSWER	Dial	1791215802.93147	1791215802.93147
2026-10-05 12:57:02	83921516909	1500	PJSIP/1291-0000b1da	8335121500	19	0	ANSWERED	Dial	1791215802.93147	1791215802.93147
2026-10-05 12:57:22	83921516909	1500	PJSIP/1324-0000b1db	8335121500	6	6	ANSWERED	Dial	1791215802.93147	1791215802.93147
2026-10-05 12:59:50	83987620065	1500	PJSIP/1290-0000b1ee	8335121500	20	0	NO ANSWER	Dial	1791215990.93169	1791215990.93169
2026-10-05 13:00:10	83987620065	1500	PJSIP/1287-0000b1ef	8335121500	10	0	ANSWERED	Dial	1791215990.93169	1791215990.93169
2026-10-05 13:00:21	83987620065	1500	PJSIP/1324-0000b1f4	8335121500	134	134	ANSWERED	Dial	1791215990.93169	1791215990.93169
2026-10-05 13:38:43	83993987373	1500	PJSIP/1457-0000b2ee	8335121500	8	0	ANSWERED	Dial	1791218323.93435	1791218323.93435
2026-10-05 13:38:51	83993987373	1500	PJSIP/1324-0000b2ef	8335121500	140	140	ANSWERED	Dial	1791218323.93435	1791218323.93435
2026-10-05 13:38:53	83989101279	1500	PJSIP/1291-0000b2f1	8335121500	20	0	NO ANSWER	Dial	1791218333.93438	1791218333.93438
2026-10-05 13:39:13	83989101279	1500	PJSIP/1286-0000b2f2	8335121500	18	0	NO ANSWER	Dial	1791218333.93438	1791218333.93438
2026-10-05 13:56:33	83982312030	1500	PJSIP/1456-0000b37f	8335121500	20	0	NO ANSWER	Dial	1791219393.93580	1791219393.93580
2026-10-05 13:56:54	83982312030	1500	PJSIP/1287-0000b380	8335121500	20	0	NO ANSWER	Dial	1791219393.93580	1791219393.93580
2026-10-05 13:57:14	83982312030	1500	PJSIP/1457-0000b382	8335121500	8	0	NO ANSWER	Dial	1791219393.93580	1791219393.93580
2026-10-05 14:05:57	83998528146	1500	PJSIP/1286-0000b3b4	8335121500	19	0	ANSWERED	Dial	1791219957.93633	1791219957.93633
2026-10-05 14:06:16	83998528146	1500	PJSIP/1425-0000b3b5	8335121500	173	173	ANSWERED	Dial	1791219957.93633	1791219957.93633
2026-10-05 14:17:38	83986130683	1500	PJSIP/1286-0000b431	8335121500	9	0	ANSWERED	Dial	1791220658.93764	1791220658.93764
2026-10-05 14:17:47	83986130683	1500	PJSIP/1323-0000b436	8335121500	19	19	ANSWERED	Dial	1791220658.93764	1791220658.93764
2026-10-05 15:07:25	83988001253	1500	PJSIP/1456-0000b5ad	8335121500	67	62	ANSWERED	Dial	1791223645.94148	1791223645.94148
2026-10-05 15:09:38	83987280372	1500	PJSIP/1286-0000b5c8	8335121500	18	0	ANSWERED	Dial	1791223778.94175	1791223778.94175
2026-10-05 15:09:56	83987280372	1500	PJSIP/1456-0000b5c9	8335121500	76	76	ANSWERED	Dial	1791223778.94175	1791223778.94175
2026-10-05 15:51:07	83988507044	1500	PJSIP/1286-0000b6ce	8335121500	7	0	ANSWERED	Dial	1791226267.94439	1791226267.94439
2026-10-05 15:51:15	83988507044	1500	PJSIP/1456-0000b6cf	8335121500	10	10	ANSWERED	Dial	1791226267.94439	1791226267.94439
2026-10-05 16:30:46	83998372058	1500	PJSIP/1290-0000b79c	8335121500	6	0	NO ANSWER	Dial	1791228646.94645	1791228646.94645
2026-10-05 16:34:40	83991588491	1500	PJSIP/1290-0000b7a7	8335121500	6	0	NO ANSWER	Dial	1791228880.94656	1791228880.94656
2026-10-05 17:09:19	83986587598	1500	PJSIP/1286-0000b829	8335121500	20	0	NO ANSWER	Dial	1791230959.94796	1791230959.94796
2026-10-05 17:09:40	83986587598	1500	PJSIP/1456-0000b82a	8335121500	20	0	NO ANSWER	Dial	1791230959.94796	1791230959.94796
2026-10-05 17:10:00	83986587598	1500	PJSIP/1291-0000b82c	8335121500	20	0	NO ANSWER	Dial	1791230959.94796	1791230959.94796
2026-10-06 07:53:30	83987267121	1500	PJSIP/1457-0000b98c	8335121500	20	0	NO ANSWER	Dial	1791284010.95155	1791284010.95155
2026-10-06 07:53:50	83987267121	1500	PJSIP/1290-0000b991	8335121500	20	0	NO ANSWER	Dial	1791284010.95155	1791284010.95155
2026-10-06 07:54:11	83987267121	1500	PJSIP/1456-0000b992	8335121500	51	48	ANSWERED	Dial	1791284010.95155	1791284010.95155
2026-10-06 08:10:42	83999199990	1500	PJSIP/1286-0000ba04	8335121500	20	0	NO ANSWER	Dial	1791285042.95275	1791285042.95275
2026-10-06 08:11:03	83999199990	1500	PJSIP/1290-0000ba09	8335121500	20	0	NO ANSWER	Dial	1791285042.95275	1791285042.95275
2026-10-06 08:11:23	83999199990	1500	PJSIP/1291-0000ba0a	8335121500	31	23	ANSWERED	Dial	1791285042.95275	1791285042.95275
2026-10-06 08:12:10	83991839258	1500	PJSIP/1456-0000ba15	8335121500	239	232	ANSWERED	Dial	1791285130.95292	1791285130.95292
2026-10-06 08:51:17	83991564006	1500	PJSIP/1457-0000bb22	8335121500	41	38	ANSWERED	Dial	1791287477.95565	1791287477.95565
2026-10-06 08:55:23	83988585096	1500	PJSIP/1457-0000bb5b	8335121500	38	34	ANSWERED	Dial	1791287723.95622	1791287723.95622
2026-10-06 09:05:43	83986282472	1500	PJSIP/1456-0000bbce	8335121500	276	273	ANSWERED	Dial	1791288343.95741	1791288343.95741
2026-10-06 09:09:17	83988878726	1500	PJSIP/1291-0000bbef	8335121500	8	0	ANSWERED	Dial	1791288557.95774	1791288557.95774
2026-10-06 09:09:26	83988878726	1500	PJSIP/1454-0000bbf4	8335121500	366	366	ANSWERED	Dial	1791288557.95774	1791288557.95774
2026-10-06 10:55:27	31997721968	1500	PJSIP/1290-0000bf7c	8335121500	20	0	NO ANSWER	Dial	1791294927.96701	1791294927.96701
2026-10-06 10:55:47	31997721968	1500	PJSIP/1291-0000bf7e	8335121500	20	0	NO ANSWER	Dial	1791294927.96701	1791294927.96701
2026-10-06 10:56:07	31997721968	1500	PJSIP/1287-0000bf80	8335121500	20	0	NO ANSWER	Dial	1791294927.96701	1791294927.96701
2026-10-06 10:56:28	31997721968	1500	PJSIP/1456-0000bf85	8335121500	20	0	NO ANSWER	Dial	1791294927.96701	1791294927.96701
2026-10-06 10:56:48	31997721968	1500	PJSIP/1457-0000bf86	8335121500	1	0	ANSWERED	Dial	1791294927.96701	1791294927.96701
2026-10-06 10:56:49	31997721968	1500	PJSIP/1325-0000bf87	8335121500	94	94	ANSWERED	Dial	1791294927.96701	1791294927.96701
2026-10-06 10:56:49	31997721968	1500	Local/1223@from-internal-xfer-00005d21;1	8335121500	98	98	ANSWERED	Dial	1791294927.96701	1791294927.96701
2026-10-06 10:58:23	1325	s	Local/1223@from-internal-xfer-00005d21;1		1	1	ANSWERED	ExecIf	1791295009.96713	1791294927.96701
2026-10-06 10:58:23	31997721968	1223	PJSIP/1223-0000bf91		3	0	ANSWERED	Dial	1791295103.96724	1791294927.96701
2026-10-06 10:58:25	1223	1223			1	0	ANSWERED		1791295103.96723	1791294927.96701
2026-10-06 10:58:27	31997721968	1500	PJSIP/1223-0000bf91	8335121500	85	85	ANSWERED	Dial	1791294927.96701	1791294927.96701
2026-10-06 11:28:38	83999605038	1500	PJSIP/1457-0000c093	8335121500	12	10	ANSWERED	Dial	1791296918.96986	1791296918.96986
2026-10-06 11:32:28	83993625734	1500	PJSIP/1286-0000c0ab	8335121500	364	355	ANSWERED	Dial	1791297148.97010	1791297148.97010
2026-10-06 11:43:44	83987981110	1500	PJSIP/1457-0000c0ff	8335121500	70	65	ANSWERED	Dial	1791297824.97094	1791297824.97094
2026-10-06 12:48:58	83987702304	1500	PJSIP/1291-0000c281	8335121500	5	0	NO ANSWER	Dial	1791301738.97486	1791301738.97486
2026-10-06 12:49:17	83987702304	1500	PJSIP/1286-0000c284	8335121500	741	734	ANSWERED	Dial	1791301757.97489	1791301757.97489
2026-10-06 13:05:02	999424349	1500	PJSIP/1457-0000c2db	8335121500	21	19	ANSWERED	Dial	1791302702.97578	1791302702.97578
2026-10-06 13:18:35	83991588491	1500	PJSIP/1290-0000c32a	8335121500	20	0	NO ANSWER	Dial	1791303515.97657	1791303515.97657
2026-10-06 13:18:55	83991588491	1500	PJSIP/1291-0000c32e	8335121500	12	0	ANSWERED	Dial	1791303515.97657	1791303515.97657
2026-10-06 13:19:07	83991588491	1500	PJSIP/1454-0000c32f	8335121500	73	73	ANSWERED	Dial	1791303515.97657	1791303515.97657
2026-10-06 13:27:07	83988870651	1500	PJSIP/1457-0000c35e	8335121500	31	28	ANSWERED	Dial	1791304027.97709	1791304027.97709
2026-10-06 13:29:24	83994173333	1500	PJSIP/1457-0000c36c	8335121500	2	0	ANSWERED	Dial	1791304164.97723	1791304164.97723
2026-10-06 13:29:27	83994173333	1500	PJSIP/1291-0000c370	8335121500	7	0	ANSWERED	Dial	1791304167.97727	1791304167.97727
2026-10-06 13:29:34	83994173333	1500	PJSIP/1454-0000c371	8335121500	86	86	ANSWERED	Dial	1791304167.97727	1791304167.97727
2026-10-06 14:09:17	83986000369	1500	PJSIP/1290-0000c447	8335121500	20	0	NO ANSWER	Dial	1791306557.97954	1791306557.97954
2026-10-06 14:09:37	83986000369	1500	PJSIP/1291-0000c44d	8335121500	9	0	ANSWERED	Dial	1791306557.97954	1791306557.97954
2026-10-06 14:09:46	83986000369	1500	PJSIP/1456-0000c44e	8335121500	164	164	ANSWERED	Dial	1791306557.97954	1791306557.97954
2026-10-06 14:22:46	61999825464	1500	PJSIP/1287-0000c487	8335121500	10	0	ANSWERED	Dial	1791307366.98018	1791307366.98018
2026-10-06 14:22:57	61999825464	1500	PJSIP/1456-0000c489	8335121500	60	60	ANSWERED	Dial	1791307366.98018	1791307366.98018
2026-10-06 14:28:42	83982082214	1500	PJSIP/1286-0000c49e	8335121500	443	438	ANSWERED	Dial	1791307722.98041	1791307722.98041
2026-10-06 14:36:27	83987887978	1500	PJSIP/1286-0000c4c4	8335121500	351	337	ANSWERED	Dial	1791308187.98079	1791308187.98079
2026-10-06 14:40:00	83994058152	1500	PJSIP/1291-0000c4cd	8335121500	7	0	ANSWERED	Dial	1791308400.98088	1791308400.98088
2026-10-06 14:40:08	83994058152	1500	PJSIP/1456-0000c4ce	8335121500	91	91	ANSWERED	Dial	1791308400.98088	1791308400.98088
2026-10-06 15:14:21	996396257	1500	PJSIP/1287-0000c573	8335121500	20	0	NO ANSWER	Dial	1791310461.98256	1791310461.98256
2026-10-06 15:14:41	996396257	1500	PJSIP/1286-0000c574	8335121500	151	145	ANSWERED	Dial	1791310461.98256	1791310461.98256
2026-10-06 15:15:24	996067750	1500	PJSIP/1456-0000c576	8335121500	20	0	NO ANSWER	Dial	1791310524.98259	1791310524.98259
2026-10-06 15:15:45	996067750	1500	PJSIP/1291-0000c57a	8335121500	7	0	ANSWERED	Dial	1791310524.98259	1791310524.98259
2026-10-06 15:15:52	996067750	1500	PJSIP/1325-0000c57b	8335121500	0	0	ANSWERED	Dial	1791310524.98259	1791310524.98259
2026-10-06 15:16:32	83982312030	1500	PJSIP/1456-0000c57f	8335121500	20	0	NO ANSWER	Dial	1791310592.98268	1791310592.98268
2026-10-06 15:16:53	83982312030	1500	PJSIP/1286-0000c582	8335121500	20	0	NO ANSWER	Dial	1791310592.98268	1791310592.98268
2026-10-06 15:17:13	83982312030	1500	PJSIP/1291-0000c583	8335121500	8	0	NO ANSWER	Dial	1791310592.98268	1791310592.98268
2026-10-06 15:32:37	83982312030	1500	PJSIP/1286-0000c5b8	8335121500	55	50	ANSWERED	Dial	1791311557.98325	1791311557.98325
2026-10-06 16:10:09	81994950496	1500	PJSIP/1291-0000c62c	8335121500	9	0	ANSWERED	Dial	1791313809.98441	1791313809.98441
2026-10-06 16:10:18	81994950496	1500	PJSIP/1325-0000c62d	8335121500	44	44	ANSWERED	Dial	1791313809.98441	1791313809.98441
2026-10-06 16:25:34	83998016966	1500	PJSIP/1287-0000c64f	8335121500	10	0	ANSWERED	Dial	1791314734.98476	1791314734.98476
2026-10-06 16:25:45	83998016966	1500	PJSIP/1325-0000c650	8335121500	65	65	ANSWERED	Dial	1791314734.98476	1791314734.98476
2026-10-06 17:17:16	83999611885	1500	PJSIP/1291-0000c69d	8335121500	6	0	ANSWERED	Dial	1791317836.98554	1791317836.98554
2026-10-06 17:17:23	83999611885	1500	PJSIP/1323-0000c69e	8335121500	80	80	ANSWERED	Dial	1791317836.98554	1791317836.98554
2026-10-06 20:15:57	83993628249	1500	PJSIP/1287-0000c6c5	8335121500	2	0	NO ANSWER	Dial	1791328557.98594	1791328557.98594
